order_id,customer_id,order_date,status,order_value
50001,2560,2026-04-01,delivered,90
50002,1063,2026-04-01,cancelled,80
50003,1768,2026-04-01,delivered,90
50004,2810,2026-04-01,delivered,150
50005,2917,2026-04-01,delivered,140
50006,2284,2026-04-01,delivered,180
50007,1138,2026-04-01,delivered,180
50008,1524,2026-04-01,delivered,60
50009,2455,2026-04-01,delivered,270
50010,1467,2026-04-01,delivered,180
50011,2934,2026-04-01,delivered,360
50012,3098,2026-04-01,delivered,90
50013,2781,2026-04-01,delivered,160
50014,2622,2026-04-01,delivered,120
50015,2701,2026-04-01,cancelled,260
50016,1842,2026-04-01,delivered,200
50017,2192,2026-04-01,delivered,210
50018,2279,2026-04-01,delivered,260
50019,2647,2026-04-01,delivered,240
50020,1952,2026-04-01,delivered,150
50021,1774,2026-04-01,delivered,130
50022,1981,2026-04-01,delivered,270
50023,1836,2026-04-01,delivered,210
50024,2481,2026-04-01,delivered,50
50025,1539,2026-04-01,delivered,260
50026,1032,2026-04-01,delivered,130
50027,3112,2026-04-01,delivered,250
50028,2023,2026-04-01,cancelled,30
50029,2957,2026-04-01,delivered,30
50030,2925,2026-04-01,delivered,230
50031,1761,2026-04-01,delivered,220
50032,1718,2026-04-01,delivered,130
50033,1936,2026-04-01,delivered,110
50034,2431,2026-04-01,delivered,220
50035,1298,2026-04-01,delivered,220
50036,1938,2026-04-01,delivered,170
50037,2089,2026-04-01,delivered,90
50038,2516,2026-04-01,delivered,130
50039,3041,2026-04-01,delivered,40
50040,2703,2026-04-01,delivered,40
50041,2383,2026-04-01,delivered,110
50042,2816,2026-04-01,delivered,90
50043,1908,2026-04-01,delivered,100
50044,1399,2026-04-02,delivered,50
50045,2698,2026-04-02,delivered,60
50046,1621,2026-04-02,cancelled,300
50047,1384,2026-04-02,delivered,60
50048,2261,2026-04-02,delivered,320
50049,3081,2026-04-02,delivered,60
50050,1040,2026-04-02,delivered,180
50051,1052,2026-04-02,delivered,420
50052,2934,2026-04-02,delivered,290
50053,3056,2026-04-02,cancelled,180
50054,1428,2026-04-02,delivered,140
50055,1017,2026-04-02,delivered,90
50056,2450,2026-04-02,delivered,90
50057,3078,2026-04-02,delivered,30
50058,1524,2026-04-02,delivered,380
50059,1922,2026-04-02,delivered,190
50060,1992,2026-04-02,delivered,60
50061,1818,2026-04-02,cancelled,190
50062,1813,2026-04-02,delivered,190
50063,2653,2026-04-02,delivered,240
50064,1902,2026-04-02,delivered,340
50065,1968,2026-04-02,delivered,210
50066,1642,2026-04-02,delivered,430
50067,2734,2026-04-02,delivered,280
50068,2822,2026-04-02,delivered,240
50069,1308,2026-04-02,delivered,240
50070,1885,2026-04-02,delivered,180
50071,1140,2026-04-02,delivered,250
50072,3045,2026-04-02,delivered,40
50073,2729,2026-04-02,delivered,60
50074,2129,2026-04-02,delivered,210
50075,3025,2026-04-02,delivered,90
50076,3010,2026-04-02,delivered,50
50077,3168,2026-04-02,delivered,150
50078,2744,2026-04-02,delivered,180
50079,1319,2026-04-02,delivered,120
50080,3093,2026-04-02,delivered,90
50081,1920,2026-04-02,delivered,230
50082,1910,2026-04-02,delivered,90
50083,2344,2026-04-02,delivered,230
50084,2401,2026-04-02,delivered,80
50085,1965,2026-04-02,delivered,60
50086,3150,2026-04-02,delivered,80
50087,1161,2026-04-02,delivered,30
50088,1803,2026-04-02,delivered,190
50089,1414,2026-04-02,delivered,430
50090,1944,2026-04-02,delivered,150
50091,2447,2026-04-02,delivered,120
50092,1104,2026-04-02,delivered,360
50093,1102,2026-04-02,cancelled,90
50094,1800,2026-04-02,cancelled,170
50095,1087,2026-04-02,delivered,60
50096,2877,2026-04-03,delivered,100
50097,1464,2026-04-03,delivered,360
50098,1328,2026-04-03,delivered,80
50099,2340,2026-04-03,delivered,60
50100,3094,2026-04-03,delivered,210
50101,1498,2026-04-03,delivered,120
50102,2285,2026-04-03,delivered,30
50103,2072,2026-04-03,delivered,110
50104,1857,2026-04-03,delivered,210
50105,1759,2026-04-03,delivered,300
50106,1487,2026-04-03,delivered,90
50107,2473,2026-04-03,cancelled,300
50108,2761,2026-04-03,delivered,80
50109,1106,2026-04-03,delivered,60
50110,1259,2026-04-03,delivered,300
50111,2204,2026-04-03,delivered,280
50112,2936,2026-04-03,delivered,240
50113,2684,2026-04-03,delivered,280
50114,2424,2026-04-03,delivered,390
50115,2558,2026-04-03,delivered,200
50116,2378,2026-04-03,delivered,170
50117,2801,2026-04-03,delivered,390
50118,2580,2026-04-03,delivered,170
50119,2729,2026-04-03,delivered,180
50120,1386,2026-04-03,delivered,300
50121,2858,2026-04-03,delivered,250
50122,1758,2026-04-03,delivered,200
50123,1903,2026-04-03,delivered,80
50124,2902,2026-04-03,delivered,120
50125,1349,2026-04-03,delivered,30
50126,2444,2026-04-03,delivered,280
50127,3201,2026-04-03,delivered,90
50128,2036,2026-04-03,delivered,40
50129,2227,2026-04-03,delivered,80
50130,2212,2026-04-03,delivered,210
50131,2616,2026-04-03,delivered,50
50132,3063,2026-04-04,delivered,420
50133,3213,2026-04-04,delivered,80
50134,3063,2026-04-04,delivered,310
50135,2072,2026-04-04,delivered,260
50136,2441,2026-04-04,delivered,100
50137,3078,2026-04-04,delivered,30
50138,2871,2026-04-04,delivered,140
50139,2604,2026-04-04,delivered,180
50140,2815,2026-04-04,delivered,330
50141,2455,2026-04-04,delivered,70
50142,1661,2026-04-04,delivered,100
50143,2628,2026-04-04,delivered,160
50144,1606,2026-04-04,delivered,190
50145,2322,2026-04-04,delivered,270
50146,1317,2026-04-04,delivered,240
50147,2341,2026-04-04,delivered,360
50148,2774,2026-04-04,delivered,310
50149,1367,2026-04-04,delivered,270
50150,2314,2026-04-04,delivered,310
50151,3085,2026-04-04,delivered,300
50152,2529,2026-04-04,delivered,250
50153,1331,2026-04-04,delivered,240
50154,1396,2026-04-04,delivered,110
50155,2136,2026-04-04,cancelled,90
50156,2320,2026-04-04,delivered,160
50157,2899,2026-04-04,delivered,120
50158,1563,2026-04-04,delivered,130
50159,1990,2026-04-04,delivered,250
50160,1161,2026-04-04,delivered,70
50161,1540,2026-04-04,delivered,50
50162,2984,2026-04-04,delivered,210
50163,2111,2026-04-04,cancelled,70
50164,2428,2026-04-04,delivered,120
50165,1378,2026-04-04,delivered,210
50166,3113,2026-04-04,delivered,180
50167,1714,2026-04-04,delivered,270
50168,3076,2026-04-04,delivered,360
50169,1832,2026-04-04,delivered,180
50170,1013,2026-04-04,cancelled,140
50171,1440,2026-04-05,delivered,120
50172,2053,2026-04-05,delivered,180
50173,2950,2026-04-05,delivered,90
50174,2878,2026-04-05,delivered,270
50175,1299,2026-04-05,delivered,140
50176,3016,2026-04-05,delivered,60
50177,1408,2026-04-05,cancelled,90
50178,3069,2026-04-05,delivered,410
50179,2585,2026-04-05,delivered,60
50180,1429,2026-04-05,delivered,90
50181,1537,2026-04-05,delivered,210
50182,1541,2026-04-05,delivered,360
50183,1768,2026-04-05,delivered,30
50184,1606,2026-04-05,delivered,190
50185,1271,2026-04-05,delivered,290
50186,2121,2026-04-05,delivered,200
50187,1606,2026-04-05,delivered,260
50188,2195,2026-04-05,delivered,150
50189,2175,2026-04-05,delivered,130
50190,1281,2026-04-05,delivered,70
50191,1001,2026-04-05,delivered,70
50192,2965,2026-04-05,delivered,270
50193,1134,2026-04-05,delivered,540
50194,1312,2026-04-05,delivered,150
50195,1176,2026-04-05,delivered,170
50196,1934,2026-04-05,delivered,170
50197,2088,2026-04-05,delivered,140
50198,2146,2026-04-05,delivered,260
50199,2472,2026-04-05,cancelled,30
50200,2379,2026-04-05,delivered,60
50201,1684,2026-04-05,delivered,150
50202,1314,2026-04-05,delivered,50
50203,1947,2026-04-05,delivered,30
50204,1235,2026-04-05,cancelled,100
50205,3165,2026-04-05,delivered,50
50206,2707,2026-04-06,delivered,270
50207,1006,2026-04-06,delivered,180
50208,2455,2026-04-06,delivered,210
50209,2456,2026-04-06,delivered,60
50210,3159,2026-04-06,delivered,210
50211,3056,2026-04-06,delivered,420
50212,3204,2026-04-06,delivered,270
50213,3033,2026-04-06,delivered,180
50214,3208,2026-04-06,delivered,90
50215,2959,2026-04-06,delivered,400
50216,2732,2026-04-06,delivered,90
50217,2330,2026-04-06,delivered,180
50218,2620,2026-04-06,delivered,120
50219,2072,2026-04-06,delivered,60
50220,1585,2026-04-06,cancelled,250
50221,1567,2026-04-06,delivered,190
50222,2961,2026-04-06,cancelled,180
50223,1597,2026-04-06,delivered,310
50224,2374,2026-04-06,delivered,320
50225,1775,2026-04-06,delivered,290
50226,2322,2026-04-06,delivered,230
50227,3045,2026-04-06,delivered,120
50228,2529,2026-04-06,cancelled,180
50229,2528,2026-04-06,delivered,300
50230,1766,2026-04-06,delivered,150
50231,2276,2026-04-06,delivered,330
50232,2136,2026-04-06,delivered,180
50233,1412,2026-04-06,delivered,50
50234,3090,2026-04-06,delivered,210
50235,2293,2026-04-06,delivered,220
50236,2670,2026-04-06,delivered,230
50237,3013,2026-04-06,cancelled,80
50238,2843,2026-04-06,delivered,130
50239,1746,2026-04-06,cancelled,380
50240,1536,2026-04-07,delivered,90
50241,2707,2026-04-07,delivered,30
50242,3160,2026-04-07,delivered,30
50243,3183,2026-04-07,delivered,180
50244,3022,2026-04-07,delivered,180
50245,1408,2026-04-07,delivered,180
50246,3035,2026-04-07,cancelled,210
50247,2523,2026-04-07,delivered,180
50248,2285,2026-04-07,delivered,290
50249,1220,2026-04-07,cancelled,80
50250,2072,2026-04-07,delivered,180
50251,1220,2026-04-07,delivered,70
50252,1900,2026-04-07,delivered,90
50253,2185,2026-04-07,delivered,260
50254,2704,2026-04-07,delivered,260
50255,1146,2026-04-07,delivered,200
50256,1675,2026-04-07,delivered,130
50257,1497,2026-04-07,delivered,290
50258,3074,2026-04-07,delivered,250
50259,2563,2026-04-07,delivered,110
50260,1310,2026-04-07,delivered,560
50261,2264,2026-04-07,delivered,410
50262,1135,2026-04-07,delivered,180
50263,2801,2026-04-07,delivered,270
50264,2800,2026-04-07,cancelled,80
50265,1990,2026-04-07,delivered,80
50266,1701,2026-04-07,delivered,240
50267,2931,2026-04-07,delivered,80
50268,1420,2026-04-07,delivered,300
50269,1746,2026-04-07,delivered,140
50270,1854,2026-04-07,delivered,80
50271,1157,2026-04-07,delivered,180
50272,1839,2026-04-07,delivered,130
50273,2437,2026-04-07,delivered,230
50274,1722,2026-04-08,cancelled,300
50275,1450,2026-04-08,delivered,420
50276,2658,2026-04-08,delivered,150
50277,2393,2026-04-08,delivered,120
50278,2351,2026-04-08,delivered,60
50279,3062,2026-04-08,delivered,100
50280,1429,2026-04-08,delivered,90
50281,2432,2026-04-08,delivered,180
50282,3094,2026-04-08,delivered,90
50283,3181,2026-04-08,delivered,90
50284,3116,2026-04-08,delivered,110
50285,2266,2026-04-08,cancelled,270
50286,1883,2026-04-08,delivered,190
50287,1912,2026-04-08,delivered,180
50288,2694,2026-04-08,delivered,330
50289,1476,2026-04-08,delivered,220
50290,2380,2026-04-08,delivered,360
50291,2994,2026-04-08,cancelled,160
50292,1692,2026-04-08,delivered,380
50293,2528,2026-04-08,delivered,330
50294,2446,2026-04-08,delivered,250
50295,2217,2026-04-08,delivered,180
50296,3163,2026-04-08,delivered,140
50297,1060,2026-04-08,delivered,270
50298,2195,2026-04-08,delivered,260
50299,1346,2026-04-08,delivered,170
50300,1419,2026-04-08,delivered,150
50301,2082,2026-04-08,delivered,140
50302,2034,2026-04-08,cancelled,60
50303,2551,2026-04-08,cancelled,60
50304,2439,2026-04-08,delivered,30
50305,1068,2026-04-08,delivered,160
50306,2954,2026-04-08,delivered,90
50307,2666,2026-04-08,delivered,250
50308,2278,2026-04-08,cancelled,120
50309,1141,2026-04-08,delivered,90
50310,2521,2026-04-08,delivered,50
50311,1231,2026-04-08,delivered,160
50312,2569,2026-04-08,cancelled,110
50313,2459,2026-04-08,delivered,80
50314,1168,2026-04-08,delivered,150
50315,1673,2026-04-09,delivered,60
50316,2815,2026-04-09,delivered,30
50317,1108,2026-04-09,delivered,60
50318,1408,2026-04-09,delivered,70
50319,1473,2026-04-09,delivered,270
50320,3253,2026-04-09,delivered,270
50321,1316,2026-04-09,cancelled,60
50322,3247,2026-04-09,delivered,90
50323,1951,2026-04-09,delivered,60
50324,2119,2026-04-09,delivered,100
50325,2885,2026-04-09,delivered,160
50326,2985,2026-04-09,delivered,180
50327,1674,2026-04-09,delivered,180
50328,2321,2026-04-09,delivered,290
50329,3120,2026-04-09,delivered,180
50330,1973,2026-04-09,delivered,70
50331,1166,2026-04-09,delivered,240
50332,3110,2026-04-09,delivered,220
50333,2961,2026-04-09,delivered,210
50334,1484,2026-04-09,delivered,220
50335,2694,2026-04-09,delivered,190
50336,1999,2026-04-09,delivered,390
50337,2408,2026-04-09,delivered,130
50338,1945,2026-04-09,delivered,240
50339,1632,2026-04-09,delivered,330
50340,1310,2026-04-09,delivered,50
50341,2823,2026-04-09,delivered,150
50342,2728,2026-04-09,delivered,180
50343,2103,2026-04-09,delivered,330
50344,2627,2026-04-09,delivered,140
50345,2184,2026-04-09,delivered,60
50346,1249,2026-04-09,delivered,100
50347,2891,2026-04-09,delivered,130
50348,3041,2026-04-09,delivered,120
50349,3203,2026-04-09,delivered,60
50350,1996,2026-04-09,delivered,50
50351,1976,2026-04-09,delivered,260
50352,2816,2026-04-09,delivered,30
50353,1390,2026-04-09,delivered,300
50354,2301,2026-04-09,delivered,230
50355,2779,2026-04-09,delivered,110
50356,1690,2026-04-10,delivered,180
50357,2002,2026-04-10,delivered,90
50358,2620,2026-04-10,delivered,240
50359,1555,2026-04-10,cancelled,270
50360,2974,2026-04-10,delivered,90
50361,2921,2026-04-10,delivered,150
50362,2224,2026-04-10,delivered,40
50363,1313,2026-04-10,delivered,390
50364,2687,2026-04-10,delivered,60
50365,1435,2026-04-10,cancelled,260
50366,1598,2026-04-10,delivered,330
50367,2647,2026-04-10,delivered,170
50368,3130,2026-04-10,cancelled,160
50369,1308,2026-04-10,cancelled,270
50370,2548,2026-04-10,delivered,200
50371,3256,2026-04-10,delivered,280
50372,2480,2026-04-10,delivered,340
50373,1635,2026-04-10,delivered,370
50374,1948,2026-04-10,delivered,100
50375,2201,2026-04-10,delivered,250
50376,2023,2026-04-10,delivered,60
50377,1809,2026-04-10,delivered,150
50378,2663,2026-04-10,delivered,230
50379,2926,2026-04-10,delivered,50
50380,1867,2026-04-10,delivered,270
50381,1925,2026-04-10,delivered,340
50382,2514,2026-04-10,delivered,300
50383,2486,2026-04-10,delivered,200
50384,2030,2026-04-10,delivered,310
50385,2884,2026-04-10,delivered,270
50386,2050,2026-04-10,delivered,310
50387,1932,2026-04-10,delivered,60
50388,2356,2026-04-10,delivered,160
50389,2410,2026-04-10,delivered,160
50390,2756,2026-04-10,delivered,140
50391,3149,2026-04-10,delivered,190
50392,2953,2026-04-10,delivered,80
50393,1922,2026-04-11,delivered,150
50394,1922,2026-04-11,delivered,180
50395,1857,2026-04-11,delivered,350
50396,3134,2026-04-11,delivered,160
50397,3062,2026-04-11,delivered,90
50398,3236,2026-04-11,delivered,270
50399,2538,2026-04-11,delivered,80
50400,1783,2026-04-11,delivered,90
50401,1394,2026-04-11,delivered,410
50402,2355,2026-04-11,delivered,300
50403,3082,2026-04-11,delivered,270
50404,2964,2026-04-11,delivered,200
50405,3250,2026-04-11,delivered,360
50406,2999,2026-04-11,cancelled,130
50407,1497,2026-04-11,delivered,340
50408,2226,2026-04-11,delivered,60
50409,1877,2026-04-11,delivered,210
50410,1644,2026-04-11,delivered,440
50411,1489,2026-04-11,delivered,190
50412,1014,2026-04-11,delivered,340
50413,1159,2026-04-11,delivered,160
50414,3138,2026-04-11,delivered,140
50415,2482,2026-04-11,delivered,450
50416,1845,2026-04-11,delivered,250
50417,2719,2026-04-11,delivered,90
50418,3271,2026-04-11,delivered,170
50419,2804,2026-04-11,delivered,130
50420,1847,2026-04-12,delivered,60
50421,2921,2026-04-12,delivered,450
50422,3259,2026-04-12,delivered,180
50423,3101,2026-04-12,delivered,180
50424,2552,2026-04-12,delivered,60
50425,1120,2026-04-12,cancelled,50
50426,3198,2026-04-12,delivered,270
50427,3091,2026-04-12,delivered,60
50428,1768,2026-04-12,delivered,60
50429,2936,2026-04-12,delivered,230
50430,3121,2026-04-12,cancelled,310
50431,1796,2026-04-12,delivered,240
50432,2046,2026-04-12,delivered,230
50433,2407,2026-04-12,delivered,180
50434,1169,2026-04-12,delivered,250
50435,2188,2026-04-12,delivered,150
50436,2982,2026-04-12,delivered,240
50437,1281,2026-04-12,delivered,460
50438,2096,2026-04-12,delivered,70
50439,1111,2026-04-12,delivered,390
50440,2259,2026-04-12,delivered,90
50441,2149,2026-04-12,delivered,430
50442,2272,2026-04-12,delivered,190
50443,2779,2026-04-12,delivered,160
50444,1619,2026-04-12,delivered,180
50445,2364,2026-04-12,delivered,30
50446,1463,2026-04-12,delivered,250
50447,2593,2026-04-12,delivered,210
50448,2197,2026-04-12,delivered,120
50449,2465,2026-04-12,delivered,30
50450,1756,2026-04-12,delivered,140
50451,1570,2026-04-12,delivered,200
50452,2803,2026-04-12,delivered,160
50453,2901,2026-04-13,cancelled,630
50454,2240,2026-04-13,delivered,60
50455,2453,2026-04-13,delivered,330
50456,2330,2026-04-13,delivered,120
50457,1093,2026-04-13,delivered,140
50458,2351,2026-04-13,delivered,120
50459,2619,2026-04-13,delivered,100
50460,3211,2026-04-13,delivered,90
50461,1253,2026-04-13,delivered,80
50462,1025,2026-04-13,delivered,240
50463,2759,2026-04-13,delivered,60
50464,3181,2026-04-13,delivered,180
50465,2770,2026-04-13,delivered,60
50466,2351,2026-04-13,delivered,90
50467,2762,2026-04-13,delivered,180
50468,2350,2026-04-13,delivered,70
50469,2776,2026-04-13,delivered,90
50470,2762,2026-04-13,cancelled,340
50471,2147,2026-04-13,delivered,210
50472,2865,2026-04-13,delivered,210
50473,2280,2026-04-13,delivered,370
50474,2133,2026-04-13,delivered,180
50475,2923,2026-04-13,delivered,250
50476,2694,2026-04-13,delivered,290
50477,1009,2026-04-13,delivered,350
50478,1597,2026-04-13,delivered,220
50479,2262,2026-04-13,delivered,300
50480,2399,2026-04-13,delivered,250
50481,1418,2026-04-13,delivered,290
50482,1166,2026-04-13,delivered,190
50483,1982,2026-04-13,delivered,250
50484,3210,2026-04-13,delivered,160
50485,1509,2026-04-13,delivered,550
50486,2436,2026-04-13,delivered,220
50487,3169,2026-04-13,delivered,320
50488,3122,2026-04-13,delivered,40
50489,1708,2026-04-13,delivered,300
50490,2989,2026-04-13,delivered,40
50491,2565,2026-04-13,delivered,180
50492,1975,2026-04-13,delivered,80
50493,2890,2026-04-13,cancelled,140
50494,1682,2026-04-13,delivered,30
50495,1340,2026-04-13,delivered,180
50496,2388,2026-04-13,delivered,70
50497,2680,2026-04-13,delivered,200
50498,2892,2026-04-13,delivered,180
50499,2818,2026-04-13,delivered,430
50500,1375,2026-04-13,delivered,260
50501,2536,2026-04-13,delivered,40
50502,1096,2026-04-13,delivered,50
50503,2331,2026-04-13,delivered,80
50504,1524,2026-04-14,delivered,190
50505,1023,2026-04-14,delivered,200
50506,2951,2026-04-14,delivered,170
50507,2330,2026-04-14,delivered,150
50508,2871,2026-04-14,delivered,120
50509,1091,2026-04-14,delivered,180
50510,2894,2026-04-14,delivered,220
50511,2425,2026-04-14,cancelled,60
50512,1951,2026-04-14,delivered,270
50513,1270,2026-04-14,delivered,90
50514,3094,2026-04-14,delivered,70
50515,1886,2026-04-14,cancelled,120
50516,3256,2026-04-14,delivered,330
50517,2873,2026-04-14,delivered,250
50518,2558,2026-04-14,delivered,260
50519,2541,2026-04-14,delivered,230
50520,1539,2026-04-14,delivered,170
50521,2027,2026-04-14,delivered,40
50522,1050,2026-04-14,delivered,140
50523,2176,2026-04-14,delivered,40
50524,1176,2026-04-14,delivered,160
50525,2549,2026-04-14,delivered,250
50526,2474,2026-04-14,delivered,220
50527,1309,2026-04-14,delivered,220
50528,2201,2026-04-14,delivered,230
50529,2635,2026-04-14,delivered,40
50530,2726,2026-04-14,cancelled,280
50531,1118,2026-04-14,delivered,260
50532,1927,2026-04-14,delivered,250
50533,3138,2026-04-14,delivered,100
50534,1701,2026-04-14,delivered,150
50535,2117,2026-04-14,delivered,90
50536,2953,2026-04-14,delivered,50
50537,1147,2026-04-14,cancelled,90
50538,3149,2026-04-14,delivered,100
50539,1347,2026-04-14,delivered,150
50540,2556,2026-04-14,cancelled,130
50541,2170,2026-04-14,delivered,100
50542,1687,2026-04-14,delivered,40
50543,2249,2026-04-14,delivered,160
50544,1826,2026-04-15,delivered,90
50545,2074,2026-04-15,cancelled,180
50546,1649,2026-04-15,delivered,160
50547,1162,2026-04-15,delivered,300
50548,1440,2026-04-15,delivered,60
50549,2492,2026-04-15,delivered,100
50550,2329,2026-04-15,delivered,240
50551,2701,2026-04-15,delivered,90
50552,2796,2026-04-15,delivered,240
50553,1555,2026-04-15,delivered,210
50554,2138,2026-04-15,delivered,60
50555,1191,2026-04-15,delivered,220
50556,1831,2026-04-15,delivered,260
50557,2424,2026-04-15,delivered,270
50558,3265,2026-04-15,delivered,230
50559,1083,2026-04-15,delivered,260
50560,2157,2026-04-15,delivered,290
50561,2396,2026-04-15,delivered,180
50562,1569,2026-04-15,delivered,40
50563,2826,2026-04-15,delivered,350
50564,2774,2026-04-15,delivered,400
50565,1466,2026-04-15,delivered,260
50566,2746,2026-04-15,delivered,170
50567,1115,2026-04-15,delivered,80
50568,2602,2026-04-15,delivered,120
50569,1379,2026-04-15,delivered,150
50570,2131,2026-04-15,delivered,300
50571,2017,2026-04-15,delivered,120
50572,1324,2026-04-15,delivered,60
50573,1603,2026-04-15,delivered,80
50574,1523,2026-04-15,delivered,50
50575,1959,2026-04-15,delivered,60
50576,1711,2026-04-15,delivered,150
50577,1646,2026-04-15,delivered,160
50578,1102,2026-04-15,delivered,130
50579,1026,2026-04-16,delivered,90
50580,2072,2026-04-16,delivered,360
50581,3295,2026-04-16,delivered,90
50582,2901,2026-04-16,delivered,420
50583,1661,2026-04-16,delivered,90
50584,2423,2026-04-16,delivered,130
50585,2199,2026-04-16,delivered,120
50586,1219,2026-04-16,delivered,180
50587,1966,2026-04-16,delivered,120
50588,2894,2026-04-16,delivered,210
50589,2072,2026-04-16,delivered,270
50590,2928,2026-04-16,delivered,220
50591,1929,2026-04-16,cancelled,210
50592,2922,2026-04-16,delivered,190
50593,2596,2026-04-16,delivered,240
50594,1438,2026-04-16,cancelled,190
50595,2677,2026-04-16,delivered,90
50596,2099,2026-04-16,cancelled,150
50597,3257,2026-04-16,delivered,570
50598,3163,2026-04-16,delivered,180
50599,1312,2026-04-16,cancelled,320
50600,3058,2026-04-16,delivered,130
50601,2111,2026-04-16,cancelled,300
50602,1997,2026-04-16,delivered,110
50603,2834,2026-04-16,delivered,180
50604,3258,2026-04-16,delivered,150
50605,2233,2026-04-16,delivered,170
50606,1535,2026-04-16,delivered,450
50607,2834,2026-04-16,delivered,120
50608,2507,2026-04-16,delivered,310
50609,2066,2026-04-17,delivered,180
50610,2174,2026-04-17,delivered,390
50611,2810,2026-04-17,delivered,150
50612,2836,2026-04-17,delivered,80
50613,1042,2026-04-17,delivered,180
50614,1473,2026-04-17,delivered,90
50615,1876,2026-04-17,delivered,270
50616,3181,2026-04-17,delivered,120
50617,1804,2026-04-17,delivered,70
50618,2153,2026-04-17,delivered,180
50619,1083,2026-04-17,delivered,150
50620,2407,2026-04-17,delivered,270
50621,2653,2026-04-17,delivered,280
50622,1100,2026-04-17,delivered,250
50623,2914,2026-04-17,delivered,250
50624,2253,2026-04-17,delivered,290
50625,3135,2026-04-17,delivered,170
50626,2922,2026-04-17,delivered,330
50627,1778,2026-04-17,delivered,100
50628,1941,2026-04-17,delivered,220
50629,1615,2026-04-17,cancelled,120
50630,2883,2026-04-17,delivered,130
50631,2801,2026-04-17,delivered,200
50632,2626,2026-04-17,delivered,120
50633,1885,2026-04-17,delivered,290
50634,1421,2026-04-17,delivered,90
50635,2848,2026-04-17,delivered,80
50636,2723,2026-04-17,delivered,140
50637,1717,2026-04-17,delivered,510
50638,2105,2026-04-17,delivered,40
50639,1459,2026-04-17,delivered,110
50640,1803,2026-04-17,delivered,200
50641,2137,2026-04-17,delivered,110
50642,1583,2026-04-17,delivered,170
50643,2214,2026-04-17,delivered,60
50644,1090,2026-04-17,delivered,180
50645,2482,2026-04-17,delivered,50
50646,2179,2026-04-17,delivered,140
50647,2739,2026-04-17,delivered,140
50648,1853,2026-04-17,delivered,250
50649,1390,2026-04-17,delivered,50
50650,2335,2026-04-18,delivered,210
50651,1923,2026-04-18,delivered,30
50652,1337,2026-04-18,delivered,90
50653,1093,2026-04-18,delivered,70
50654,1040,2026-04-18,delivered,90
50655,2668,2026-04-18,delivered,110
50656,1900,2026-04-18,delivered,140
50657,3294,2026-04-18,delivered,180
50658,2631,2026-04-18,delivered,40
50659,3091,2026-04-18,delivered,80
50660,1966,2026-04-18,cancelled,500
50661,1436,2026-04-18,delivered,180
50662,3120,2026-04-18,delivered,100
50663,2959,2026-04-18,delivered,40
50664,3204,2026-04-18,cancelled,60
50665,2199,2026-04-18,delivered,180
50666,3170,2026-04-18,cancelled,370
50667,3199,2026-04-18,delivered,160
50668,3176,2026-04-18,delivered,140
50669,1110,2026-04-18,delivered,230
50670,2590,2026-04-18,delivered,240
50671,1110,2026-04-18,delivered,170
50672,1852,2026-04-18,delivered,250
50673,2987,2026-04-18,delivered,340
50674,1580,2026-04-18,delivered,300
50675,2952,2026-04-18,delivered,70
50676,2082,2026-04-18,delivered,180
50677,2824,2026-04-18,delivered,180
50678,1551,2026-04-18,delivered,220
50679,1544,2026-04-18,delivered,130
50680,1059,2026-04-18,delivered,30
50681,1310,2026-04-18,cancelled,380
50682,2236,2026-04-18,delivered,180
50683,3010,2026-04-18,delivered,130
50684,2141,2026-04-18,delivered,240
50685,2030,2026-04-18,delivered,90
50686,1398,2026-04-18,delivered,60
50687,2945,2026-04-18,delivered,90
50688,1284,2026-04-18,delivered,80
50689,1936,2026-04-18,delivered,160
50690,1152,2026-04-18,delivered,100
50691,2102,2026-04-18,delivered,90
50692,2472,2026-04-18,delivered,140
50693,2214,2026-04-18,delivered,320
50694,1936,2026-04-18,delivered,40
50695,3037,2026-04-18,delivered,70
50696,1314,2026-04-18,delivered,140
50697,2293,2026-04-18,cancelled,130
50698,1800,2026-04-18,delivered,180
50699,1847,2026-04-19,delivered,180
50700,2831,2026-04-19,delivered,40
50701,1093,2026-04-19,delivered,330
50702,2329,2026-04-19,delivered,90
50703,2330,2026-04-19,delivered,320
50704,2651,2026-04-19,delivered,230
50705,3289,2026-04-19,delivered,240
50706,1080,2026-04-19,delivered,360
50707,2742,2026-04-19,delivered,120
50708,1063,2026-04-19,delivered,90
50709,2252,2026-04-19,delivered,180
50710,2174,2026-04-19,delivered,60
50711,1441,2026-04-19,delivered,200
50712,3209,2026-04-19,delivered,140
50713,3024,2026-04-19,delivered,160
50714,2681,2026-04-19,cancelled,310
50715,1597,2026-04-19,cancelled,110
50716,1354,2026-04-19,cancelled,290
50717,2793,2026-04-19,delivered,130
50718,2408,2026-04-19,delivered,170
50719,1503,2026-04-19,delivered,220
50720,1867,2026-04-19,delivered,340
50721,3112,2026-04-19,delivered,210
50722,1797,2026-04-19,delivered,510
50723,2945,2026-04-19,delivered,160
50724,2361,2026-04-19,delivered,150
50725,3228,2026-04-19,delivered,270
50726,1535,2026-04-19,delivered,170
50727,2382,2026-04-19,delivered,140
50728,1029,2026-04-19,delivered,290
50729,3227,2026-04-19,delivered,160
50730,2158,2026-04-19,delivered,70
50731,2730,2026-04-19,delivered,310
50732,2620,2026-04-20,delivered,390
50733,3243,2026-04-20,delivered,30
50734,3100,2026-04-20,delivered,280
50735,2412,2026-04-20,delivered,320
50736,2285,2026-04-20,delivered,60
50737,1138,2026-04-20,delivered,270
50738,2083,2026-04-20,delivered,270
50739,3005,2026-04-20,delivered,220
50740,3294,2026-04-20,delivered,30
50741,1042,2026-04-20,delivered,140
50742,2199,2026-04-20,delivered,180
50743,1536,2026-04-20,delivered,150
50744,1608,2026-04-20,delivered,250
50745,2454,2026-04-20,delivered,180
50746,2273,2026-04-20,delivered,470
50747,2776,2026-04-20,delivered,180
50748,2011,2026-04-20,delivered,60
50749,3144,2026-04-20,delivered,80
50750,2273,2026-04-20,delivered,90
50751,1083,2026-04-20,delivered,330
50752,1155,2026-04-20,delivered,180
50753,2708,2026-04-20,delivered,220
50754,2399,2026-04-20,delivered,260
50755,1519,2026-04-20,delivered,400
50756,1691,2026-04-20,delivered,210
50757,1083,2026-04-20,delivered,190
50758,2591,2026-04-20,delivered,390
50759,1176,2026-04-20,delivered,510
50760,1395,2026-04-20,delivered,60
50761,1550,2026-04-20,delivered,230
50762,2490,2026-04-20,delivered,100
50763,2869,2026-04-20,delivered,90
50764,2495,2026-04-20,delivered,90
50765,1837,2026-04-20,cancelled,90
50766,1526,2026-04-20,delivered,130
50767,3011,2026-04-20,delivered,160
50768,2304,2026-04-20,delivered,310
50769,1421,2026-04-20,delivered,250
50770,2875,2026-04-20,delivered,350
50771,2725,2026-04-20,delivered,30
50772,1978,2026-04-20,delivered,90
50773,2603,2026-04-20,delivered,100
50774,1959,2026-04-20,delivered,100
50775,1839,2026-04-20,delivered,50
50776,1089,2026-04-20,delivered,110
50777,2295,2026-04-20,delivered,260
50778,1832,2026-04-20,delivered,210
50779,2719,2026-04-20,delivered,100
50780,1462,2026-04-20,delivered,370
50781,2657,2026-04-21,delivered,160
50782,1401,2026-04-21,delivered,120
50783,1165,2026-04-21,delivered,40
50784,3243,2026-04-21,delivered,270
50785,1536,2026-04-21,delivered,200
50786,1052,2026-04-21,delivered,170
50787,1139,2026-04-21,delivered,140
50788,2641,2026-04-21,delivered,60
50789,2932,2026-04-21,delivered,60
50790,2814,2026-04-21,delivered,480
50791,1887,2026-04-21,cancelled,80
50792,1901,2026-04-21,delivered,80
50793,3290,2026-04-21,delivered,80
50794,2901,2026-04-21,delivered,280
50795,1441,2026-04-21,delivered,260
50796,2098,2026-04-21,delivered,160
50797,2098,2026-04-21,delivered,260
50798,3298,2026-04-21,cancelled,300
50799,2276,2026-04-21,cancelled,80
50800,2244,2026-04-21,delivered,190
50801,2519,2026-04-21,delivered,240
50802,1054,2026-04-21,delivered,160
50803,1312,2026-04-21,delivered,210
50804,2422,2026-04-21,delivered,90
50805,3132,2026-04-21,delivered,80
50806,2206,2026-04-21,delivered,90
50807,2725,2026-04-21,delivered,120
50808,2931,2026-04-21,cancelled,330
50809,1834,2026-04-21,delivered,270
50810,2447,2026-04-21,delivered,90
50811,3029,2026-04-22,delivered,200
50812,2021,2026-04-22,delivered,70
50813,1634,2026-04-22,delivered,210
50814,1870,2026-04-22,delivered,120
50815,1350,2026-04-22,delivered,90
50816,2261,2026-04-22,delivered,140
50817,1510,2026-04-22,delivered,210
50818,2044,2026-04-22,delivered,180
50819,2115,2026-04-22,delivered,240
50820,1488,2026-04-22,delivered,240
50821,1835,2026-04-22,delivered,260
50822,2622,2026-04-22,delivered,60
50823,2011,2026-04-22,delivered,100
50824,3144,2026-04-22,delivered,40
50825,1484,2026-04-22,cancelled,340
50826,1073,2026-04-22,delivered,220
50827,2734,2026-04-22,delivered,320
50828,1441,2026-04-22,delivered,240
50829,2564,2026-04-22,delivered,160
50830,2336,2026-04-22,delivered,190
50831,1372,2026-04-22,delivered,220
50832,2464,2026-04-22,delivered,170
50833,2276,2026-04-22,delivered,180
50834,1248,2026-04-22,cancelled,180
50835,3054,2026-04-22,delivered,440
50836,1926,2026-04-22,cancelled,120
50837,1594,2026-04-22,cancelled,100
50838,2977,2026-04-22,delivered,130
50839,1431,2026-04-22,cancelled,300
50840,3089,2026-04-22,delivered,140
50841,2551,2026-04-22,delivered,330
50842,2361,2026-04-22,delivered,220
50843,1097,2026-04-22,delivered,300
50844,2220,2026-04-22,delivered,140
50845,1942,2026-04-22,delivered,130
50846,1113,2026-04-22,delivered,120
50847,1462,2026-04-22,delivered,50
50848,2159,2026-04-22,delivered,230
50849,1371,2026-04-23,delivered,100
50850,1064,2026-04-23,delivered,60
50851,1613,2026-04-23,delivered,330
50852,2700,2026-04-23,delivered,240
50853,2174,2026-04-23,cancelled,280
50854,1816,2026-04-23,delivered,70
50855,2306,2026-04-23,delivered,180
50856,1553,2026-04-23,delivered,240
50857,3046,2026-04-23,delivered,30
50858,3287,2026-04-23,delivered,60
50859,1164,2026-04-23,cancelled,50
50860,2456,2026-04-23,delivered,240
50861,3071,2026-04-23,delivered,70
50862,2832,2026-04-23,delivered,290
50863,3278,2026-04-23,delivered,150
50864,2763,2026-04-23,delivered,220
50865,2191,2026-04-23,delivered,260
50866,2434,2026-04-23,delivered,70
50867,1642,2026-04-23,cancelled,190
50868,1032,2026-04-23,delivered,170
50869,1987,2026-04-23,cancelled,490
50870,3233,2026-04-23,delivered,200
50871,2841,2026-04-23,delivered,370
50872,1930,2026-04-23,delivered,100
50873,1318,2026-04-23,delivered,130
50874,2211,2026-04-23,delivered,60
50875,1170,2026-04-23,delivered,80
50876,2023,2026-04-23,delivered,170
50877,3011,2026-04-23,delivered,210
50878,2146,2026-04-23,delivered,170
50879,1152,2026-04-23,delivered,70
50880,1090,2026-04-23,delivered,90
50881,2643,2026-04-23,delivered,190
50882,1899,2026-04-23,delivered,120
50883,2780,2026-04-23,delivered,160
50884,2666,2026-04-23,delivered,200
50885,1504,2026-04-23,delivered,180
50886,1714,2026-04-23,delivered,250
50887,2766,2026-04-23,delivered,130
50888,2588,2026-04-24,delivered,50
50889,3159,2026-04-24,delivered,140
50890,1219,2026-04-24,delivered,110
50891,3029,2026-04-24,delivered,330
50892,2849,2026-04-24,delivered,120
50893,1911,2026-04-24,cancelled,120
50894,1573,2026-04-24,delivered,40
50895,3253,2026-04-24,delivered,450
50896,2997,2026-04-24,delivered,60
50897,2934,2026-04-24,delivered,120
50898,1697,2026-04-24,delivered,90
50899,2632,2026-04-24,delivered,70
50900,1441,2026-04-24,delivered,240
50901,2865,2026-04-24,delivered,270
50902,2596,2026-04-24,delivered,410
50903,2479,2026-04-24,delivered,330
50904,1287,2026-04-24,delivered,260
50905,2874,2026-04-24,delivered,280
50906,1813,2026-04-24,delivered,240
50907,2558,2026-04-24,delivered,310
50908,2866,2026-04-24,delivered,190
50909,2292,2026-04-24,delivered,380
50910,1836,2026-04-24,delivered,340
50911,1776,2026-04-24,delivered,310
50912,2386,2026-04-24,delivered,400
50913,1032,2026-04-24,delivered,350
50914,2896,2026-04-24,delivered,380
50915,1957,2026-04-24,delivered,260
50916,2597,2026-04-24,delivered,140
50917,3317,2026-04-24,delivered,180
50918,1276,2026-04-24,delivered,170
50919,1610,2026-04-24,delivered,80
50920,1791,2026-04-24,delivered,180
50921,1909,2026-04-24,delivered,280
50922,3093,2026-04-24,delivered,50
50923,1961,2026-04-24,delivered,110
50924,2699,2026-04-24,delivered,70
50925,2582,2026-04-24,delivered,230
50926,3262,2026-04-24,cancelled,300
50927,1997,2026-04-24,delivered,160
50928,1268,2026-04-24,delivered,130
50929,3140,2026-04-24,delivered,50
50930,2387,2026-04-24,cancelled,130
50931,3094,2026-04-25,delivered,120
50932,1835,2026-04-25,delivered,120
50933,3073,2026-04-25,delivered,240
50934,1467,2026-04-25,delivered,60
50935,2641,2026-04-25,cancelled,50
50936,1612,2026-04-25,delivered,270
50937,2651,2026-04-25,delivered,120
50938,2732,2026-04-25,delivered,150
50939,1702,2026-04-25,delivered,270
50940,1735,2026-04-25,delivered,230
50941,2590,2026-04-25,delivered,300
50942,2341,2026-04-25,delivered,240
50943,1818,2026-04-25,delivered,170
50944,2994,2026-04-25,delivered,250
50945,1774,2026-04-25,delivered,240
50946,1796,2026-04-25,delivered,200
50947,2943,2026-04-25,delivered,190
50948,1369,2026-04-25,delivered,180
50949,3045,2026-04-25,delivered,90
50950,2597,2026-04-25,delivered,190
50951,2829,2026-04-25,delivered,90
50952,3042,2026-04-25,delivered,110
50953,1933,2026-04-25,delivered,140
50954,1311,2026-04-25,delivered,130
50955,2983,2026-04-25,delivered,100
50956,1714,2026-04-25,delivered,220
50957,2437,2026-04-25,delivered,40
50958,1390,2026-04-25,delivered,140
50959,3149,2026-04-25,delivered,70
50960,1123,2026-04-25,delivered,150
50961,1107,2026-04-26,delivered,240
50962,3254,2026-04-26,cancelled,120
50963,2119,2026-04-26,delivered,260
50964,2372,2026-04-26,delivered,440
50965,2997,2026-04-26,delivered,120
50966,1856,2026-04-26,delivered,180
50967,2392,2026-04-26,delivered,60
50968,2619,2026-04-26,cancelled,270
50969,1571,2026-04-26,delivered,60
50970,2450,2026-04-26,delivered,240
50971,1475,2026-04-26,delivered,180
50972,2662,2026-04-26,delivered,130
50973,2469,2026-04-26,delivered,210
50974,1843,2026-04-26,delivered,250
50975,2647,2026-04-26,delivered,180
50976,3162,2026-04-26,delivered,270
50977,3176,2026-04-26,delivered,260
50978,2390,2026-04-26,delivered,270
50979,3281,2026-04-26,delivered,40
50980,3053,2026-04-26,delivered,160
50981,2533,2026-04-26,delivered,80
50982,1150,2026-04-26,delivered,250
50983,2490,2026-04-26,delivered,160
50984,3025,2026-04-26,delivered,180
50985,2092,2026-04-26,delivered,120
50986,1311,2026-04-26,delivered,180
50987,3228,2026-04-26,cancelled,220
50988,2741,2026-04-26,delivered,290
50989,1684,2026-04-26,delivered,90
50990,2602,2026-04-26,delivered,80
50991,1268,2026-04-26,delivered,70
50992,1801,2026-04-26,cancelled,60
50993,1390,2026-04-26,delivered,40
50994,1096,2026-04-26,delivered,80
50995,1491,2026-04-26,delivered,110
50996,2087,2026-04-26,delivered,180
50997,2041,2026-04-26,delivered,270
50998,1602,2026-04-26,delivered,290
50999,1472,2026-04-26,delivered,180
51000,1365,2026-04-27,cancelled,280
51001,3029,2026-04-27,delivered,30
51002,2392,2026-04-27,delivered,210
51003,1025,2026-04-27,delivered,150
51004,2053,2026-04-27,delivered,410
51005,1359,2026-04-27,delivered,290
51006,1608,2026-04-27,delivered,180
51007,1901,2026-04-27,delivered,40
51008,1120,2026-04-27,delivered,60
51009,2083,2026-04-27,delivered,180
51010,2742,2026-04-27,delivered,90
51011,1253,2026-04-27,delivered,50
51012,1929,2026-04-27,delivered,280
51013,2165,2026-04-27,delivered,250
51014,1438,2026-04-27,delivered,110
51015,3074,2026-04-27,delivered,170
51016,1836,2026-04-27,delivered,270
51017,1559,2026-04-27,delivered,230
51018,1309,2026-04-27,cancelled,360
51019,2114,2026-04-27,delivered,320
51020,1562,2026-04-27,delivered,130
51021,3087,2026-04-27,delivered,270
51022,2092,2026-04-27,delivered,90
51023,2637,2026-04-27,delivered,150
51024,3196,2026-04-27,cancelled,180
51025,3219,2026-04-27,delivered,340
51026,2899,2026-04-27,delivered,410
51027,2363,2026-04-27,delivered,170
51028,1469,2026-04-27,delivered,230
51029,3041,2026-04-27,delivered,130
51030,2898,2026-04-27,delivered,80
51031,1022,2026-04-27,delivered,160
51032,2198,2026-04-27,delivered,160
51033,2088,2026-04-27,delivered,120
51034,1136,2026-04-27,delivered,310
51035,1603,2026-04-27,delivered,120
51036,1123,2026-04-27,delivered,60
51037,1946,2026-04-27,delivered,160
51038,2569,2026-04-27,delivered,180
51039,3193,2026-04-28,delivered,80
51040,2781,2026-04-28,delivered,240
51041,1434,2026-04-28,delivered,90
51042,3144,2026-04-28,delivered,90
51043,2770,2026-04-28,delivered,180
51044,2009,2026-04-28,delivered,110
51045,2659,2026-04-28,delivered,60
51046,2831,2026-04-28,delivered,80
51047,3101,2026-04-28,cancelled,60
51048,1423,2026-04-28,delivered,360
51049,1783,2026-04-28,delivered,360
51050,2250,2026-04-28,delivered,180
51051,3098,2026-04-28,delivered,180
51052,1783,2026-04-28,delivered,290
51053,1206,2026-04-28,delivered,130
51054,1246,2026-04-28,delivered,180
51055,3109,2026-04-28,delivered,430
51056,2832,2026-04-28,delivered,240
51057,1373,2026-04-28,delivered,220
51058,2790,2026-04-28,delivered,250
51059,1312,2026-04-28,delivered,220
51060,2847,2026-04-28,delivered,120
51061,1465,2026-04-28,delivered,300
51062,3163,2026-04-28,delivered,130
51063,2896,2026-04-28,delivered,80
51064,3027,2026-04-28,delivered,330
51065,1647,2026-04-28,delivered,160
51066,1915,2026-04-28,delivered,270
51067,3179,2026-04-28,delivered,40
51068,2364,2026-04-28,delivered,270
51069,1113,2026-04-28,delivered,130
51070,2216,2026-04-29,delivered,60
51071,2019,2026-04-29,delivered,90
51072,3005,2026-04-29,delivered,120
51073,2223,2026-04-29,delivered,90
51074,3034,2026-04-29,delivered,120
51075,1773,2026-04-29,delivered,180
51076,1847,2026-04-29,cancelled,60
51077,1042,2026-04-29,delivered,60
51078,1547,2026-04-29,delivered,90
51079,3362,2026-04-29,cancelled,180
51080,2319,2026-04-29,delivered,220
51081,2235,2026-04-29,delivered,170
51082,1144,2026-04-29,delivered,270
51083,2590,2026-04-29,delivered,210
51084,3307,2026-04-29,delivered,260
51085,2243,2026-04-29,cancelled,220
51086,2647,2026-04-29,delivered,220
51087,1606,2026-04-29,delivered,260
51088,2380,2026-04-29,delivered,330
51089,1380,2026-04-29,delivered,150
51090,3256,2026-04-29,delivered,200
51091,2865,2026-04-29,delivered,230
51092,3231,2026-04-29,delivered,130
51093,2481,2026-04-29,delivered,180
51094,2049,2026-04-29,delivered,40
51095,1101,2026-04-29,delivered,190
51096,2735,2026-04-29,delivered,130
51097,1396,2026-04-29,delivered,120
51098,1318,2026-04-29,delivered,170
51099,3196,2026-04-29,cancelled,190
51100,3102,2026-04-29,delivered,270
51101,2607,2026-04-29,delivered,420
51102,1297,2026-04-29,delivered,150
51103,3275,2026-04-29,delivered,350
51104,3275,2026-04-29,delivered,180
51105,1898,2026-04-29,delivered,350
51106,2931,2026-04-29,delivered,120
51107,3059,2026-04-29,delivered,200
51108,1463,2026-04-29,delivered,90
51109,3342,2026-04-29,delivered,90
51110,1523,2026-04-29,delivered,30
51111,2804,2026-04-29,delivered,160
51112,1845,2026-04-29,delivered,30
51113,3236,2026-04-30,delivered,90
51114,1553,2026-04-30,delivered,60
51115,2727,2026-04-30,delivered,40
51116,1869,2026-04-30,delivered,430
51117,2432,2026-04-30,delivered,90
51118,2266,2026-04-30,delivered,250
51119,3071,2026-04-30,delivered,410
51120,1980,2026-04-30,delivered,420
51121,1856,2026-04-30,delivered,180
51122,2002,2026-04-30,delivered,90
51123,2319,2026-04-30,delivered,260
51124,1100,2026-04-30,cancelled,240
51125,3237,2026-04-30,delivered,320
51126,2562,2026-04-30,delivered,290
51127,1521,2026-04-30,cancelled,270
51128,3092,2026-04-30,cancelled,220
51129,2694,2026-04-30,delivered,210
51130,2673,2026-04-30,delivered,370
51131,3256,2026-04-30,delivered,320
51132,1244,2026-04-30,delivered,320
51133,2373,2026-04-30,delivered,290
51134,2961,2026-04-30,delivered,230
51135,3323,2026-04-30,delivered,260
51136,3000,2026-04-30,delivered,280
51137,2771,2026-04-30,delivered,200
51138,1609,2026-04-30,delivered,150
51139,2443,2026-04-30,delivered,160
51140,2269,2026-04-30,delivered,120
51141,2049,2026-04-30,delivered,200
51142,2765,2026-04-30,delivered,180
51143,3291,2026-04-30,delivered,180
51144,1910,2026-04-30,delivered,40
51145,3201,2026-04-30,delivered,240
51146,2483,2026-04-30,delivered,150
51147,3197,2026-04-30,delivered,80
51148,1290,2026-04-30,delivered,200
51149,1363,2026-04-30,delivered,50
51150,2601,2026-04-30,delivered,160
51151,2248,2026-05-01,delivered,270
51152,3166,2026-05-01,delivered,90
51153,1063,2026-05-01,delivered,140
51154,2053,2026-05-01,delivered,40
51155,1242,2026-05-01,delivered,380
51156,2620,2026-05-01,delivered,180
51157,3229,2026-05-01,delivered,60
51158,2554,2026-05-01,delivered,100
51159,2185,2026-05-01,delivered,90
51160,1597,2026-05-01,delivered,310
51161,2394,2026-05-01,delivered,380
51162,2704,2026-05-01,delivered,360
51163,1597,2026-05-01,delivered,230
51164,1121,2026-05-01,delivered,210
51165,1963,2026-05-01,delivered,200
51166,2708,2026-05-01,delivered,410
51167,1579,2026-05-01,delivered,270
51168,2764,2026-05-01,delivered,370
51169,2049,2026-05-01,delivered,460
51170,1135,2026-05-01,delivered,140
51171,1309,2026-05-01,delivered,40
51172,2952,2026-05-01,delivered,70
51173,1610,2026-05-01,delivered,130
51174,2778,2026-05-01,cancelled,180
51175,1478,2026-05-01,cancelled,210
51176,1115,2026-05-01,delivered,170
51177,2536,2026-05-01,delivered,210
51178,2070,2026-05-01,delivered,90
51179,3107,2026-05-01,cancelled,230
51180,2931,2026-05-01,delivered,120
51181,1045,2026-05-01,delivered,130
51182,2379,2026-05-01,delivered,120
51183,2361,2026-05-01,delivered,50
51184,1290,2026-05-01,delivered,140
51185,2117,2026-05-01,delivered,190
51186,2356,2026-05-01,delivered,90
51187,1822,2026-05-01,delivered,50
51188,3310,2026-05-01,delivered,100
51189,3192,2026-05-01,delivered,50
51190,3271,2026-05-01,delivered,50
51191,2265,2026-05-01,delivered,180
51192,1219,2026-05-02,cancelled,180
51193,2810,2026-05-02,delivered,40
51194,2668,2026-05-02,cancelled,80
51195,1401,2026-05-02,delivered,90
51196,1572,2026-05-02,delivered,140
51197,1350,2026-05-02,delivered,270
51198,3166,2026-05-02,delivered,220
51199,1553,2026-05-02,delivered,120
51200,1929,2026-05-02,delivered,350
51201,2647,2026-05-02,delivered,190
51202,3110,2026-05-02,delivered,230
51203,2373,2026-05-02,delivered,200
51204,2733,2026-05-02,cancelled,250
51205,2628,2026-05-02,delivered,340
51206,1580,2026-05-02,delivered,200
51207,2165,2026-05-02,delivered,180
51208,1317,2026-05-02,delivered,280
51209,3146,2026-05-02,delivered,320
51210,1135,2026-05-02,delivered,110
51211,1303,2026-05-02,delivered,100
51212,2320,2026-05-02,delivered,90
51213,3163,2026-05-02,delivered,200
51214,2034,2026-05-02,delivered,270
51215,1234,2026-05-02,delivered,280
51216,1477,2026-05-02,delivered,180
51217,2400,2026-05-02,delivered,260
51218,2096,2026-05-02,delivered,60
51219,1777,2026-05-02,delivered,330
51220,1336,2026-05-02,delivered,80
51221,2388,2026-05-02,delivered,40
51222,1115,2026-05-02,delivered,120
51223,3258,2026-05-02,delivered,300
51224,1304,2026-05-02,delivered,170
51225,2898,2026-05-02,delivered,120
51226,1978,2026-05-02,delivered,30
51227,1249,2026-05-02,delivered,140
51228,1970,2026-05-02,delivered,30
51229,2427,2026-05-02,delivered,90
51230,1558,2026-05-02,delivered,180
51231,1051,2026-05-02,delivered,70
51232,1235,2026-05-02,delivered,100
51233,1558,2026-05-02,delivered,110
51234,2356,2026-05-02,delivered,210
51235,2212,2026-05-02,delivered,400
51236,3140,2026-05-02,cancelled,120
51237,1722,2026-05-03,delivered,180
51238,2651,2026-05-03,delivered,180
51239,1172,2026-05-03,delivered,90
51240,2997,2026-05-03,delivered,320
51241,2951,2026-05-03,delivered,100
51242,1080,2026-05-03,delivered,120
51243,2658,2026-05-03,delivered,360
51244,1649,2026-05-03,delivered,100
51245,2284,2026-05-03,delivered,90
51246,2333,2026-05-03,cancelled,150
51247,1573,2026-05-03,delivered,120
51248,3166,2026-05-03,cancelled,60
51249,1243,2026-05-03,delivered,220
51250,2918,2026-05-03,delivered,210
51251,3139,2026-05-03,delivered,150
51252,1121,2026-05-03,delivered,220
51253,2936,2026-05-03,delivered,180
51254,1843,2026-05-03,delivered,170
51255,2590,2026-05-03,delivered,250
51256,2121,2026-05-03,delivered,130
51257,1734,2026-05-03,cancelled,150
51258,1762,2026-05-03,delivered,310
51259,2396,2026-05-03,delivered,240
51260,1563,2026-05-03,delivered,300
51261,2039,2026-05-03,delivered,360
51262,2141,2026-05-03,delivered,80
51263,1778,2026-05-03,delivered,170
51264,1644,2026-05-03,delivered,130
51265,2937,2026-05-03,delivered,260
51266,1039,2026-05-03,delivered,40
51267,3067,2026-05-03,delivered,270
51268,1335,2026-05-03,cancelled,80
51269,2233,2026-05-03,delivered,180
51270,1997,2026-05-03,cancelled,40
51271,3262,2026-05-03,delivered,440
51272,2404,2026-05-03,delivered,350
51273,2945,2026-05-03,delivered,90
51274,2679,2026-05-03,delivered,30
51275,1397,2026-05-03,cancelled,120
51276,3038,2026-05-03,delivered,90
51277,3013,2026-05-03,delivered,160
51278,1168,2026-05-03,delivered,150
51279,2293,2026-05-03,delivered,200
51280,1634,2026-05-04,delivered,120
51281,3128,2026-05-04,delivered,350
51282,2683,2026-05-04,delivered,190
51283,1253,2026-05-04,cancelled,200
51284,1040,2026-05-04,cancelled,180
51285,1623,2026-05-04,delivered,80
51286,1042,2026-05-04,delivered,120
51287,2273,2026-05-04,delivered,300
51288,3078,2026-05-04,delivered,390
51289,2659,2026-05-04,delivered,350
51290,1071,2026-05-04,delivered,270
51291,1614,2026-05-04,delivered,210
51292,1614,2026-05-04,delivered,450
51293,1884,2026-05-04,delivered,270
51294,2612,2026-05-04,delivered,230
51295,2691,2026-05-04,delivered,250
51296,1567,2026-05-04,delivered,300
51297,1508,2026-05-04,delivered,110
51298,1618,2026-05-04,delivered,130
51299,1318,2026-05-04,delivered,60
51300,1486,2026-05-04,delivered,330
51301,3053,2026-05-04,delivered,210
51302,2677,2026-05-04,delivered,120
51303,3171,2026-05-04,delivered,210
51304,1151,2026-05-04,delivered,90
51305,1905,2026-05-04,delivered,240
51306,2723,2026-05-04,delivered,170
51307,2773,2026-05-04,delivered,310
51308,2489,2026-05-04,delivered,240
51309,1014,2026-05-04,delivered,230
51310,2431,2026-05-04,delivered,320
51311,2159,2026-05-04,delivered,90
51312,1534,2026-05-04,delivered,50
51313,1283,2026-05-04,delivered,100
51314,2348,2026-05-04,cancelled,210
51315,1094,2026-05-04,delivered,150
51316,2058,2026-05-04,delivered,70
51317,1854,2026-05-04,delivered,60
51318,3253,2026-05-05,delivered,330
51319,3340,2026-05-05,delivered,270
51320,3384,2026-05-05,delivered,300
51321,3242,2026-05-05,cancelled,280
51322,1162,2026-05-05,delivered,210
51323,2266,2026-05-05,delivered,210
51324,1219,2026-05-05,delivered,270
51325,2185,2026-05-05,delivered,60
51326,3078,2026-05-05,delivered,360
51327,1760,2026-05-05,delivered,240
51328,1663,2026-05-05,delivered,220
51329,2280,2026-05-05,delivered,260
51330,2558,2026-05-05,delivered,260
51331,3162,2026-05-05,delivered,210
51332,2647,2026-05-05,delivered,230
51333,3233,2026-05-05,delivered,240
51334,1934,2026-05-05,delivered,70
51335,2096,2026-05-05,delivered,120
51336,1478,2026-05-05,delivered,130
51337,1617,2026-05-05,delivered,210
51338,1954,2026-05-05,delivered,30
51339,1059,2026-05-05,delivered,250
51340,2311,2026-05-05,delivered,160
51341,2136,2026-05-05,delivered,220
51342,2495,2026-05-05,delivered,30
51343,2567,2026-05-05,delivered,240
51344,1404,2026-05-05,delivered,270
51345,1977,2026-05-05,delivered,290
51346,2381,2026-05-05,delivered,70
51347,1452,2026-05-05,delivered,90
51348,1832,2026-05-05,delivered,160
51349,1687,2026-05-05,delivered,120
51350,1102,2026-05-05,delivered,90
51351,2356,2026-05-05,delivered,360
51352,2167,2026-05-05,delivered,130
51353,2990,2026-05-05,delivered,70
51354,2569,2026-05-05,cancelled,80
51355,1558,2026-05-05,delivered,390
51356,3205,2026-05-06,delivered,190
51357,2330,2026-05-06,delivered,60
51358,2389,2026-05-06,delivered,180
51359,2059,2026-05-06,delivered,120
51360,1705,2026-05-06,delivered,30
51361,2575,2026-05-06,delivered,150
51362,1886,2026-05-06,delivered,50
51363,3382,2026-05-06,delivered,90
51364,1030,2026-05-06,delivered,390
51365,1498,2026-05-06,delivered,60
51366,3332,2026-05-06,delivered,60
51367,2144,2026-05-06,delivered,180
51368,2810,2026-05-06,delivered,350
51369,2752,2026-05-06,delivered,180
51370,2503,2026-05-06,delivered,360
51371,2809,2026-05-06,delivered,160
51372,1614,2026-05-06,delivered,200
51373,2532,2026-05-06,delivered,300
51374,3152,2026-05-06,delivered,220
51375,3121,2026-05-06,delivered,200
51376,3345,2026-05-06,delivered,220
51377,3209,2026-05-06,delivered,200
51378,2377,2026-05-06,delivered,310
51379,1985,2026-05-06,delivered,240
51380,1369,2026-05-06,cancelled,140
51381,1779,2026-05-06,delivered,30
51382,1090,2026-05-06,delivered,70
51383,1694,2026-05-06,delivered,90
51384,2603,2026-05-06,delivered,270
51385,2015,2026-05-06,delivered,140
51386,2247,2026-05-06,delivered,140
51387,1767,2026-05-06,delivered,110
51388,2051,2026-05-06,delivered,60
51389,2544,2026-05-06,delivered,240
51390,1791,2026-05-06,delivered,320
51391,3363,2026-05-06,delivered,240
51392,2487,2026-05-06,delivered,180
51393,1439,2026-05-06,delivered,100
51394,1390,2026-05-06,delivered,40
51395,2779,2026-05-06,cancelled,130
51396,3361,2026-05-07,delivered,270
51397,2881,2026-05-07,delivered,330
51398,1143,2026-05-07,delivered,30
51399,1253,2026-05-07,delivered,180
51400,1093,2026-05-07,delivered,180
51401,1634,2026-05-07,delivered,180
51402,3033,2026-05-07,delivered,140
51403,1251,2026-05-07,delivered,270
51404,2959,2026-05-07,delivered,330
51405,1806,2026-05-07,delivered,140
51406,1026,2026-05-07,delivered,180
51407,2554,2026-05-07,delivered,270
51408,1771,2026-05-07,delivered,230
51409,2292,2026-05-07,delivered,250
51410,1133,2026-05-07,delivered,180
51411,3152,2026-05-07,delivered,270
51412,2865,2026-05-07,delivered,200
51413,1982,2026-05-07,delivered,180
51414,3168,2026-05-07,delivered,90
51415,1061,2026-05-07,delivered,190
51416,1657,2026-05-07,delivered,210
51417,2794,2026-05-07,delivered,150
51418,2495,2026-05-07,delivered,150
51419,3394,2026-05-07,cancelled,90
51420,1176,2026-05-07,delivered,310
51421,1896,2026-05-07,delivered,150
51422,1029,2026-05-07,delivered,300
51423,1933,2026-05-07,delivered,80
51424,1124,2026-05-07,cancelled,230
51425,2609,2026-05-07,delivered,60
51426,3272,2026-05-07,delivered,410
51427,1731,2026-05-07,delivered,180
51428,3372,2026-05-07,delivered,80
51429,2348,2026-05-07,delivered,90
51430,2593,2026-05-07,delivered,90
51431,3310,2026-05-07,delivered,130
51432,1619,2026-05-07,delivered,130
51433,2035,2026-05-07,delivered,240
51434,2742,2026-05-08,delivered,60
51435,2830,2026-05-08,delivered,430
51436,2631,2026-05-08,delivered,70
51437,2651,2026-05-08,delivered,80
51438,2707,2026-05-08,delivered,40
51439,1016,2026-05-08,delivered,40
51440,2389,2026-05-08,cancelled,230
51441,2814,2026-05-08,delivered,60
51442,2307,2026-05-08,cancelled,260
51443,2675,2026-05-08,cancelled,40
51444,2530,2026-05-08,delivered,80
51445,1673,2026-05-08,delivered,180
51446,1590,2026-05-08,delivered,190
51447,3146,2026-05-08,delivered,250
51448,2833,2026-05-08,cancelled,200
51449,3307,2026-05-08,delivered,180
51450,2147,2026-05-08,delivered,280
51451,2151,2026-05-08,delivered,190
51452,1542,2026-05-08,delivered,300
51453,1776,2026-05-08,delivered,400
51454,2469,2026-05-08,delivered,280
51455,1368,2026-05-08,delivered,160
51456,2915,2026-05-08,delivered,90
51457,2099,2026-05-08,delivered,110
51458,1267,2026-05-08,delivered,310
51459,2823,2026-05-08,cancelled,330
51460,3010,2026-05-08,delivered,150
51461,2416,2026-05-08,delivered,90
51462,1791,2026-05-08,delivered,300
51463,1855,2026-05-08,delivered,220
51464,2304,2026-05-08,delivered,160
51465,3352,2026-05-08,delivered,90
51466,3093,2026-05-08,delivered,130
51467,2348,2026-05-08,delivered,80
51468,1089,2026-05-08,delivered,140
51469,2212,2026-05-08,delivered,90
51470,3363,2026-05-08,delivered,110
51471,1782,2026-05-08,delivered,250
51472,1236,2026-05-09,delivered,290
51473,2266,2026-05-09,delivered,180
51474,2412,2026-05-09,delivered,30
51475,3290,2026-05-09,delivered,160
51476,2554,2026-05-09,delivered,80
51477,2814,2026-05-09,delivered,360
51478,2119,2026-05-09,delivered,210
51479,2306,2026-05-09,cancelled,150
51480,2621,2026-05-09,delivered,180
51481,1365,2026-05-09,delivered,220
51482,1929,2026-05-09,delivered,230
51483,2153,2026-05-09,cancelled,160
51484,2987,2026-05-09,delivered,110
51485,3214,2026-05-09,delivered,160
51486,2242,2026-05-09,delivered,330
51487,3322,2026-05-09,delivered,250
51488,3230,2026-05-09,delivered,280
51489,3152,2026-05-09,delivered,220
51490,3139,2026-05-09,delivered,130
51491,3265,2026-05-09,delivered,230
51492,2121,2026-05-09,delivered,130
51493,2801,2026-05-09,delivered,140
51494,1368,2026-05-09,delivered,120
51495,2709,2026-05-09,delivered,280
51496,1551,2026-05-09,delivered,270
51497,1112,2026-05-09,delivered,320
51498,1281,2026-05-09,delivered,270
51499,3150,2026-05-09,delivered,140
51500,1427,2026-05-09,delivered,160
51501,2853,2026-05-09,delivered,290
51502,1334,2026-05-09,delivered,80
51503,2720,2026-05-09,delivered,100
51504,2382,2026-05-09,delivered,60
51505,2602,2026-05-09,cancelled,90
51506,2739,2026-05-09,cancelled,50
51507,3148,2026-05-09,cancelled,30
51508,1256,2026-05-09,delivered,350
51509,2831,2026-05-10,delivered,60
51510,3159,2026-05-10,cancelled,30
51511,2781,2026-05-10,delivered,100
51512,1219,2026-05-10,cancelled,280
51513,2878,2026-05-10,delivered,340
51514,3254,2026-05-10,delivered,180
51515,2037,2026-05-10,delivered,230
51516,1524,2026-05-10,delivered,80
51517,3055,2026-05-10,delivered,420
51518,1498,2026-05-10,delivered,180
51519,1351,2026-05-10,delivered,60
51520,1559,2026-05-10,delivered,270
51521,1624,2026-05-10,delivered,200
51522,3152,2026-05-10,delivered,260
51523,3265,2026-05-10,delivered,280
51524,2822,2026-05-10,delivered,240
51525,1610,2026-05-10,delivered,560
51526,2555,2026-05-10,delivered,120
51527,2136,2026-05-10,delivered,160
51528,1369,2026-05-10,delivered,220
51529,3394,2026-05-10,delivered,180
51530,2543,2026-05-10,delivered,160
51531,2094,2026-05-10,delivered,260
51532,3317,2026-05-10,delivered,340
51533,1546,2026-05-10,delivered,390
51534,2018,2026-05-10,delivered,160
51535,1863,2026-05-10,delivered,30
51536,2746,2026-05-10,delivered,260
51537,2356,2026-05-10,delivered,140
51538,3149,2026-05-10,delivered,190
51539,2130,2026-05-10,delivered,150
51540,1428,2026-05-11,delivered,70
51541,2523,2026-05-11,delivered,90
51542,2433,2026-05-11,delivered,250
51543,3144,2026-05-11,delivered,60
51544,2770,2026-05-11,delivered,120
51545,1164,2026-05-11,delivered,270
51546,2871,2026-05-11,delivered,70
51547,1162,2026-05-11,delivered,180
51548,2280,2026-05-11,cancelled,180
51549,2839,2026-05-11,delivered,250
51550,3199,2026-05-11,delivered,230
51551,3316,2026-05-11,delivered,280
51552,2936,2026-05-11,delivered,250
51553,1403,2026-05-11,cancelled,240
51554,1644,2026-05-11,delivered,100
51555,2327,2026-05-11,delivered,70
51556,3087,2026-05-11,delivered,130
51557,2529,2026-05-11,delivered,40
51558,2925,2026-05-11,delivered,280
51559,1934,2026-05-11,delivered,140
51560,1033,2026-05-11,delivered,120
51561,1794,2026-05-11,delivered,30
51562,2320,2026-05-11,delivered,130
51563,1029,2026-05-11,delivered,30
51564,2401,2026-05-11,delivered,130
51565,2722,2026-05-11,delivered,90
51566,1936,2026-05-11,delivered,60
51567,3399,2026-05-11,delivered,50
51568,2730,2026-05-11,delivered,140
51569,1802,2026-05-11,delivered,80
51570,3183,2026-05-12,delivered,120
51571,1456,2026-05-12,delivered,40
51572,1262,2026-05-12,delivered,60
51573,3277,2026-05-12,delivered,60
51574,2932,2026-05-12,delivered,80
51575,2622,2026-05-12,delivered,120
51576,1384,2026-05-12,delivered,40
51577,3289,2026-05-12,delivered,180
51578,1496,2026-05-12,delivered,30
51579,2810,2026-05-12,delivered,30
51580,1922,2026-05-12,delivered,130
51581,2546,2026-05-12,delivered,330
51582,3307,2026-05-12,delivered,380
51583,1169,2026-05-12,delivered,330
51584,2341,2026-05-12,delivered,190
51585,2286,2026-05-12,cancelled,360
51586,1884,2026-05-12,delivered,180
51587,2267,2026-05-12,delivered,390
51588,2562,2026-05-12,delivered,320
51589,1033,2026-05-12,delivered,690
51590,3154,2026-05-12,cancelled,370
51591,1778,2026-05-12,delivered,230
51592,2276,2026-05-12,delivered,220
51593,2486,2026-05-12,delivered,240
51594,2680,2026-05-12,delivered,80
51595,3077,2026-05-12,delivered,220
51596,1583,2026-05-12,delivered,80
51597,2884,2026-05-12,delivered,310
51598,1152,2026-05-12,cancelled,120
51599,1997,2026-05-12,delivered,60
51600,3404,2026-05-12,delivered,330
51601,2731,2026-05-12,delivered,120
51602,1715,2026-05-12,delivered,130
51603,1861,2026-05-12,delivered,30
51604,3192,2026-05-12,delivered,140
51605,3412,2026-05-13,delivered,330
51606,3253,2026-05-13,delivered,300
51607,1351,2026-05-13,delivered,160
51608,2425,2026-05-13,delivered,60
51609,2425,2026-05-13,delivered,120
51610,2335,2026-05-13,delivered,330
51611,2185,2026-05-13,delivered,360
51612,1262,2026-05-13,delivered,90
51613,1300,2026-05-13,delivered,180
51614,3072,2026-05-13,delivered,80
51615,3214,2026-05-13,delivered,250
51616,2032,2026-05-13,delivered,350
51617,1836,2026-05-13,cancelled,160
51618,2676,2026-05-13,delivered,130
51619,2132,2026-05-13,delivered,220
51620,3232,2026-05-13,cancelled,250
51621,1636,2026-05-13,cancelled,340
51622,2548,2026-05-13,delivered,410
51623,3322,2026-05-13,delivered,210
51624,2648,2026-05-13,delivered,190
51625,3162,2026-05-13,delivered,130
51626,1497,2026-05-13,cancelled,170
51627,3297,2026-05-13,delivered,180
51628,3439,2026-05-13,delivered,240
51629,1982,2026-05-13,delivered,220
51630,1248,2026-05-13,delivered,120
51631,3306,2026-05-13,delivered,30
51632,2812,2026-05-13,delivered,160
51633,1192,2026-05-13,delivered,180
51634,3178,2026-05-13,delivered,140
51635,3306,2026-05-13,delivered,320
51636,1987,2026-05-13,delivered,190
51637,2989,2026-05-13,delivered,90
51638,3233,2026-05-13,delivered,390
51639,1339,2026-05-13,delivered,180
51640,1920,2026-05-13,delivered,80
51641,2030,2026-05-13,delivered,230
51642,3348,2026-05-13,delivered,180
51643,1021,2026-05-13,delivered,80
51644,3262,2026-05-13,delivered,70
51645,2858,2026-05-13,delivered,520
51646,3304,2026-05-13,delivered,320
51647,2293,2026-05-13,delivered,320
51648,2238,2026-05-13,delivered,60
51649,3403,2026-05-13,delivered,90
51650,1513,2026-05-13,delivered,240
51651,1942,2026-05-13,delivered,60
51652,1235,2026-05-13,delivered,50
51653,1832,2026-05-13,delivered,80
51654,3358,2026-05-13,delivered,140
51655,1141,2026-05-13,delivered,30
51656,2418,2026-05-13,delivered,280
51657,2819,2026-05-14,cancelled,80
51658,1165,2026-05-14,delivered,180
51659,1253,2026-05-14,delivered,210
51660,2150,2026-05-14,delivered,180
51661,1613,2026-05-14,cancelled,170
51662,1253,2026-05-14,delivered,210
51663,3051,2026-05-14,delivered,180
51664,1608,2026-05-14,delivered,90
51665,1305,2026-05-14,delivered,340
51666,1301,2026-05-14,delivered,240
51667,1359,2026-05-14,delivered,60
51668,2059,2026-05-14,cancelled,270
51669,3043,2026-05-14,delivered,120
51670,1198,2026-05-14,delivered,300
51671,2732,2026-05-14,delivered,280
51672,3362,2026-05-14,delivered,230
51673,1008,2026-05-14,delivered,250
51674,1774,2026-05-14,delivered,220
51675,2485,2026-05-14,delivered,280
51676,2297,2026-05-14,delivered,280
51677,1133,2026-05-14,delivered,210
51678,2839,2026-05-14,delivered,270
51679,2499,2026-05-14,delivered,360
51680,1200,2026-05-14,delivered,130
51681,1624,2026-05-14,delivered,260
51682,1945,2026-05-14,delivered,40
51683,2529,2026-05-14,delivered,510
51684,1587,2026-05-14,delivered,80
51685,2092,2026-05-14,delivered,290
51686,3153,2026-05-14,delivered,350
51687,2123,2026-05-14,delivered,180
51688,2402,2026-05-14,delivered,260
51689,1346,2026-05-14,delivered,130
51690,2064,2026-05-14,delivered,80
51691,1937,2026-05-14,delivered,430
51692,1787,2026-05-14,delivered,120
51693,2680,2026-05-14,delivered,310
51694,1894,2026-05-14,delivered,220
51695,2699,2026-05-14,delivered,100
51696,1104,2026-05-14,cancelled,400
51697,2302,2026-05-14,delivered,70
51698,2238,2026-05-14,delivered,140
51699,2265,2026-05-14,delivered,270
51700,2437,2026-05-14,delivered,80
51701,3403,2026-05-14,delivered,50
51702,1300,2026-05-15,delivered,180
51703,3421,2026-05-15,delivered,270
51704,3332,2026-05-15,delivered,240
51705,1464,2026-05-15,delivered,180
51706,1901,2026-05-15,delivered,90
51707,1886,2026-05-15,delivered,210
51708,1128,2026-05-15,cancelled,210
51709,1542,2026-05-15,cancelled,220
51710,2256,2026-05-15,delivered,150
51711,2694,2026-05-15,delivered,170
51712,2694,2026-05-15,delivered,300
51713,1779,2026-05-15,delivered,450
51714,3291,2026-05-15,delivered,70
51715,2141,2026-05-15,delivered,220
51716,1749,2026-05-15,delivered,370
51717,3191,2026-05-15,delivered,180
51718,1249,2026-05-15,delivered,280
51719,2506,2026-05-15,cancelled,90
51720,3258,2026-05-15,delivered,90
51721,3329,2026-05-15,delivered,320
51722,2160,2026-05-15,delivered,90
51723,3203,2026-05-15,delivered,130
51724,1715,2026-05-15,delivered,160
51725,2381,2026-05-15,delivered,90
51726,3411,2026-05-15,delivered,200
51727,1666,2026-05-15,delivered,60
51728,1464,2026-05-16,delivered,90
51729,1399,2026-05-16,delivered,300
51730,3159,2026-05-16,delivered,60
51731,1847,2026-05-16,delivered,140
51732,3099,2026-05-16,delivered,180
51733,3248,2026-05-16,delivered,220
51734,2675,2026-05-16,delivered,210
51735,3384,2026-05-16,delivered,70
51736,2174,2026-05-16,delivered,180
51737,1351,2026-05-16,delivered,30
51738,3005,2026-05-16,delivered,270
51739,2932,2026-05-16,cancelled,90
51740,2837,2026-05-16,delivered,250
51741,1818,2026-05-16,delivered,280
51742,1606,2026-05-16,delivered,320
51743,1418,2026-05-16,delivered,220
51744,1624,2026-05-16,delivered,260
51745,3298,2026-05-16,delivered,250
51746,1355,2026-05-16,cancelled,270
51747,2823,2026-05-16,delivered,390
51748,2481,2026-05-16,delivered,120
51749,1562,2026-05-16,cancelled,170
51750,1539,2026-05-16,delivered,260
51751,3111,2026-05-16,delivered,30
51752,2728,2026-05-16,delivered,270
51753,2663,2026-05-16,delivered,130
51754,1535,2026-05-16,delivered,80
51755,3133,2026-05-16,delivered,200
51756,2015,2026-05-16,delivered,180
51757,1311,2026-05-16,delivered,70
51758,1315,2026-05-16,delivered,110
51759,2361,2026-05-16,delivered,120
51760,1021,2026-05-16,delivered,230
51761,1051,2026-05-16,delivered,180
51762,2804,2026-05-16,delivered,200
51763,1141,2026-05-16,delivered,90
51764,3420,2026-05-16,delivered,170
51765,2710,2026-05-16,delivered,270
51766,2535,2026-05-16,delivered,160
51767,3166,2026-05-17,delivered,270
51768,2920,2026-05-17,delivered,60
51769,1072,2026-05-17,delivered,80
51770,1573,2026-05-17,delivered,420
51771,2150,2026-05-17,delivered,60
51772,1300,2026-05-17,cancelled,120
51773,2362,2026-05-17,delivered,270
51774,2836,2026-05-17,delivered,180
51775,1093,2026-05-17,delivered,60
51776,2266,2026-05-17,delivered,170
51777,2878,2026-05-17,delivered,120
51778,2502,2026-05-17,delivered,160
51779,1434,2026-05-17,delivered,190
51780,2541,2026-05-17,cancelled,300
51781,2309,2026-05-17,delivered,230
51782,2204,2026-05-17,delivered,380
51783,1442,2026-05-17,delivered,140
51784,1713,2026-05-17,delivered,250
51785,3250,2026-05-17,delivered,160
51786,1679,2026-05-17,cancelled,160
51787,2253,2026-05-17,delivered,190
51788,1441,2026-05-17,cancelled,230
51789,1775,2026-05-17,delivered,330
51790,2320,2026-05-17,delivered,300
51791,3054,2026-05-17,delivered,530
51792,1263,2026-05-17,cancelled,250
51793,2751,2026-05-17,delivered,90
51794,1469,2026-05-17,delivered,190
51795,2474,2026-05-17,delivered,220
51796,2236,2026-05-17,delivered,210
51797,1011,2026-05-17,delivered,230
51798,1433,2026-05-17,delivered,80
51799,2105,2026-05-17,delivered,180
51800,3192,2026-05-17,delivered,370
51801,2348,2026-05-17,delivered,40
51802,2011,2026-05-18,delivered,140
51803,2885,2026-05-18,delivered,120
51804,1886,2026-05-18,delivered,230
51805,2600,2026-05-18,cancelled,330
51806,2622,2026-05-18,delivered,180
51807,1881,2026-05-18,delivered,210
51808,3296,2026-05-18,delivered,250
51809,1991,2026-05-18,delivered,280
51810,3005,2026-05-18,delivered,410
51811,1262,2026-05-18,delivered,180
51812,1774,2026-05-18,cancelled,250
51813,1842,2026-05-18,delivered,170
51814,1280,2026-05-18,delivered,230
51815,2562,2026-05-18,cancelled,230
51816,1577,2026-05-18,delivered,410
51817,2744,2026-05-18,delivered,280
51818,2580,2026-05-18,delivered,250
51819,1077,2026-05-18,delivered,150
51820,2774,2026-05-18,delivered,360
51821,2476,2026-05-18,delivered,370
51822,2577,2026-05-18,delivered,390
51823,2722,2026-05-18,delivered,120
51824,2848,2026-05-18,delivered,270
51825,1492,2026-05-18,delivered,210
51826,3441,2026-05-18,delivered,40
51827,3114,2026-05-18,cancelled,210
51828,3403,2026-05-18,delivered,80
51829,3426,2026-05-18,delivered,40
51830,2601,2026-05-18,delivered,100
51831,1822,2026-05-18,delivered,40
51832,2502,2026-05-19,delivered,490
51833,3236,2026-05-19,delivered,360
51834,1351,2026-05-19,delivered,150
51835,1467,2026-05-19,delivered,180
51836,2641,2026-05-19,delivered,180
51837,2921,2026-05-19,delivered,270
51838,3033,2026-05-19,delivered,90
51839,3340,2026-05-19,delivered,60
51840,3016,2026-05-19,delivered,30
51841,1783,2026-05-19,delivered,270
51842,2252,2026-05-19,delivered,240
51843,2604,2026-05-19,delivered,140
51844,1506,2026-05-19,delivered,210
51845,3029,2026-05-19,delivered,180
51846,2066,2026-05-19,delivered,60
51847,2819,2026-05-19,delivered,30
51848,1034,2026-05-19,delivered,300
51849,1468,2026-05-19,delivered,300
51850,3263,2026-05-19,delivered,360
51851,1307,2026-05-19,cancelled,220
51852,3307,2026-05-19,delivered,270
51853,3237,2026-05-19,delivered,300
51854,1729,2026-05-19,delivered,190
51855,3375,2026-05-19,delivered,450
51856,2336,2026-05-19,delivered,300
51857,1929,2026-05-19,delivered,360
51858,3110,2026-05-19,delivered,220
51859,1213,2026-05-19,delivered,310
51860,3036,2026-05-19,cancelled,390
51861,3450,2026-05-19,delivered,230
51862,2082,2026-05-19,delivered,190
51863,1469,2026-05-19,delivered,270
51864,2211,2026-05-19,delivered,230
51865,2549,2026-05-19,delivered,350
51866,3341,2026-05-19,delivered,80
51867,1797,2026-05-19,delivered,270
51868,2082,2026-05-19,delivered,150
51869,1748,2026-05-19,delivered,180
51870,2744,2026-05-19,delivered,310
51871,2677,2026-05-19,delivered,40
51872,2743,2026-05-19,delivered,120
51873,2099,2026-05-19,delivered,360
51874,2304,2026-05-19,delivered,240
51875,2018,2026-05-19,delivered,80
51876,1899,2026-05-19,delivered,100
51877,1855,2026-05-19,delivered,90
51878,2902,2026-05-19,delivered,120
51879,2088,2026-05-19,delivered,240
51880,2740,2026-05-19,delivered,100
51881,1732,2026-05-19,delivered,80
51882,1314,2026-05-19,delivered,170
51883,1323,2026-05-19,delivered,160
51884,3426,2026-05-19,delivered,120
51885,2125,2026-05-19,delivered,60
51886,2574,2026-05-20,delivered,310
51887,2610,2026-05-20,delivered,90
51888,1205,2026-05-20,delivered,120
51889,2502,2026-05-20,delivered,80
51890,1922,2026-05-20,delivered,150
51891,1093,2026-05-20,delivered,260
51892,1623,2026-05-20,delivered,60
51893,2106,2026-05-20,delivered,80
51894,1573,2026-05-20,delivered,60
51895,1337,2026-05-20,delivered,280
51896,2564,2026-05-20,delivered,220
51897,1836,2026-05-20,delivered,250
51898,3345,2026-05-20,delivered,90
51899,1438,2026-05-20,delivered,260
51900,3121,2026-05-20,delivered,290
51901,1247,2026-05-20,delivered,190
51902,3408,2026-05-20,delivered,160
51903,3130,2026-05-20,delivered,350
51904,2408,2026-05-20,delivered,90
51905,1011,2026-05-20,delivered,160
51906,2789,2026-05-20,delivered,250
51907,2200,2026-05-20,delivered,120
51908,3378,2026-05-20,delivered,120
51909,1874,2026-05-20,delivered,210
51910,1904,2026-05-20,delivered,220
51911,2282,2026-05-20,delivered,30
51912,1029,2026-05-20,delivered,370
51913,3203,2026-05-20,delivered,160
51914,1910,2026-05-20,delivered,350
51915,2018,2026-05-20,delivered,340
51916,3004,2026-05-20,delivered,60
51917,3203,2026-05-20,delivered,220
51918,2214,2026-05-20,delivered,440
51919,1152,2026-05-20,delivered,80
51920,2419,2026-05-20,delivered,80
51921,1899,2026-05-20,cancelled,90
51922,2487,2026-05-20,delivered,180
51923,3441,2026-05-20,delivered,110
51924,1802,2026-05-20,delivered,30
51925,1919,2026-05-20,delivered,80
51926,2827,2026-05-20,cancelled,90
51927,1378,2026-05-20,delivered,100
51928,2453,2026-05-21,delivered,150
51929,2066,2026-05-21,delivered,240
51930,1293,2026-05-21,cancelled,300
51931,1654,2026-05-21,delivered,130
51932,3116,2026-05-21,delivered,90
51933,3296,2026-05-21,delivered,90
51934,3127,2026-05-21,delivered,460
51935,3459,2026-05-21,delivered,90
51936,1218,2026-05-21,delivered,160
51937,2273,2026-05-21,delivered,80
51938,2619,2026-05-21,delivered,180
51939,2675,2026-05-21,delivered,140
51940,2923,2026-05-21,delivered,310
51941,2341,2026-05-21,cancelled,130
51942,1338,2026-05-21,delivered,170
51943,1468,2026-05-21,cancelled,180
51944,3322,2026-05-21,delivered,280
51945,3109,2026-05-21,delivered,210
51946,3092,2026-05-21,delivered,270
51947,2480,2026-05-21,delivered,170
51948,2056,2026-05-21,cancelled,310
51949,1412,2026-05-21,delivered,30
51950,1396,2026-05-21,delivered,220
51951,1419,2026-05-21,delivered,320
51952,1639,2026-05-21,delivered,180
51953,3443,2026-05-21,delivered,40
51954,2677,2026-05-21,delivered,210
51955,1837,2026-05-21,delivered,370
51956,1609,2026-05-21,delivered,310
51957,1609,2026-05-21,delivered,390
51958,2017,2026-05-21,delivered,170
51959,1492,2026-05-21,delivered,120
51960,2949,2026-05-21,delivered,220
51961,2328,2026-05-21,delivered,120
51962,1758,2026-05-21,delivered,180
51963,1136,2026-05-21,delivered,30
51964,1420,2026-05-21,delivered,50
51965,3411,2026-05-21,delivered,190
51966,3420,2026-05-21,delivered,150
51967,1603,2026-05-21,cancelled,130
51968,2154,2026-05-21,delivered,230
51969,3399,2026-05-21,delivered,110
51970,1661,2026-05-22,delivered,50
51971,1437,2026-05-22,delivered,160
51972,3355,2026-05-22,delivered,270
51973,1923,2026-05-22,delivered,280
51974,1623,2026-05-22,delivered,330
51975,1300,2026-05-22,delivered,190
51976,2002,2026-05-22,delivered,240
51977,2011,2026-05-22,delivered,140
51978,2059,2026-05-22,delivered,370
51979,2575,2026-05-22,delivered,40
51980,1253,2026-05-22,delivered,270
51981,1652,2026-05-22,delivered,400
51982,2047,2026-05-22,delivered,210
51983,1418,2026-05-22,delivered,370
51984,2799,2026-05-22,cancelled,260
51985,2694,2026-05-22,delivered,270
51986,1606,2026-05-22,delivered,180
51987,3291,2026-05-22,delivered,80
51988,1312,2026-05-22,delivered,200
51989,1289,2026-05-22,delivered,70
51990,1318,2026-05-22,delivered,190
51991,3025,2026-05-22,delivered,90
51992,2506,2026-05-22,delivered,60
51993,1970,2026-05-22,delivered,340
51994,2699,2026-05-22,delivered,80
51995,1124,2026-05-22,delivered,60
51996,1533,2026-05-22,delivered,120
51997,1514,2026-05-22,delivered,140
51998,1051,2026-05-22,delivered,140
51999,3379,2026-05-22,delivered,70
52000,1314,2026-05-22,delivered,110
52001,1089,2026-05-22,cancelled,100
52002,2009,2026-05-23,delivered,260
52003,1783,2026-05-23,delivered,40
52004,1555,2026-05-23,delivered,260
52005,3181,2026-05-23,delivered,150
52006,2560,2026-05-23,delivered,270
52007,2021,2026-05-23,cancelled,180
52008,1353,2026-05-23,delivered,70
52009,2250,2026-05-23,delivered,360
52010,3376,2026-05-23,delivered,110
52011,3298,2026-05-23,delivered,320
52012,2694,2026-05-23,cancelled,240
52013,1636,2026-05-23,delivered,340
52014,2799,2026-05-23,delivered,170
52015,1146,2026-05-23,delivered,240
52016,2398,2026-05-23,delivered,190
52017,1177,2026-05-23,delivered,150
52018,2210,2026-05-23,delivered,170
52019,2568,2026-05-23,delivered,160
52020,1955,2026-05-23,delivered,130
52021,2677,2026-05-23,delivered,150
52022,2896,2026-05-23,delivered,60
52023,1936,2026-05-23,delivered,120
52024,2507,2026-05-23,delivered,100
52025,3107,2026-05-23,delivered,440
52026,1260,2026-05-23,delivered,300
52027,1964,2026-05-23,delivered,170
52028,1030,2026-05-24,delivered,160
52029,1120,2026-05-24,delivered,70
52030,1180,2026-05-24,delivered,140
52031,3035,2026-05-24,delivered,260
52032,1804,2026-05-24,delivered,40
52033,2429,2026-05-24,delivered,320
52034,2792,2026-05-24,delivered,180
52035,1574,2026-05-24,delivered,80
52036,3423,2026-05-24,delivered,270
52037,3355,2026-05-24,delivered,60
52038,3294,2026-05-24,delivered,100
52039,2273,2026-05-24,delivered,140
52040,1106,2026-05-24,delivered,60
52041,2185,2026-05-24,delivered,180
52042,1132,2026-05-24,delivered,300
52043,2225,2026-05-24,delivered,90
52044,2608,2026-05-24,delivered,250
52045,1805,2026-05-24,cancelled,80
52046,2010,2026-05-24,delivered,270
52047,2222,2026-05-24,delivered,210
52048,1232,2026-05-24,delivered,240
52049,2788,2026-05-24,delivered,260
52050,3316,2026-05-24,cancelled,370
52051,3082,2026-05-24,delivered,200
52052,1738,2026-05-24,delivered,190
52053,1245,2026-05-24,delivered,180
52054,3007,2026-05-24,delivered,140
52055,2883,2026-05-24,delivered,40
52056,2236,2026-05-24,delivered,220
52057,2800,2026-05-24,cancelled,360
52058,1885,2026-05-24,delivered,150
52059,2196,2026-05-24,delivered,140
52060,2526,2026-05-24,delivered,150
52061,2183,2026-05-24,delivered,60
52062,3480,2026-05-24,delivered,40
52063,2609,2026-05-24,delivered,60
52064,3093,2026-05-24,delivered,100
52065,1141,2026-05-24,delivered,70
52066,1533,2026-05-24,delivered,330
52067,2970,2026-05-24,delivered,90
52068,1887,2026-05-25,delivered,270
52069,3470,2026-05-25,delivered,90
52070,3020,2026-05-25,delivered,80
52071,3491,2026-05-25,delivered,480
52072,2700,2026-05-25,delivered,340
52073,3100,2026-05-25,delivered,160
52074,2830,2026-05-25,delivered,180
52075,2224,2026-05-25,delivered,510
52076,2300,2026-05-25,delivered,180
52077,2127,2026-05-25,delivered,210
52078,3029,2026-05-25,cancelled,210
52079,2493,2026-05-25,delivered,150
52080,3057,2026-05-25,delivered,100
52081,2336,2026-05-25,delivered,190
52082,1247,2026-05-25,delivered,280
52083,1600,2026-05-25,delivered,120
52084,3291,2026-05-25,delivered,170
52085,3087,2026-05-25,delivered,220
52086,2952,2026-05-25,delivered,180
52087,1891,2026-05-25,delivered,90
52088,3387,2026-05-25,delivered,310
52089,2114,2026-05-25,delivered,120
52090,1001,2026-05-25,cancelled,330
52091,2915,2026-05-25,delivered,160
52092,3360,2026-05-25,delivered,90
52093,3124,2026-05-25,delivered,350
52094,2500,2026-05-25,delivered,30
52095,3329,2026-05-25,delivered,160
52096,2511,2026-05-25,delivered,160
52097,1803,2026-05-25,cancelled,120
52098,3228,2026-05-25,delivered,100
52099,1209,2026-05-25,delivered,40
52100,3302,2026-05-25,delivered,200
52101,1204,2026-05-25,delivered,420
52102,2666,2026-05-25,delivered,90
52103,2510,2026-05-25,delivered,230
52104,2447,2026-05-25,delivered,130
52105,1802,2026-05-25,delivered,290
52106,1314,2026-05-25,delivered,90
52107,2550,2026-05-25,cancelled,40
52108,3411,2026-05-25,delivered,130
52109,3466,2026-05-25,delivered,60
52110,2962,2026-05-25,cancelled,120
52111,2212,2026-05-25,delivered,80
52112,2266,2026-05-26,delivered,70
52113,2985,2026-05-26,delivered,80
52114,1553,2026-05-26,delivered,30
52115,2037,2026-05-26,delivered,120
52116,3198,2026-05-26,delivered,260
52117,3402,2026-05-26,delivered,480
52118,2950,2026-05-26,delivered,280
52119,2836,2026-05-26,delivered,120
52120,2450,2026-05-26,delivered,510
52121,1408,2026-05-26,delivered,180
52122,1548,2026-05-26,delivered,180
52123,1410,2026-05-26,delivered,210
52124,1266,2026-05-26,delivered,210
52125,3024,2026-05-26,delivered,280
52126,1425,2026-05-26,delivered,180
52127,2256,2026-05-26,cancelled,210
52128,2377,2026-05-26,delivered,260
52129,1609,2026-05-26,delivered,80
52130,3393,2026-05-26,delivered,160
52131,1355,2026-05-26,delivered,310
52132,2275,2026-05-26,delivered,350
52133,2968,2026-05-26,cancelled,190
52134,2183,2026-05-26,delivered,90
52135,2218,2026-05-26,delivered,390
52136,1364,2026-05-26,delivered,70
52137,2603,2026-05-26,delivered,310
52138,2173,2026-05-26,delivered,120
52139,2722,2026-05-26,cancelled,80
52140,3302,2026-05-26,delivered,60
52141,3330,2026-05-26,delivered,270
52142,2303,2026-05-26,delivered,230
52143,1522,2026-05-26,delivered,90
52144,3088,2026-05-26,delivered,180
52145,1711,2026-05-26,delivered,240
52146,1514,2026-05-26,delivered,180
52147,1612,2026-05-27,delivered,120
52148,3224,2026-05-27,delivered,30
52149,1482,2026-05-27,delivered,270
52150,1651,2026-05-27,delivered,150
52151,2871,2026-05-27,delivered,90
52152,3005,2026-05-27,delivered,160
52153,2595,2026-05-27,delivered,180
52154,1532,2026-05-27,delivered,330
52155,2776,2026-05-27,delivered,210
52156,2468,2026-05-27,cancelled,90
52157,3340,2026-05-27,delivered,180
52158,1253,2026-05-27,delivered,400
52159,3248,2026-05-27,delivered,180
52160,1510,2026-05-27,delivered,510
52161,2610,2026-05-27,delivered,180
52162,1351,2026-05-27,delivered,330
52163,1146,2026-05-27,delivered,170
52164,1968,2026-05-27,delivered,210
52165,3500,2026-05-27,delivered,180
52166,1836,2026-05-27,delivered,320
52167,2153,2026-05-27,delivered,270
52168,2628,2026-05-27,delivered,260
52169,2253,2026-05-27,delivered,300
52170,2708,2026-05-27,delivered,260
52171,2498,2026-05-27,delivered,300
52172,1679,2026-05-27,delivered,320
52173,1468,2026-05-27,delivered,250
52174,3357,2026-05-27,delivered,200
52175,1720,2026-05-27,delivered,290
52176,1986,2026-05-27,delivered,90
52177,2082,2026-05-27,delivered,180
52178,1837,2026-05-27,delivered,140
52179,1273,2026-05-27,delivered,130
52180,1569,2026-05-27,delivered,130
52181,2027,2026-05-27,delivered,90
52182,2361,2026-05-27,delivered,180
52183,1933,2026-05-27,delivered,190
52184,3374,2026-05-27,delivered,50
52185,3446,2026-05-27,delivered,220
52186,2940,2026-05-27,delivered,490
52187,3467,2026-05-27,delivered,230
52188,3348,2026-05-27,delivered,210
52189,1913,2026-05-27,delivered,50
52190,3441,2026-05-27,delivered,130
52191,2559,2026-05-27,delivered,130
52192,1947,2026-05-27,delivered,270
52193,3310,2026-05-27,delivered,90
52194,3165,2026-05-27,delivered,90
52195,1588,2026-05-27,delivered,260
52196,2756,2026-05-27,delivered,160
52197,1922,2026-05-28,delivered,180
52198,2052,2026-05-28,delivered,80
52199,2672,2026-05-28,delivered,330
52200,3305,2026-05-28,delivered,270
52201,1172,2026-05-28,delivered,60
52202,3005,2026-05-28,delivered,120
52203,3034,2026-05-28,cancelled,70
52204,3259,2026-05-28,delivered,140
52205,1622,2026-05-28,delivered,70
52206,3430,2026-05-28,delivered,270
52207,1198,2026-05-28,cancelled,180
52208,2810,2026-05-28,delivered,30
52209,1483,2026-05-28,delivered,180
52210,2733,2026-05-28,cancelled,200
52211,2976,2026-05-28,delivered,180
52212,3232,2026-05-28,delivered,400
52213,3024,2026-05-28,delivered,200
52214,1145,2026-05-28,delivered,150
52215,2532,2026-05-28,delivered,290
52216,3414,2026-05-28,delivered,150
52217,2968,2026-05-28,delivered,130
52218,1609,2026-05-28,cancelled,410
52219,1820,2026-05-28,delivered,170
52220,2706,2026-05-28,delivered,210
52221,2207,2026-05-28,delivered,100
52222,1457,2026-05-28,cancelled,60
52223,2388,2026-05-28,delivered,80
52224,2051,2026-05-28,delivered,170
52225,2786,2026-05-28,delivered,90
52226,2953,2026-05-28,delivered,170
52227,3216,2026-05-28,delivered,90
52228,1726,2026-05-28,delivered,140
52229,2785,2026-05-28,delivered,100
52230,1964,2026-05-28,delivered,80
52231,1102,2026-05-28,delivered,120
52232,2107,2026-05-29,delivered,100
52233,3313,2026-05-29,delivered,180
52234,2552,2026-05-29,delivered,90
52235,3101,2026-05-29,delivered,90
52236,1900,2026-05-29,delivered,280
52237,2920,2026-05-29,delivered,120
52238,2453,2026-05-29,delivered,90
52239,1673,2026-05-29,delivered,160
52240,1092,2026-05-29,delivered,140
52241,2256,2026-05-29,cancelled,300
52242,1320,2026-05-29,delivered,240
52243,1278,2026-05-29,delivered,250
52244,1836,2026-05-29,delivered,230
52245,2354,2026-05-29,cancelled,260
52246,3322,2026-05-29,cancelled,280
52247,1317,2026-05-29,delivered,290
52248,2151,2026-05-29,delivered,200
52249,1083,2026-05-29,delivered,230
52250,2528,2026-05-29,delivered,210
52251,1885,2026-05-29,delivered,230
52252,1336,2026-05-29,delivered,90
52253,1136,2026-05-29,delivered,300
52254,3027,2026-05-29,delivered,330
52255,3252,2026-05-29,delivered,330
52256,2439,2026-05-29,delivered,30
52257,1202,2026-05-29,delivered,230
52258,2375,2026-05-29,cancelled,200
52259,1851,2026-05-29,delivered,60
52260,1892,2026-05-29,delivered,100
52261,2465,2026-05-29,delivered,210
52262,1919,2026-05-29,delivered,90
52263,2021,2026-05-30,delivered,230
52264,3071,2026-05-30,delivered,90
52265,2871,2026-05-30,delivered,180
52266,2115,2026-05-30,delivered,100
52267,2552,2026-05-30,delivered,120
52268,3166,2026-05-30,delivered,320
52269,1555,2026-05-30,cancelled,60
52270,3159,2026-05-30,delivered,300
52271,3332,2026-05-30,delivered,200
52272,3152,2026-05-30,delivered,190
52273,1713,2026-05-30,delivered,240
52274,1199,2026-05-30,delivered,290
52275,3092,2026-05-30,delivered,250
52276,1484,2026-05-30,delivered,160
52277,1642,2026-05-30,delivered,180
52278,2519,2026-05-30,delivered,330
52279,1207,2026-05-30,delivered,220
52280,2568,2026-05-30,cancelled,220
52281,3280,2026-05-30,delivered,90
52282,2919,2026-05-30,cancelled,210
52283,1718,2026-05-30,delivered,190
52284,1170,2026-05-30,delivered,170
52285,2181,2026-05-30,delivered,80
52286,2111,2026-05-30,delivered,390
52287,2992,2026-05-30,delivered,170
52288,2070,2026-05-30,delivered,340
52289,1003,2026-05-30,delivered,80
52290,2955,2026-05-30,cancelled,90
52291,2383,2026-05-30,delivered,50
52292,2437,2026-05-30,cancelled,210
52293,1102,2026-05-30,delivered,60
52294,1845,2026-05-30,delivered,40
52295,2375,2026-05-30,delivered,60
52296,3517,2026-05-31,delivered,140
52297,1560,2026-05-31,delivered,60
52298,1408,2026-05-31,delivered,110
52299,2687,2026-05-31,delivered,120
52300,3069,2026-05-31,delivered,250
52301,3035,2026-05-31,delivered,140
52302,3144,2026-05-31,cancelled,450
52303,3100,2026-05-31,delivered,200
52304,2174,2026-05-31,delivered,210
52305,2628,2026-05-31,delivered,210
52306,1818,2026-05-31,delivered,260
52307,1447,2026-05-31,delivered,210
52308,2590,2026-05-31,delivered,180
52309,1982,2026-05-31,delivered,180
52310,2157,2026-05-31,cancelled,240
52311,1285,2026-05-31,delivered,180
52312,1221,2026-05-31,delivered,40
52313,1331,2026-05-31,delivered,150
52314,1594,2026-05-31,delivered,430
52315,2728,2026-05-31,delivered,280
52316,2765,2026-05-31,delivered,250
52317,2649,2026-05-31,delivered,70
52318,1750,2026-05-31,delivered,480
52319,1910,2026-05-31,delivered,260
52320,1933,2026-05-31,delivered,320
52321,2688,2026-05-31,delivered,80
52322,3396,2026-05-31,delivered,90
52323,2858,2026-05-31,delivered,80
52324,2984,2026-05-31,delivered,80
52325,1803,2026-05-31,delivered,90
52326,3027,2026-05-31,delivered,160
52327,2070,2026-05-31,delivered,30
52328,1314,2026-05-31,delivered,120
52329,3435,2026-05-31,delivered,50
52330,3142,2026-05-31,delivered,200
52331,1089,2026-05-31,delivered,40
52332,2154,2026-05-31,delivered,60
52333,1333,2026-05-31,delivered,80
52334,1869,2026-06-01,delivered,140
52335,1437,2026-06-01,delivered,120
52336,3259,2026-06-01,delivered,60
52337,2252,2026-06-01,delivered,340
52338,1446,2026-06-01,delivered,230
52339,1080,2026-06-01,delivered,180
52340,2546,2026-06-01,delivered,30
52341,2019,2026-06-01,cancelled,370
52342,3100,2026-06-01,cancelled,420
52343,2335,2026-06-01,delivered,250
52344,1857,2026-06-01,delivered,60
52345,3459,2026-06-01,delivered,60
52346,1180,2026-06-01,delivered,110
52347,2373,2026-06-01,delivered,390
52348,3152,2026-06-01,delivered,260
52349,1144,2026-06-01,delivered,260
52350,1287,2026-06-01,delivered,240
52351,3121,2026-06-01,delivered,380
52352,3121,2026-06-01,delivered,310
52353,2712,2026-06-01,delivered,170
52354,2824,2026-06-01,delivered,210
52355,2637,2026-06-01,delivered,80
52356,1807,2026-06-01,delivered,50
52357,1797,2026-06-01,delivered,140
52358,3233,2026-06-01,delivered,250
52359,1152,2026-06-01,delivered,240
52360,1069,2026-06-01,delivered,180
52361,2281,2026-06-01,delivered,120
52362,1392,2026-06-01,delivered,170
52363,2381,2026-06-01,delivered,80
52364,3465,2026-06-01,delivered,290
52365,1462,2026-06-01,delivered,40
52366,1646,2026-06-01,cancelled,270
52367,2081,2026-06-02,delivered,450
52368,2554,2026-06-02,delivered,610
52369,1553,2026-06-02,delivered,60
52370,2185,2026-06-02,delivered,120
52371,1337,2026-06-02,cancelled,180
52372,3294,2026-06-02,delivered,90
52373,1733,2026-06-02,delivered,310
52374,2460,2026-06-02,delivered,180
52375,2273,2026-06-02,delivered,60
52376,2830,2026-06-02,delivered,140
52377,1705,2026-06-02,delivered,120
52378,1270,2026-06-02,delivered,330
52379,1982,2026-06-02,delivered,240
52380,1679,2026-06-02,delivered,160
52381,3121,2026-06-02,delivered,310
52382,3265,2026-06-02,delivered,160
52383,2157,2026-06-02,delivered,370
52384,2120,2026-06-02,cancelled,120
52385,2625,2026-06-02,delivered,320
52386,1309,2026-06-02,delivered,270
52387,2635,2026-06-02,delivered,90
52388,2195,2026-06-02,delivered,140
52389,1739,2026-06-02,delivered,400
52390,1867,2026-06-02,delivered,200
52391,2899,2026-06-02,delivered,280
52392,2070,2026-06-02,cancelled,330
52393,2858,2026-06-02,delivered,390
52394,2148,2026-06-02,delivered,140
52395,2102,2026-06-02,delivered,180
52396,2137,2026-06-02,delivered,100
52397,1629,2026-06-02,delivered,240
52398,2902,2026-06-02,delivered,120
52399,1949,2026-06-02,delivered,520
52400,1420,2026-06-02,delivered,490
52401,2401,2026-06-02,delivered,290
52402,3123,2026-06-02,cancelled,280
52403,2117,2026-06-02,delivered,230
52404,1347,2026-06-02,delivered,390
52405,1202,2026-06-02,delivered,70
52406,1365,2026-06-03,delivered,100
52407,2072,2026-06-03,delivered,80
52408,2732,2026-06-03,cancelled,410
52409,3528,2026-06-03,cancelled,100
52410,3525,2026-06-03,delivered,150
52411,2951,2026-06-03,delivered,180
52412,1429,2026-06-03,delivered,140
52413,2675,2026-06-03,delivered,90
52414,2350,2026-06-03,delivered,140
52415,2917,2026-06-03,delivered,80
52416,2776,2026-06-03,delivered,40
52417,1613,2026-06-03,delivered,360
52418,3063,2026-06-03,delivered,90
52419,3548,2026-06-03,delivered,370
52420,2793,2026-06-03,delivered,320
52421,2079,2026-06-03,delivered,250
52422,2469,2026-06-03,delivered,380
52423,3534,2026-06-03,delivered,210
52424,2936,2026-06-03,delivered,320
52425,2563,2026-06-03,delivered,370
52426,2549,2026-06-03,delivered,480
52427,2952,2026-06-03,delivered,170
52428,2050,2026-06-03,delivered,40
52429,1518,2026-06-03,delivered,190
52430,2428,2026-06-03,delivered,510
52431,1284,2026-06-03,delivered,250
52432,3467,2026-06-03,delivered,260
52433,1803,2026-06-03,delivered,340
52434,2361,2026-06-03,delivered,60
52435,1324,2026-06-03,delivered,250
52436,1311,2026-06-03,delivered,150
52437,1933,2026-06-03,delivered,80
52438,1020,2026-06-03,delivered,30
52439,3039,2026-06-03,delivered,110
52440,3466,2026-06-03,delivered,180
52441,2410,2026-06-03,delivered,140
52442,2154,2026-06-03,delivered,170
52443,2843,2026-06-03,delivered,50
52444,2482,2026-06-03,delivered,90
52445,1744,2026-06-03,delivered,180
52446,3420,2026-06-03,delivered,90
52447,3062,2026-06-04,delivered,80
52448,2932,2026-06-04,delivered,180
52449,1727,2026-06-04,delivered,120
52450,1006,2026-06-04,delivered,180
52451,3159,2026-06-04,cancelled,330
52452,2144,2026-06-04,delivered,180
52453,3241,2026-06-04,delivered,60
52454,2672,2026-06-04,delivered,240
52455,1620,2026-06-04,delivered,310
52456,1566,2026-06-04,delivered,80
52457,2588,2026-06-04,delivered,200
52458,2590,2026-06-04,delivered,330
52459,1679,2026-06-04,delivered,160
52460,1243,2026-06-04,delivered,200
52461,2590,2026-06-04,delivered,190
52462,1410,2026-06-04,delivered,260
52463,3398,2026-06-04,delivered,230
52464,2715,2026-06-04,delivered,240
52465,3171,2026-06-04,delivered,170
52466,1318,2026-06-04,delivered,230
52467,3350,2026-06-04,delivered,220
52468,2226,2026-06-04,delivered,180
52469,2790,2026-06-04,delivered,430
52470,1248,2026-06-04,delivered,110
52471,2725,2026-06-04,delivered,150
52472,2015,2026-06-04,delivered,80
52473,2365,2026-06-04,delivered,330
52474,3359,2026-06-04,delivered,410
52475,2344,2026-06-04,delivered,240
52476,2488,2026-06-04,delivered,60
52477,2015,2026-06-04,delivered,130
52478,2721,2026-06-04,delivered,570
52479,1463,2026-06-04,delivered,30
52480,1558,2026-06-04,delivered,140
52481,2212,2026-06-04,delivered,90
52482,2962,2026-06-04,delivered,100
52483,3420,2026-06-04,delivered,200
52484,1959,2026-06-04,delivered,60
52485,3165,2026-06-04,delivered,170
52486,1065,2026-06-04,delivered,150
52487,2179,2026-06-04,delivered,50
52488,2727,2026-06-05,delivered,100
52489,3422,2026-06-05,delivered,170
52490,3502,2026-06-05,delivered,270
52491,2805,2026-06-05,delivered,70
52492,1574,2026-06-05,delivered,180
52493,3421,2026-06-05,delivered,50
52494,1641,2026-06-05,delivered,190
52495,1542,2026-06-05,delivered,300
52496,2096,2026-06-05,delivered,320
52497,1329,2026-06-05,delivered,220
52498,3299,2026-06-05,delivered,80
52499,2141,2026-06-05,delivered,150
52500,3274,2026-06-05,delivered,270
52501,2678,2026-06-05,delivered,120
52502,1708,2026-06-05,delivered,140
52503,3196,2026-06-05,delivered,150
52504,2259,2026-06-05,delivered,90
52505,2063,2026-06-05,delivered,120
52506,1044,2026-06-05,cancelled,170
52507,2751,2026-06-05,delivered,150
52508,3352,2026-06-05,delivered,60
52509,1142,2026-06-05,delivered,230
52510,3011,2026-06-05,delivered,120
52511,2205,2026-06-05,delivered,290
52512,1535,2026-06-05,delivered,120
52513,1767,2026-06-05,delivered,120
52514,3360,2026-06-05,delivered,640
52515,1855,2026-06-05,delivered,80
52516,1349,2026-06-05,delivered,240
52517,1019,2026-06-05,delivered,210
52518,2615,2026-06-05,delivered,90
52519,2804,2026-06-05,delivered,140
52520,1514,2026-06-05,delivered,70
52521,1919,2026-06-05,delivered,180
52522,1089,2026-06-05,delivered,130
52523,2856,2026-06-05,delivered,100
52524,1856,2026-06-06,delivered,180
52525,2389,2026-06-06,delivered,150
52526,1702,2026-06-06,delivered,60
52527,2530,2026-06-06,delivered,30
52528,2052,2026-06-06,delivered,180
52529,3055,2026-06-06,delivered,80
52530,2138,2026-06-06,delivered,270
52531,3402,2026-06-06,delivered,60
52532,3296,2026-06-06,delivered,120
52533,3481,2026-06-06,delivered,90
52534,3034,2026-06-06,cancelled,360
52535,1631,2026-06-06,delivered,310
52536,2267,2026-06-06,cancelled,270
52537,1982,2026-06-06,delivered,290
52538,1819,2026-06-06,delivered,280
52539,2399,2026-06-06,delivered,310
52540,3170,2026-06-06,delivered,130
52541,1476,2026-06-06,delivered,420
52542,2325,2026-06-06,delivered,330
52543,2605,2026-06-06,delivered,320
52544,1154,2026-06-06,delivered,180
52545,1166,2026-06-06,delivered,310
52546,1101,2026-06-06,delivered,140
52547,1718,2026-06-06,delivered,420
52548,3112,2026-06-06,delivered,40
52549,2129,2026-06-06,delivered,160
52550,2519,2026-06-06,delivered,60
52551,1419,2026-06-06,delivered,200
52552,1240,2026-06-06,delivered,120
52553,1059,2026-06-06,delivered,160
52554,2666,2026-06-06,delivered,80
52555,2884,2026-06-06,delivered,150
52556,2876,2026-06-06,delivered,60
52557,2617,2026-06-06,delivered,260
52558,2465,2026-06-06,delivered,380
52559,1700,2026-06-06,delivered,50
52560,2273,2026-06-07,delivered,180
52561,1394,2026-06-07,delivered,260
52562,2732,2026-06-07,delivered,30
52563,1353,2026-06-07,delivered,90
52564,3144,2026-06-07,delivered,180
52565,1633,2026-06-07,delivered,300
52566,1674,2026-06-07,cancelled,120
52567,2554,2026-06-07,delivered,90
52568,3355,2026-06-07,delivered,130
52569,2644,2026-06-07,delivered,110
52570,2423,2026-06-07,delivered,90
52571,3063,2026-06-07,delivered,60
52572,3276,2026-06-07,delivered,80
52573,3170,2026-06-07,delivered,250
52574,2165,2026-06-07,delivered,180
52575,3256,2026-06-07,delivered,310
52576,1307,2026-06-07,delivered,280
52577,1410,2026-06-07,delivered,330
52578,2196,2026-06-07,delivered,40
52579,2142,2026-06-07,delivered,30
52580,2782,2026-06-07,delivered,280
52581,2210,2026-06-07,delivered,180
52582,1617,2026-06-07,delivered,100
52583,2580,2026-06-07,delivered,220
52584,2824,2026-06-07,delivered,570
52585,2580,2026-06-07,delivered,140
52586,1708,2026-06-07,delivered,70
52587,2244,2026-06-07,delivered,360
52588,2551,2026-06-07,cancelled,190
52589,1029,2026-06-07,cancelled,300
52590,3311,2026-06-07,delivered,240
52591,1910,2026-06-07,delivered,110
52592,3311,2026-06-07,delivered,100
52593,1021,2026-06-07,delivered,230
52594,3004,2026-06-07,delivered,150
52595,2507,2026-06-07,delivered,350
52596,2688,2026-06-07,delivered,200
52597,1421,2026-06-07,delivered,160
52598,1949,2026-06-07,cancelled,170
52599,1960,2026-06-07,delivered,280
52600,1558,2026-06-07,delivered,90
52601,1839,2026-06-07,cancelled,100
52602,1714,2026-06-07,delivered,230
52603,3425,2026-06-07,delivered,150
52604,2995,2026-06-07,delivered,40
52605,1452,2026-06-07,cancelled,200
52606,2348,2026-06-07,delivered,170
52607,3424,2026-06-07,delivered,130
52608,3140,2026-06-07,delivered,30
52609,3405,2026-06-08,delivered,60
52610,1236,2026-06-08,delivered,200
52611,2083,2026-06-08,delivered,240
52612,2066,2026-06-08,delivered,90
52613,3229,2026-06-08,delivered,40
52614,3355,2026-06-08,delivered,60
52615,3276,2026-06-08,cancelled,90
52616,1030,2026-06-08,delivered,270
52617,1023,2026-06-08,delivered,140
52618,2633,2026-06-08,cancelled,250
52619,3234,2026-06-08,delivered,220
52620,1510,2026-06-08,delivered,60
52621,1911,2026-06-08,delivered,120
52622,2928,2026-06-08,delivered,180
52623,2951,2026-06-08,delivered,60
52624,3474,2026-06-08,delivered,150
52625,2025,2026-06-08,delivered,260
52626,2420,2026-06-08,delivered,250
52627,2986,2026-06-08,delivered,200
52628,2947,2026-06-08,delivered,280
52629,3092,2026-06-08,delivered,160
52630,2192,2026-06-08,delivered,270
52631,3488,2026-06-08,delivered,290
52632,1001,2026-06-08,delivered,90
52633,2597,2026-06-08,delivered,180
52634,1367,2026-06-08,cancelled,40
52635,3388,2026-06-08,delivered,180
52636,3001,2026-06-08,delivered,70
52637,2844,2026-06-08,delivered,360
52638,3443,2026-06-08,delivered,130
52639,1028,2026-06-08,delivered,70
52640,3233,2026-06-08,delivered,220
52641,3299,2026-06-08,delivered,250
52642,1324,2026-06-08,delivered,310
52643,1494,2026-06-08,delivered,380
52644,1235,2026-06-08,delivered,80
52645,1067,2026-06-08,delivered,180
52646,2124,2026-06-08,delivered,140
52647,1668,2026-06-08,delivered,160
52648,3551,2026-06-09,delivered,180
52649,2542,2026-06-09,delivered,160
52650,3400,2026-06-09,delivered,270
52651,2004,2026-06-09,delivered,110
52652,1064,2026-06-09,delivered,180
52653,3453,2026-06-09,delivered,330
52654,1120,2026-06-09,delivered,60
52655,1300,2026-06-09,delivered,120
52656,1353,2026-06-09,delivered,500
52657,1300,2026-06-09,delivered,30
52658,3073,2026-06-09,delivered,230
52659,2425,2026-06-09,cancelled,180
52660,1843,2026-06-09,delivered,230
52661,3265,2026-06-09,delivered,220
52662,3471,2026-06-09,delivered,250
52663,3298,2026-06-09,delivered,270
52664,3345,2026-06-09,delivered,360
52665,1507,2026-06-09,delivered,80
52666,3233,2026-06-09,cancelled,170
52667,3018,2026-06-09,delivered,180
52668,2436,2026-06-09,delivered,160
52669,3018,2026-06-09,delivered,60
52670,2311,2026-06-09,delivered,260
52671,2536,2026-06-09,delivered,90
52672,3330,2026-06-09,delivered,60
52673,3374,2026-06-09,delivered,80
52674,1780,2026-06-09,delivered,140
52675,2772,2026-06-09,delivered,160
52676,2732,2026-06-10,delivered,180
52677,2367,2026-06-10,delivered,60
52678,3029,2026-06-10,delivered,180
52679,2037,2026-06-10,cancelled,240
52680,2608,2026-06-10,cancelled,90
52681,2392,2026-06-10,delivered,480
52682,2081,2026-06-10,delivered,390
52683,1365,2026-06-10,delivered,30
52684,3468,2026-06-10,delivered,30
52685,2492,2026-06-10,delivered,50
52686,2797,2026-06-10,delivered,320
52687,3312,2026-06-10,delivered,90
52688,2024,2026-06-10,delivered,350
52689,1212,2026-06-10,delivered,140
52690,3431,2026-06-10,delivered,310
52691,2956,2026-06-10,delivered,210
52692,1213,2026-06-10,delivered,340
52693,2141,2026-06-10,delivered,40
52694,3393,2026-06-10,delivered,90
52695,1609,2026-06-10,delivered,30
52696,3562,2026-06-10,delivered,180
52697,2210,2026-06-10,cancelled,190
52698,3156,2026-06-10,cancelled,270
52699,2092,2026-06-10,delivered,130
52700,2166,2026-06-10,delivered,270
52701,2327,2026-06-10,delivered,180
52702,3068,2026-06-10,delivered,90
52703,1526,2026-06-10,delivered,120
52704,1715,2026-06-10,delivered,150
52705,2582,2026-06-10,delivered,70
52706,2070,2026-06-10,delivered,250
52707,2069,2026-06-10,delivered,170
52708,1390,2026-06-10,delivered,90
52709,1838,2026-06-10,delivered,230
52710,2802,2026-06-10,delivered,140
52711,2604,2026-06-11,delivered,90
52712,1696,2026-06-11,delivered,340
52713,2732,2026-06-11,delivered,270
52714,2631,2026-06-11,delivered,570
52715,3056,2026-06-11,delivered,60
52716,1198,2026-06-11,delivered,260
52717,1351,2026-06-11,delivered,90
52718,1674,2026-06-11,delivered,430
52719,1005,2026-06-11,delivered,90
52720,1869,2026-06-11,delivered,60
52721,1247,2026-06-11,delivered,350
52722,2407,2026-06-11,delivered,200
52723,2579,2026-06-11,delivered,330
52724,1271,2026-06-11,delivered,210
52725,2562,2026-06-11,delivered,310
52726,2590,2026-06-11,delivered,370
52727,1121,2026-06-11,delivered,270
52728,3045,2026-06-11,cancelled,170
52729,2844,2026-06-11,delivered,210
52730,1740,2026-06-11,delivered,350
52731,2200,2026-06-11,delivered,120
52732,3215,2026-06-11,cancelled,270
52733,1234,2026-06-11,delivered,190
52734,1449,2026-06-11,delivered,390
52735,3354,2026-06-11,cancelled,120
52736,2594,2026-06-11,delivered,140
52737,1659,2026-06-11,cancelled,60
52738,3352,2026-06-11,delivered,140
52739,1801,2026-06-11,delivered,130
52740,2036,2026-06-11,delivered,260
52741,1674,2026-06-12,delivered,30
52742,1440,2026-06-12,delivered,40
52743,1887,2026-06-12,delivered,210
52744,2542,2026-06-12,delivered,60
52745,2770,2026-06-12,delivered,120
52746,1661,2026-06-12,delivered,140
52747,2216,2026-06-12,delivered,140
52748,2330,2026-06-12,delivered,210
52749,2904,2026-06-12,delivered,200
52750,3355,2026-06-12,delivered,60
52751,3595,2026-06-12,delivered,60
52752,1382,2026-06-12,delivered,290
52753,2081,2026-06-12,delivered,140
52754,3259,2026-06-12,cancelled,60
52755,1555,2026-06-12,delivered,160
52756,1399,2026-06-12,delivered,160
52757,2267,2026-06-12,cancelled,210
52758,2708,2026-06-12,delivered,310
52759,1121,2026-06-12,delivered,170
52760,2572,2026-06-12,delivered,310
52761,1931,2026-06-12,delivered,250
52762,1569,2026-06-12,delivered,160
52763,2175,2026-06-12,delivered,140
52764,3299,2026-06-12,delivered,90
52765,1688,2026-06-12,delivered,380
52766,1336,2026-06-12,delivered,230
52767,2050,2026-06-12,delivered,90
52768,3006,2026-06-12,delivered,60
52769,2249,2026-06-12,delivered,60
52770,3411,2026-06-12,delivered,180
52771,2385,2026-06-13,delivered,270
52772,2530,2026-06-13,delivered,160
52773,3213,2026-06-13,delivered,60
52774,3412,2026-06-13,delivered,60
52775,1072,2026-06-13,delivered,210
52776,2052,2026-06-13,delivered,180
52777,1429,2026-06-13,delivered,180
52778,1131,2026-06-13,delivered,40
52779,2742,2026-06-13,delivered,270
52780,3071,2026-06-13,delivered,40
52781,1127,2026-06-13,cancelled,240
52782,3477,2026-06-13,delivered,230
52783,2098,2026-06-13,delivered,290
52784,1559,2026-06-13,delivered,300
52785,3316,2026-06-13,delivered,180
52786,2899,2026-06-13,delivered,160
52787,2063,2026-06-13,delivered,170
52788,2402,2026-06-13,delivered,150
52789,1617,2026-06-13,delivered,60
52790,1868,2026-06-13,delivered,230
52791,2403,2026-06-13,delivered,520
52792,2444,2026-06-13,delivered,350
52793,2859,2026-06-13,delivered,280
52794,2953,2026-06-13,delivered,40
52795,2125,2026-06-13,delivered,90
52796,2167,2026-06-13,delivered,180
52797,1378,2026-06-13,delivered,200
52798,2227,2026-06-13,delivered,120
52799,2364,2026-06-13,delivered,150
52800,3192,2026-06-13,delivered,90
52801,2227,2026-06-13,delivered,220
52802,3411,2026-06-13,delivered,50
52803,1537,2026-06-14,delivered,180
52804,1251,2026-06-14,delivered,100
52805,2037,2026-06-14,delivered,180
52806,2037,2026-06-14,delivered,180
52807,3294,2026-06-14,delivered,210
52808,3381,2026-06-14,delivered,160
52809,1555,2026-06-14,delivered,320
52810,2661,2026-06-14,delivered,90
52811,2385,2026-06-14,delivered,270
52812,1553,2026-06-14,delivered,90
52813,3193,2026-06-14,cancelled,210
52814,1524,2026-06-14,delivered,90
52815,2631,2026-06-14,delivered,160
52816,1536,2026-06-14,delivered,100
52817,3166,2026-06-14,delivered,30
52818,2267,2026-06-14,delivered,150
52819,3082,2026-06-14,delivered,280
52820,1641,2026-06-14,delivered,300
52821,1813,2026-06-14,delivered,310
52822,2694,2026-06-14,delivered,340
52823,2564,2026-06-14,delivered,240
52824,1963,2026-06-14,delivered,120
52825,1103,2026-06-14,delivered,310
52826,1884,2026-06-14,delivered,240
52827,1969,2026-06-14,delivered,330
52828,1985,2026-06-14,delivered,200
52829,2869,2026-06-14,delivered,150
52830,2853,2026-06-14,delivered,60
52831,1960,2026-06-14,delivered,120
52832,1375,2026-06-14,delivered,60
52833,1297,2026-06-14,delivered,40
52834,3514,2026-06-14,delivered,80
52835,3338,2026-06-14,cancelled,50
52836,2725,2026-06-14,delivered,300
52837,1683,2026-06-14,cancelled,80
52838,3337,2026-06-14,delivered,130
52839,1235,2026-06-14,delivered,300
52840,3339,2026-06-14,delivered,220
52841,1070,2026-06-15,delivered,60
52842,2742,2026-06-15,delivered,180
52843,1538,2026-06-15,delivered,270
52844,2059,2026-06-15,delivered,210
52845,2668,2026-06-15,delivered,60
52846,2631,2026-06-15,delivered,320
52847,3276,2026-06-15,delivered,160
52848,3569,2026-06-15,delivered,60
52849,2290,2026-06-15,delivered,60
52850,2620,2026-06-15,delivered,50
52851,3377,2026-06-15,delivered,160
52852,1916,2026-06-15,delivered,340
52853,2153,2026-06-15,delivered,320
52854,3376,2026-06-15,delivered,320
52855,3152,2026-06-15,delivered,180
52856,2133,2026-06-15,delivered,350
52857,2279,2026-06-15,delivered,120
52858,1110,2026-06-15,delivered,300
52859,2923,2026-06-15,delivered,350
52860,3357,2026-06-15,delivered,90
52861,1445,2026-06-15,delivered,390
52862,2565,2026-06-15,delivered,160
52863,1011,2026-06-15,delivered,130
52864,3582,2026-06-15,delivered,70
52865,2022,2026-06-15,delivered,140
52866,1684,2026-06-15,delivered,120
52867,1535,2026-06-15,delivered,160
52868,3138,2026-06-15,delivered,90
52869,2214,2026-06-15,delivered,120
52870,2995,2026-06-15,delivered,180
52871,2212,2026-06-15,cancelled,80
52872,1168,2026-06-15,delivered,80
52873,1946,2026-06-15,delivered,80
52874,1666,2026-06-15,delivered,90
52875,3183,2026-06-16,delivered,70
52876,3005,2026-06-16,delivered,330
52877,3529,2026-06-16,delivered,120
52878,3340,2026-06-16,cancelled,180
52879,3502,2026-06-16,delivered,140
52880,1126,2026-06-16,delivered,180
52881,1064,2026-06-16,delivered,140
52882,2562,2026-06-16,delivered,330
52883,3386,2026-06-16,delivered,230
52884,2055,2026-06-16,cancelled,380
52885,3386,2026-06-16,delivered,170
52886,1924,2026-06-16,cancelled,140
52887,2788,2026-06-16,delivered,300
52888,2280,2026-06-16,delivered,210
52889,1813,2026-06-16,delivered,220
52890,3413,2026-06-16,delivered,210
52891,3122,2026-06-16,delivered,90
52892,3562,2026-06-16,delivered,440
52893,3036,2026-06-16,delivered,90
52894,1111,2026-06-16,delivered,360
52895,3185,2026-06-16,delivered,70
52896,2220,2026-06-16,delivered,340
52897,3138,2026-06-16,delivered,280
52898,1829,2026-06-16,delivered,80
52899,3151,2026-06-16,delivered,180
52900,2680,2026-06-16,delivered,30
52901,2723,2026-06-16,delivered,40
52902,2146,2026-06-16,delivered,40
52903,3374,2026-06-16,delivered,240
52904,2725,2026-06-16,cancelled,360
52905,2954,2026-06-16,delivered,130
52906,1427,2026-06-16,delivered,150
52907,1105,2026-06-16,delivered,120
52908,3379,2026-06-16,delivered,210
52909,1333,2026-06-16,delivered,130
52910,1096,2026-06-16,delivered,270
52911,1436,2026-06-17,delivered,70
52912,1554,2026-06-17,delivered,150
52913,2934,2026-06-17,delivered,30
52914,3390,2026-06-17,delivered,160
52915,2456,2026-06-17,delivered,90
52916,3248,2026-06-17,delivered,260
52917,2081,2026-06-17,delivered,60
52918,3072,2026-06-17,delivered,210
52919,3590,2026-06-17,delivered,390
52920,3229,2026-06-17,delivered,180
52921,3248,2026-06-17,delivered,120
52922,3128,2026-06-17,delivered,630
52923,2003,2026-06-17,delivered,550
52924,3159,2026-06-17,delivered,230
52925,1017,2026-06-17,cancelled,30
52926,3290,2026-06-17,delivered,210
52927,2053,2026-06-17,delivered,120
52928,2308,2026-06-17,delivered,430
52929,2480,2026-06-17,delivered,180
52930,3194,2026-06-17,delivered,310
52931,3209,2026-06-17,delivered,180
52932,2788,2026-06-17,delivered,510
52933,1641,2026-06-17,delivered,260
52934,1155,2026-06-17,delivered,240
52935,1954,2026-06-17,delivered,120
52936,1445,2026-06-17,cancelled,130
52937,1508,2026-06-17,delivered,130
52938,1224,2026-06-17,delivered,150
52939,3299,2026-06-17,delivered,170
52940,1720,2026-06-17,delivered,110
52941,2705,2026-06-17,delivered,360
52942,1477,2026-06-17,delivered,270
52943,1111,2026-06-17,delivered,210
52944,1708,2026-06-17,delivered,230
52945,3168,2026-06-17,delivered,570
52946,1184,2026-06-17,delivered,260
52947,3320,2026-06-17,delivered,40
52948,3138,2026-06-17,delivered,220
52949,3594,2026-06-17,delivered,80
52950,2100,2026-06-17,delivered,30
52951,1536,2026-06-18,delivered,80
52952,1973,2026-06-18,delivered,70
52953,3234,2026-06-18,delivered,70
52954,1751,2026-06-18,delivered,120
52955,1091,2026-06-18,delivered,180
52956,1437,2026-06-18,delivered,150
52957,3126,2026-06-18,delivered,40
52958,3021,2026-06-18,delivered,320
52959,2641,2026-06-18,delivered,450
52960,3355,2026-06-18,delivered,230
52961,1080,2026-06-18,delivered,430
52962,1922,2026-06-18,delivered,210
52963,1869,2026-06-18,delivered,90
52964,3453,2026-06-18,delivered,180
52965,1070,2026-06-18,delivered,30
52966,3422,2026-06-18,delivered,60
52967,2641,2026-06-18,delivered,120
52968,2976,2026-06-18,delivered,250
52969,1199,2026-06-18,delivered,120
52970,2420,2026-06-18,delivered,180
52971,2135,2026-06-18,delivered,100
52972,3535,2026-06-18,delivered,190
52973,3307,2026-06-18,cancelled,330
52974,1567,2026-06-18,delivered,260
52975,1789,2026-06-18,delivered,400
52976,1169,2026-06-18,delivered,300
52977,1827,2026-06-18,delivered,360
52978,1809,2026-06-18,delivered,160
52979,3154,2026-06-18,delivered,140
52980,2092,2026-06-18,delivered,130
52981,2094,2026-06-18,delivered,310
52982,2099,2026-06-18,delivered,200
52983,3136,2026-06-18,delivered,180
52984,1215,2026-06-18,delivered,70
52985,3153,2026-06-18,delivered,450
52986,1381,2026-06-18,delivered,200
52987,1489,2026-06-18,delivered,110
52988,2338,2026-06-18,delivered,150
52989,1526,2026-06-18,delivered,90
52990,1791,2026-06-18,delivered,170
52991,2428,2026-06-18,delivered,70
52992,1965,2026-06-18,delivered,500
52993,1029,2026-06-18,delivered,240
52994,1397,2026-06-18,delivered,130
52995,2087,2026-06-18,delivered,30
52996,2615,2026-06-18,delivered,50
52997,3314,2026-06-19,cancelled,120
52998,2905,2026-06-19,delivered,120
52999,2622,2026-06-19,delivered,70
53000,2523,2026-06-19,delivered,140
53001,1673,2026-06-19,delivered,150
53002,2392,2026-06-19,delivered,60
53003,1510,2026-06-19,delivered,170
53004,3436,2026-06-19,delivered,90
53005,2440,2026-06-19,delivered,30
53006,3182,2026-06-19,delivered,270
53007,1018,2026-06-19,delivered,60
53008,2793,2026-06-19,delivered,250
53009,2914,2026-06-19,delivered,320
53010,3345,2026-06-19,delivered,230
53011,3047,2026-06-19,delivered,300
53012,2034,2026-06-19,delivered,150
53013,1677,2026-06-19,delivered,180
53014,2567,2026-06-19,delivered,410
53015,2490,2026-06-19,delivered,90
53016,1331,2026-06-19,delivered,460
53017,1264,2026-06-19,delivered,210
53018,1331,2026-06-19,delivered,270
53019,3599,2026-06-19,delivered,90
53020,1298,2026-06-19,delivered,70
53021,2627,2026-06-19,delivered,330
53022,2731,2026-06-19,delivered,280
53023,3523,2026-06-19,delivered,80
53024,3348,2026-06-19,delivered,250
53025,3538,2026-06-19,delivered,410
53026,2382,2026-06-19,delivered,80
53027,1583,2026-06-19,delivered,50
53028,2674,2026-06-19,delivered,180
53029,3325,2026-06-19,delivered,50
53030,3148,2026-06-19,delivered,170
53031,1348,2026-06-19,delivered,90
53032,3076,2026-06-19,delivered,240
53033,1463,2026-06-19,delivered,180
53034,3424,2026-06-19,delivered,120
53035,2167,2026-06-19,delivered,160
53036,3179,2026-06-19,delivered,40
53037,3140,2026-06-19,delivered,190
53038,1025,2026-06-20,delivered,180
53039,3560,2026-06-20,delivered,30
53040,2059,2026-06-20,delivered,340
53041,2631,2026-06-20,delivered,40
53042,2284,2026-06-20,delivered,210
53043,3505,2026-06-20,delivered,90
53044,2575,2026-06-20,delivered,80
53045,2881,2026-06-20,delivered,140
53046,1608,2026-06-20,cancelled,40
53047,3034,2026-06-20,delivered,400
53048,1751,2026-06-20,delivered,30
53049,1328,2026-06-20,delivered,120
53050,2552,2026-06-20,delivered,390
53051,2340,2026-06-20,cancelled,60
53052,3412,2026-06-20,delivered,170
53053,1634,2026-06-20,delivered,180
53054,1423,2026-06-20,cancelled,170
53055,1139,2026-06-20,delivered,180
53056,1476,2026-06-20,delivered,210
53057,1144,2026-06-20,delivered,250
53058,1656,2026-06-20,delivered,340
53059,1129,2026-06-20,delivered,190
53060,3273,2026-06-20,delivered,250
53061,1618,2026-06-20,delivered,200
53062,2495,2026-06-20,delivered,210
53063,3608,2026-06-20,delivered,230
53064,1867,2026-06-20,cancelled,420
53065,3451,2026-06-20,delivered,120
53066,2844,2026-06-20,delivered,180
53067,1896,2026-06-20,delivered,130
53068,2695,2026-06-20,delivered,40
53069,2926,2026-06-20,cancelled,50
53070,3504,2026-06-20,delivered,60
53071,1068,2026-06-20,delivered,150
53072,2088,2026-06-20,delivered,150
53073,1492,2026-06-20,delivered,150
53074,3363,2026-06-20,delivered,60
53075,1845,2026-06-20,delivered,210
53076,2816,2026-06-20,delivered,50
53077,2348,2026-06-20,delivered,50
53078,3563,2026-06-20,delivered,90
53079,2417,2026-06-20,delivered,240
53080,2797,2026-06-21,delivered,30
53081,1922,2026-06-21,delivered,270
53082,2273,2026-06-21,delivered,270
53083,1622,2026-06-21,delivered,140
53084,2881,2026-06-21,cancelled,40
53085,2372,2026-06-21,delivered,240
53086,3294,2026-06-21,delivered,240
53087,1475,2026-06-21,cancelled,240
53088,2899,2026-06-21,delivered,360
53089,1282,2026-06-21,delivered,310
53090,1544,2026-06-21,cancelled,190
53091,1563,2026-06-21,delivered,270
53092,1882,2026-06-21,delivered,240
53093,1477,2026-06-21,delivered,230
53094,2049,2026-06-21,delivered,40
53095,2195,2026-06-21,delivered,80
53096,3530,2026-06-21,delivered,250
53097,1054,2026-06-21,delivered,40
53098,1739,2026-06-21,delivered,90
53099,1610,2026-06-21,delivered,170
53100,3628,2026-06-21,delivered,40
53101,1209,2026-06-21,delivered,190
53102,2233,2026-06-21,delivered,110
53103,1045,2026-06-21,delivered,110
53104,2015,2026-06-21,delivered,80
53105,2131,2026-06-21,delivered,80
53106,3272,2026-06-21,delivered,270
53107,2766,2026-06-21,delivered,280
53108,3426,2026-06-21,cancelled,140
53109,3141,2026-06-21,delivered,130
53110,2179,2026-06-21,cancelled,50
53111,3134,2026-06-22,delivered,150
53112,3459,2026-06-22,delivered,410
53113,3505,2026-06-22,cancelled,180
53114,1198,2026-06-22,delivered,80
53115,2138,2026-06-22,delivered,40
53116,2306,2026-06-22,delivered,30
53117,3528,2026-06-22,delivered,80
53118,1126,2026-06-22,delivered,180
53119,3577,2026-06-22,delivered,250
53120,1110,2026-06-22,delivered,220
53121,1827,2026-06-22,delivered,200
53122,2734,2026-06-22,delivered,380
53123,1043,2026-06-22,delivered,160
53124,1776,2026-06-22,delivered,320
53125,1906,2026-06-22,delivered,270
53126,1925,2026-06-22,delivered,240
53127,3544,2026-06-22,cancelled,50
53128,1860,2026-06-22,delivered,180
53129,2068,2026-06-22,delivered,190
53130,2528,2026-06-22,delivered,180
53131,1891,2026-06-22,delivered,360
53132,1329,2026-06-22,delivered,150
53133,2166,2026-06-22,delivered,150
53134,1741,2026-06-22,delivered,80
53135,2536,2026-06-22,delivered,250
53136,2404,2026-06-22,delivered,250
53137,2233,2026-06-22,delivered,150
53138,1893,2026-06-22,delivered,150
53139,1978,2026-06-22,delivered,140
53140,1648,2026-06-22,delivered,60
53141,3006,2026-06-22,delivered,60
53142,1558,2026-06-22,delivered,120
53143,1012,2026-06-22,delivered,80
53144,1498,2026-06-23,delivered,90
53145,3519,2026-06-23,delivered,90
53146,1016,2026-06-23,delivered,70
53147,3035,2026-06-23,delivered,90
53148,1847,2026-06-23,delivered,30
53149,3046,2026-06-23,delivered,160
53150,2072,2026-06-23,delivered,60
53151,2933,2026-06-23,delivered,340
53152,1835,2026-06-23,delivered,180
53153,1455,2026-06-23,delivered,210
53154,3101,2026-06-23,delivered,90
53155,2797,2026-06-23,delivered,150
53156,2013,2026-06-23,delivered,260
53157,1212,2026-06-23,delivered,260
53158,3190,2026-06-23,delivered,210
53159,2191,2026-06-23,delivered,400
53160,1948,2026-06-23,delivered,360
53161,3463,2026-06-23,delivered,300
53162,2200,2026-06-23,delivered,230
53163,1331,2026-06-23,delivered,180
53164,1281,2026-06-23,delivered,500
53165,1568,2026-06-23,delivered,200
53166,1240,2026-06-23,cancelled,340
53167,3122,2026-06-23,delivered,150
53168,2122,2026-06-23,delivered,360
53169,1891,2026-06-23,delivered,240
53170,2096,2026-06-23,delivered,130
53171,2743,2026-06-23,cancelled,320
53172,2217,2026-06-23,delivered,380
53173,2443,2026-06-23,delivered,180
53174,2201,2026-06-23,delivered,40
53175,2149,2026-06-23,delivered,120
53176,1386,2026-06-23,delivered,190
53177,1197,2026-06-23,delivered,340
53178,3203,2026-06-23,delivered,160
53179,1311,2026-06-23,delivered,170
53180,1090,2026-06-23,delivered,60
53181,2501,2026-06-23,delivered,30
53182,2679,2026-06-23,delivered,160
53183,1802,2026-06-23,cancelled,60
53184,2346,2026-06-23,delivered,60
53185,2321,2026-06-24,delivered,180
53186,1071,2026-06-24,delivered,180
53187,1574,2026-06-24,cancelled,180
53188,2707,2026-06-24,delivered,260
53189,1139,2026-06-24,delivered,360
53190,1572,2026-06-24,cancelled,30
53191,1436,2026-06-24,delivered,270
53192,1162,2026-06-24,cancelled,240
53193,3560,2026-06-24,delivered,180
53194,2810,2026-06-24,delivered,280
53195,2659,2026-06-24,delivered,180
53196,3376,2026-06-24,delivered,300
53197,1373,2026-06-24,delivered,350
53198,2193,2026-06-24,delivered,180
53199,2822,2026-06-24,delivered,330
53200,2291,2026-06-24,cancelled,70
53201,1889,2026-06-24,delivered,340
53202,2445,2026-06-24,delivered,150
53203,2566,2026-06-24,delivered,180
53204,2027,2026-06-24,delivered,220
53205,2195,2026-06-24,delivered,170
53206,1216,2026-06-24,delivered,490
53207,1610,2026-06-24,delivered,140
53208,1264,2026-06-24,delivered,300
53209,3357,2026-06-24,delivered,130
53210,2755,2026-06-24,delivered,420
53211,3509,2026-06-24,delivered,320
53212,3352,2026-06-24,delivered,140
53213,2940,2026-06-24,delivered,110
53214,1324,2026-06-24,delivered,340
53215,2955,2026-06-24,delivered,240
53216,2299,2026-06-24,delivered,180
53217,3303,2026-06-24,delivered,120
53218,2205,2026-06-24,delivered,60
53219,2449,2026-06-24,delivered,150
53220,1988,2026-06-24,delivered,100
53221,1363,2026-06-24,delivered,90
53222,2569,2026-06-24,delivered,110
53223,1666,2026-06-24,delivered,40
53224,3403,2026-06-24,delivered,80
53225,2641,2026-06-25,delivered,40
53226,1188,2026-06-25,delivered,480
53227,2928,2026-06-25,delivered,120
53228,1901,2026-06-25,delivered,90
53229,1313,2026-06-25,delivered,120
53230,2266,2026-06-25,delivered,90
53231,2668,2026-06-25,delivered,80
53232,3502,2026-06-25,delivered,210
53233,2453,2026-06-25,delivered,80
53234,2248,2026-06-25,cancelled,120
53235,1143,2026-06-25,delivered,180
53236,2405,2026-06-25,delivered,220
53237,1300,2026-06-25,delivered,200
53238,1923,2026-06-25,delivered,60
53239,3315,2026-06-25,delivered,280
53240,1586,2026-06-25,delivered,230
53241,1776,2026-06-25,delivered,130
53242,2165,2026-06-25,delivered,200
53243,2497,2026-06-25,delivered,360
53244,2999,2026-06-25,delivered,240
53245,1789,2026-06-25,delivered,150
53246,2478,2026-06-25,delivered,220
53247,3434,2026-06-25,delivered,100
53248,1563,2026-06-25,delivered,130
53249,3040,2026-06-25,delivered,180
53250,1501,2026-06-25,cancelled,40
53251,1618,2026-06-25,delivered,450
53252,1156,2026-06-25,delivered,80
53253,3530,2026-06-25,delivered,290
53254,1778,2026-06-25,delivered,180
53255,2617,2026-06-25,delivered,70
53256,2746,2026-06-25,delivered,80
53257,3124,2026-06-25,delivered,280
53258,2102,2026-06-25,cancelled,60
53259,2955,2026-06-25,delivered,180
53260,1938,2026-06-25,delivered,150
53261,1390,2026-06-25,delivered,130
53262,1186,2026-06-25,delivered,90
53263,2785,2026-06-25,delivered,50
53264,2482,2026-06-25,delivered,60
53265,2739,2026-06-25,delivered,180
53266,3379,2026-06-25,delivered,160
53267,1253,2026-06-26,delivered,230
53268,1270,2026-06-26,delivered,180
53269,1173,2026-06-26,cancelled,240
53270,2185,2026-06-26,delivered,180
53271,1026,2026-06-26,delivered,140
53272,3029,2026-06-26,delivered,140
53273,2651,2026-06-26,delivered,160
53274,1180,2026-06-26,delivered,210
53275,1359,2026-06-26,delivered,90
53276,1262,2026-06-26,delivered,180
53277,2261,2026-06-26,delivered,60
53278,2792,2026-06-26,cancelled,60
53279,2066,2026-06-26,delivered,30
53280,1408,2026-06-26,cancelled,150
53281,2395,2026-06-26,delivered,350
53282,1213,2026-06-26,delivered,230
53283,3092,2026-06-26,delivered,280
53284,2504,2026-06-26,delivered,260
53285,2165,2026-06-26,delivered,360
53286,2390,2026-06-26,delivered,110
53287,1354,2026-06-26,delivered,220
53288,3074,2026-06-26,delivered,160
53289,1644,2026-06-26,delivered,500
53290,3346,2026-06-26,delivered,280
53291,1035,2026-06-26,delivered,60
53292,1489,2026-06-26,delivered,150
53293,2534,2026-06-26,delivered,470
53294,2952,2026-06-26,delivered,420
53295,3503,2026-06-26,delivered,220
53296,1837,2026-06-26,delivered,290
53297,1930,2026-06-26,delivered,50
53298,2298,2026-06-26,delivered,100
53299,1945,2026-06-26,delivered,150
53300,3169,2026-06-26,cancelled,170
53301,1508,2026-06-26,delivered,90
53302,2435,2026-06-26,delivered,100
53303,1530,2026-06-26,delivered,280
53304,1297,2026-06-26,delivered,310
53305,2945,2026-06-26,delivered,40
53306,1971,2026-06-26,delivered,80
53307,2472,2026-06-26,delivered,210
53308,2739,2026-06-26,delivered,130
53309,1378,2026-06-26,delivered,120
53310,1158,2026-06-26,delivered,150
53311,2294,2026-06-26,delivered,50
53312,2804,2026-06-26,delivered,90
53313,2900,2026-06-26,delivered,190
53314,2724,2026-06-27,delivered,300
53315,3529,2026-06-27,delivered,180
53316,1847,2026-06-27,delivered,100
53317,2997,2026-06-27,delivered,70
53318,1848,2026-06-27,delivered,60
53319,1670,2026-06-27,delivered,180
53320,3551,2026-06-27,delivered,540
53321,2554,2026-06-27,delivered,340
53322,3340,2026-06-27,delivered,350
53323,1429,2026-06-27,delivered,260
53324,3606,2026-06-27,delivered,120
53325,2878,2026-06-27,delivered,40
53326,1308,2026-06-27,delivered,300
53327,2399,2026-06-27,delivered,240
53328,2562,2026-06-27,delivered,250
53329,2754,2026-06-27,delivered,160
53330,2941,2026-06-27,delivered,210
53331,3186,2026-06-27,delivered,180
53332,2534,2026-06-27,delivered,220
53333,1610,2026-06-27,cancelled,270
53334,1221,2026-06-27,delivered,380
53335,2269,2026-06-27,cancelled,90
53336,1111,2026-06-27,delivered,140
53337,2907,2026-06-27,delivered,170
53338,1926,2026-06-27,delivered,90
53339,2175,2026-06-27,delivered,250
53340,3045,2026-06-27,delivered,150
53341,3509,2026-06-27,delivered,90
53342,1140,2026-06-27,delivered,210
53343,1453,2026-06-27,delivered,220
53344,1767,2026-06-27,delivered,310
53345,1909,2026-06-27,delivered,80
53346,2018,2026-06-27,delivered,80
53347,3228,2026-06-27,delivered,240
53348,2178,2026-06-27,delivered,30
53349,3552,2026-06-27,delivered,60
53350,2383,2026-06-27,delivered,190
53351,3081,2026-06-28,delivered,190
53352,2119,2026-06-28,delivered,450
53353,2776,2026-06-28,delivered,90
53354,3483,2026-06-28,delivered,190
53355,1025,2026-06-28,delivered,180
53356,2285,2026-06-28,delivered,240
53357,1099,2026-06-28,delivered,30
53358,2119,2026-06-28,delivered,160
53359,1063,2026-06-28,delivered,60
53360,1660,2026-06-28,delivered,210
53361,1317,2026-06-28,delivered,250
53362,1999,2026-06-28,delivered,280
53363,1338,2026-06-28,delivered,230
53364,1121,2026-06-28,delivered,260
53365,1317,2026-06-28,delivered,230
53366,1677,2026-06-28,cancelled,70
53367,2765,2026-06-28,delivered,280
53368,2844,2026-06-28,delivered,40
53369,3450,2026-06-28,delivered,270
53370,1511,2026-06-28,delivered,270
53371,1340,2026-06-28,delivered,100
53372,3450,2026-06-28,delivered,90
53373,2795,2026-06-28,delivered,70
53374,2902,2026-06-28,delivered,70
53375,1336,2026-06-28,delivered,180
53376,1014,2026-06-28,delivered,90
53377,3429,2026-06-28,delivered,30
53378,1152,2026-06-28,delivered,60
53379,2028,2026-06-28,delivered,220
53380,2791,2026-06-28,cancelled,280
53381,2007,2026-06-28,delivered,30
53382,2362,2026-06-29,delivered,160
53383,3254,2026-06-29,cancelled,190
53384,2973,2026-06-29,delivered,80
53385,1696,2026-06-29,delivered,180
53386,2059,2026-06-29,cancelled,90
53387,1274,2026-06-29,delivered,210
53388,3365,2026-06-29,delivered,160
53389,2732,2026-06-29,delivered,60
53390,2759,2026-06-29,delivered,180
53391,1900,2026-06-29,cancelled,270
53392,3248,2026-06-29,delivered,500
53393,3022,2026-06-29,delivered,120
53394,1857,2026-06-29,delivered,60
53395,1400,2026-06-29,delivered,70
53396,3063,2026-06-29,delivered,120
53397,3005,2026-06-29,delivered,70
53398,1354,2026-06-29,delivered,290
53399,2562,2026-06-29,delivered,280
53400,1948,2026-06-29,delivered,310
53401,2822,2026-06-29,delivered,310
53402,2005,2026-06-29,cancelled,250
53403,3638,2026-06-29,delivered,410
53404,1637,2026-06-29,delivered,230
53405,1677,2026-06-29,cancelled,130
53406,1986,2026-06-29,delivered,230
53407,2142,2026-06-29,delivered,400
53408,3509,2026-06-29,delivered,370
53409,2320,2026-06-29,delivered,250
53410,3546,2026-06-29,delivered,330
53411,2129,2026-06-29,delivered,220
53412,3045,2026-06-29,delivered,40
53413,2129,2026-06-29,delivered,30
53414,1115,2026-06-29,delivered,210
53415,2955,2026-06-29,delivered,100
53416,1750,2026-06-29,delivered,80
53417,1648,2026-06-29,delivered,80
53418,2609,2026-06-29,delivered,80
53419,1284,2026-06-29,delivered,270
53420,2656,2026-06-29,delivered,300
53421,2438,2026-06-29,delivered,140
53422,1227,2026-06-29,delivered,280
53423,1603,2026-06-29,delivered,40
53424,2058,2026-06-29,delivered,270
53425,1102,2026-06-29,delivered,250
53426,2437,2026-06-29,delivered,90
53427,1845,2026-06-29,delivered,210
53428,1096,2026-06-29,delivered,270
53429,3313,2026-06-30,delivered,240
53430,1649,2026-06-30,delivered,80
53431,3182,2026-06-30,delivered,180
53432,1049,2026-06-30,delivered,310
53433,3532,2026-06-30,delivered,60
53434,3289,2026-06-30,delivered,30
53435,1316,2026-06-30,delivered,210
53436,1292,2026-06-30,cancelled,250
53437,2552,2026-06-30,delivered,90
53438,3110,2026-06-30,delivered,270
53439,1245,2026-06-30,delivered,200
53440,2964,2026-06-30,delivered,130
53441,1110,2026-06-30,delivered,160
53442,1154,2026-06-30,delivered,210
53443,2715,2026-06-30,delivered,220
53444,1133,2026-06-30,delivered,230
53445,1637,2026-06-30,delivered,190
53446,3202,2026-06-30,delivered,270
53447,3111,2026-06-30,delivered,580
53448,2744,2026-06-30,delivered,150
53449,1309,2026-06-30,cancelled,180
53450,3257,2026-06-30,delivered,200
53451,3417,2026-06-30,delivered,140
53452,2201,2026-06-30,delivered,400
53453,2345,2026-06-30,cancelled,460
53454,2034,2026-06-30,delivered,250
53455,1699,2026-06-30,delivered,120
53456,1136,2026-06-30,delivered,180
53457,3374,2026-06-30,delivered,30
53458,2931,2026-06-30,delivered,60
53459,1715,2026-06-30,delivered,100
53460,3379,2026-06-30,delivered,100
