order_id,item,category,quantity,price
50001,Masala dosa,Breakfast,1,90
50002,Filter coffee,Chai & coffee,2,40
50003,Cold coffee,Chai & coffee,1,90
50004,Idli,Breakfast,3,50
50005,Sandwich,Snacks,2,70
50006,Misal pav,Breakfast,2,90
50007,Cold coffee,Chai & coffee,2,90
50008,Upma,Breakfast,1,60
50009,Cold coffee,Chai & coffee,3,90
50010,Upma,Breakfast,3,60
50011,Cold coffee,Chai & coffee,2,90
50011,Idli,Breakfast,2,50
50011,Pesarattu,Breakfast,1,80
50012,Cold coffee,Chai & coffee,1,90
50013,Masala dosa,Breakfast,1,90
50013,Orange juice,Juice,1,70
50014,Filter coffee,Chai & coffee,3,40
50015,Filter coffee,Chai & coffee,2,40
50015,Masala dosa,Breakfast,2,90
50016,Misal pav,Breakfast,1,90
50016,Idli,Breakfast,1,50
50016,Masala chai,Chai & coffee,2,30
50017,Masala dosa,Breakfast,1,90
50017,Pesarattu,Breakfast,1,80
50017,Jalebi,Sweets,1,40
50018,Jalebi,Sweets,1,40
50018,Orange juice,Juice,1,70
50018,Misal pav,Breakfast,1,90
50018,Upma,Breakfast,1,60
50019,Idli,Breakfast,1,50
50019,Filter coffee,Chai & coffee,1,40
50019,Misal pav,Breakfast,1,90
50019,Poha,Breakfast,1,60
50020,Vada pav,Snacks,1,30
50020,Misal pav,Breakfast,1,90
50020,Masala chai,Chai & coffee,1,30
50021,Sandwich,Snacks,1,70
50021,Upma,Breakfast,1,60
50022,Upma,Breakfast,1,60
50022,Vada pav,Snacks,1,30
50022,Misal pav,Breakfast,2,90
50023,Misal pav,Breakfast,1,90
50023,Masala chai,Chai & coffee,1,30
50023,Cold coffee,Chai & coffee,1,90
50024,Idli,Breakfast,1,50
50025,Masala dosa,Breakfast,1,90
50025,Orange juice,Juice,1,70
50025,Idli,Breakfast,2,50
50026,Masala dosa,Breakfast,1,90
50026,Filter coffee,Chai & coffee,1,40
50027,Sandwich,Snacks,1,70
50027,Cold coffee,Chai & coffee,2,90
50028,Vada pav,Snacks,1,30
50029,Masala chai,Chai & coffee,1,30
50030,Poha,Breakfast,3,60
50030,Idli,Breakfast,1,50
50031,Sandwich,Snacks,1,70
50031,Masala chai,Chai & coffee,1,30
50031,Upma,Breakfast,2,60
50032,Poha,Breakfast,1,60
50032,Orange juice,Juice,1,70
50033,Filter coffee,Chai & coffee,2,40
50033,Masala chai,Chai & coffee,1,30
50034,Pesarattu,Breakfast,2,80
50034,Upma,Breakfast,1,60
50035,Idli,Breakfast,3,50
50035,Sandwich,Snacks,1,70
50036,Vada pav,Snacks,3,30
50036,Pesarattu,Breakfast,1,80
50037,Misal pav,Breakfast,1,90
50038,Jalebi,Sweets,1,40
50038,Misal pav,Breakfast,1,90
50039,Jalebi,Sweets,1,40
50040,Filter coffee,Chai & coffee,1,40
50041,Jalebi,Sweets,1,40
50041,Sandwich,Snacks,1,70
50042,Idli,Breakfast,1,50
50042,Filter coffee,Chai & coffee,1,40
50043,Idli,Breakfast,2,50
50044,Idli,Breakfast,1,50
50045,Poha,Breakfast,1,60
50046,Cold coffee,Chai & coffee,2,90
50046,Poha,Breakfast,2,60
50047,Poha,Breakfast,1,60
50048,Vada pav,Snacks,2,30
50048,Sandwich,Snacks,3,70
50048,Idli,Breakfast,1,50
50049,Poha,Breakfast,1,60
50050,Masala dosa,Breakfast,2,90
50051,Pesarattu,Breakfast,3,80
50051,Cold coffee,Chai & coffee,2,90
50052,Vada pav,Snacks,3,30
50052,Filter coffee,Chai & coffee,1,40
50052,Pesarattu,Breakfast,2,80
50053,Cold coffee,Chai & coffee,2,90
50054,Sandwich,Snacks,2,70
50055,Vada pav,Snacks,3,30
50056,Misal pav,Breakfast,1,90
50057,Vada pav,Snacks,1,30
50058,Pesarattu,Breakfast,1,80
50058,Cold coffee,Chai & coffee,2,90
50058,Jalebi,Sweets,3,40
50059,Cold coffee,Chai & coffee,1,90
50059,Idli,Breakfast,2,50
50060,Upma,Breakfast,1,60
50061,Misal pav,Breakfast,1,90
50061,Masala chai,Chai & coffee,1,30
50061,Orange juice,Juice,1,70
50062,Masala dosa,Breakfast,1,90
50062,Masala chai,Chai & coffee,1,30
50062,Orange juice,Juice,1,70
50063,Misal pav,Breakfast,1,90
50063,Orange juice,Juice,1,70
50063,Idli,Breakfast,1,50
50063,Vada pav,Snacks,1,30
50064,Misal pav,Breakfast,1,90
50064,Jalebi,Sweets,1,40
50064,Pesarattu,Breakfast,1,80
50064,Poha,Breakfast,1,60
50064,Sandwich,Snacks,1,70
50065,Pesarattu,Breakfast,1,80
50065,Cold coffee,Chai & coffee,1,90
50065,Filter coffee,Chai & coffee,1,40
50066,Masala dosa,Breakfast,2,90
50066,Orange juice,Juice,1,70
50066,Upma,Breakfast,1,60
50066,Vada pav,Snacks,1,30
50066,Cold coffee,Chai & coffee,1,90
50067,Masala chai,Chai & coffee,1,30
50067,Idli,Breakfast,2,50
50067,Poha,Breakfast,1,60
50067,Misal pav,Breakfast,1,90
50068,Masala chai,Chai & coffee,1,30
50068,Misal pav,Breakfast,1,90
50068,Poha,Breakfast,2,60
50069,Misal pav,Breakfast,1,90
50069,Masala chai,Chai & coffee,1,30
50069,Idli,Breakfast,1,50
50069,Sandwich,Snacks,1,70
50070,Filter coffee,Chai & coffee,1,40
50070,Idli,Breakfast,1,50
50070,Masala dosa,Breakfast,1,90
50071,Orange juice,Juice,1,70
50071,Masala dosa,Breakfast,2,90
50072,Filter coffee,Chai & coffee,1,40
50073,Masala chai,Chai & coffee,2,30
50074,Pesarattu,Breakfast,1,80
50074,Masala dosa,Breakfast,1,90
50074,Jalebi,Sweets,1,40
50075,Masala dosa,Breakfast,1,90
50076,Idli,Breakfast,1,50
50077,Poha,Breakfast,2,60
50077,Vada pav,Snacks,1,30
50078,Masala dosa,Breakfast,2,90
50079,Poha,Breakfast,2,60
50080,Masala chai,Chai & coffee,3,30
50081,Upma,Breakfast,2,60
50081,Pesarattu,Breakfast,1,80
50081,Vada pav,Snacks,1,30
50082,Misal pav,Breakfast,1,90
50083,Sandwich,Snacks,1,70
50083,Pesarattu,Breakfast,2,80
50084,Pesarattu,Breakfast,1,80
50085,Upma,Breakfast,1,60
50086,Idli,Breakfast,1,50
50086,Masala chai,Chai & coffee,1,30
50087,Masala chai,Chai & coffee,1,30
50088,Upma,Breakfast,2,60
50088,Sandwich,Snacks,1,70
50089,Pesarattu,Breakfast,2,80
50089,Cold coffee,Chai & coffee,3,90
50090,Filter coffee,Chai & coffee,1,40
50090,Idli,Breakfast,1,50
50090,Vada pav,Snacks,2,30
50091,Filter coffee,Chai & coffee,1,40
50091,Pesarattu,Breakfast,1,80
50092,Filter coffee,Chai & coffee,1,40
50092,Masala dosa,Breakfast,3,90
50092,Idli,Breakfast,1,50
50093,Vada pav,Snacks,3,30
50094,Idli,Breakfast,2,50
50094,Orange juice,Juice,1,70
50095,Upma,Breakfast,1,60
50096,Idli,Breakfast,2,50
50097,Misal pav,Breakfast,3,90
50097,Masala chai,Chai & coffee,2,30
50097,Vada pav,Snacks,1,30
50098,Jalebi,Sweets,2,40
50099,Masala chai,Chai & coffee,2,30
50100,Poha,Breakfast,2,60
50100,Cold coffee,Chai & coffee,1,90
50101,Upma,Breakfast,2,60
50102,Vada pav,Snacks,1,30
50103,Masala chai,Chai & coffee,1,30
50103,Filter coffee,Chai & coffee,2,40
50104,Idli,Breakfast,3,50
50104,Upma,Breakfast,1,60
50105,Vada pav,Snacks,2,30
50105,Filter coffee,Chai & coffee,3,40
50105,Jalebi,Sweets,3,40
50106,Vada pav,Snacks,3,30
50107,Vada pav,Snacks,2,30
50107,Misal pav,Breakfast,2,90
50107,Poha,Breakfast,1,60
50108,Jalebi,Sweets,2,40
50109,Vada pav,Snacks,2,30
50110,Misal pav,Breakfast,1,90
50110,Pesarattu,Breakfast,1,80
50110,Cold coffee,Chai & coffee,1,90
50110,Filter coffee,Chai & coffee,1,40
50111,Masala chai,Chai & coffee,2,30
50111,Orange juice,Juice,1,70
50111,Masala dosa,Breakfast,1,90
50111,Poha,Breakfast,1,60
50112,Misal pav,Breakfast,1,90
50112,Orange juice,Juice,1,70
50112,Idli,Breakfast,1,50
50112,Masala chai,Chai & coffee,1,30
50113,Masala dosa,Breakfast,1,90
50113,Jalebi,Sweets,1,40
50113,Misal pav,Breakfast,1,90
50113,Poha,Breakfast,1,60
50114,Cold coffee,Chai & coffee,1,90
50114,Masala dosa,Breakfast,2,90
50114,Misal pav,Breakfast,1,90
50114,Vada pav,Snacks,1,30
50115,Vada pav,Snacks,1,30
50115,Masala dosa,Breakfast,1,90
50115,Pesarattu,Breakfast,1,80
50116,Filter coffee,Chai & coffee,2,40
50116,Masala dosa,Breakfast,1,90
50117,Sandwich,Snacks,1,70
50117,Orange juice,Juice,2,70
50117,Masala dosa,Breakfast,2,90
50118,Masala chai,Chai & coffee,3,30
50118,Filter coffee,Chai & coffee,2,40
50119,Masala dosa,Breakfast,2,90
50120,Orange juice,Juice,3,70
50120,Masala chai,Chai & coffee,3,30
50121,Sandwich,Snacks,1,70
50121,Pesarattu,Breakfast,1,80
50121,Idli,Breakfast,2,50
50122,Pesarattu,Breakfast,1,80
50122,Vada pav,Snacks,2,30
50122,Masala chai,Chai & coffee,2,30
50123,Pesarattu,Breakfast,1,80
50124,Upma,Breakfast,2,60
50125,Masala chai,Chai & coffee,1,30
50126,Pesarattu,Breakfast,2,80
50126,Upma,Breakfast,1,60
50126,Poha,Breakfast,1,60
50127,Cold coffee,Chai & coffee,1,90
50128,Filter coffee,Chai & coffee,1,40
50129,Filter coffee,Chai & coffee,2,40
50130,Upma,Breakfast,2,60
50130,Cold coffee,Chai & coffee,1,90
50131,Idli,Breakfast,1,50
50132,Vada pav,Snacks,1,30
50132,Cold coffee,Chai & coffee,2,90
50132,Orange juice,Juice,3,70
50133,Filter coffee,Chai & coffee,2,40
50134,Cold coffee,Chai & coffee,1,90
50134,Vada pav,Snacks,2,30
50134,Pesarattu,Breakfast,2,80
50135,Filter coffee,Chai & coffee,2,40
50135,Upma,Breakfast,2,60
50135,Vada pav,Snacks,2,30
50136,Filter coffee,Chai & coffee,1,40
50136,Masala chai,Chai & coffee,2,30
50137,Vada pav,Snacks,1,30
50138,Masala chai,Chai & coffee,2,30
50138,Jalebi,Sweets,2,40
50139,Filter coffee,Chai & coffee,1,40
50139,Orange juice,Juice,2,70
50140,Cold coffee,Chai & coffee,3,90
50140,Vada pav,Snacks,2,30
50141,Orange juice,Juice,1,70
50142,Idli,Breakfast,2,50
50143,Poha,Breakfast,1,60
50143,Sandwich,Snacks,1,70
50143,Masala chai,Chai & coffee,1,30
50144,Sandwich,Snacks,1,70
50144,Vada pav,Snacks,1,30
50144,Misal pav,Breakfast,1,90
50145,Poha,Breakfast,1,60
50145,Misal pav,Breakfast,2,90
50145,Masala chai,Chai & coffee,1,30
50146,Misal pav,Breakfast,1,90
50146,Masala chai,Chai & coffee,1,30
50146,Pesarattu,Breakfast,1,80
50146,Filter coffee,Chai & coffee,1,40
50147,Upma,Breakfast,2,60
50147,Poha,Breakfast,1,60
50147,Cold coffee,Chai & coffee,1,90
50147,Misal pav,Breakfast,1,90
50148,Masala dosa,Breakfast,1,90
50148,Filter coffee,Chai & coffee,1,40
50148,Cold coffee,Chai & coffee,2,90
50149,Masala dosa,Breakfast,1,90
50149,Misal pav,Breakfast,2,90
50150,Filter coffee,Chai & coffee,1,40
50150,Masala dosa,Breakfast,3,90
50151,Vada pav,Snacks,1,30
50151,Masala dosa,Breakfast,3,90
50152,Masala dosa,Breakfast,2,90
50152,Orange juice,Juice,1,70
50153,Vada pav,Snacks,1,30
50153,Filter coffee,Chai & coffee,3,40
50153,Masala dosa,Breakfast,1,90
50154,Vada pav,Snacks,1,30
50154,Jalebi,Sweets,2,40
50155,Idli,Breakfast,1,50
50155,Filter coffee,Chai & coffee,1,40
50156,Masala dosa,Breakfast,1,90
50156,Orange juice,Juice,1,70
50157,Pesarattu,Breakfast,1,80
50157,Jalebi,Sweets,1,40
50158,Masala dosa,Breakfast,1,90
50158,Filter coffee,Chai & coffee,1,40
50159,Sandwich,Snacks,1,70
50159,Pesarattu,Breakfast,1,80
50159,Poha,Breakfast,1,60
50159,Jalebi,Sweets,1,40
50160,Masala chai,Chai & coffee,1,30
50160,Jalebi,Sweets,1,40
50161,Idli,Breakfast,1,50
50162,Misal pav,Breakfast,1,90
50162,Jalebi,Sweets,1,40
50162,Pesarattu,Breakfast,1,80
50163,Orange juice,Juice,1,70
50164,Poha,Breakfast,2,60
50165,Misal pav,Breakfast,1,90
50165,Poha,Breakfast,2,60
50166,Idli,Breakfast,1,50
50166,Cold coffee,Chai & coffee,1,90
50166,Filter coffee,Chai & coffee,1,40
50167,Misal pav,Breakfast,2,90
50167,Cold coffee,Chai & coffee,1,90
50168,Idli,Breakfast,2,50
50168,Pesarattu,Breakfast,1,80
50168,Poha,Breakfast,3,60
50169,Masala dosa,Breakfast,1,90
50169,Idli,Breakfast,1,50
50169,Filter coffee,Chai & coffee,1,40
50170,Upma,Breakfast,1,60
50170,Pesarattu,Breakfast,1,80
50171,Upma,Breakfast,2,60
50172,Vada pav,Snacks,3,30
50172,Cold coffee,Chai & coffee,1,90
50173,Misal pav,Breakfast,1,90
50174,Cold coffee,Chai & coffee,3,90
50175,Jalebi,Sweets,1,40
50175,Idli,Breakfast,2,50
50176,Vada pav,Snacks,2,30
50177,Cold coffee,Chai & coffee,1,90
50178,Cold coffee,Chai & coffee,3,90
50178,Sandwich,Snacks,2,70
50179,Poha,Breakfast,1,60
50180,Cold coffee,Chai & coffee,1,90
50181,Orange juice,Juice,3,70
50182,Misal pav,Breakfast,3,90
50182,Cold coffee,Chai & coffee,1,90
50183,Masala chai,Chai & coffee,1,30
50184,Misal pav,Breakfast,1,90
50184,Masala chai,Chai & coffee,1,30
50184,Orange juice,Juice,1,70
50185,Misal pav,Breakfast,1,90
50185,Filter coffee,Chai & coffee,2,40
50185,Poha,Breakfast,1,60
50185,Upma,Breakfast,1,60
50186,Filter coffee,Chai & coffee,1,40
50186,Misal pav,Breakfast,1,90
50186,Orange juice,Juice,1,70
50187,Misal pav,Breakfast,2,90
50187,Jalebi,Sweets,1,40
50187,Filter coffee,Chai & coffee,1,40
50188,Masala dosa,Breakfast,1,90
50188,Upma,Breakfast,1,60
50189,Masala dosa,Breakfast,1,90
50189,Jalebi,Sweets,1,40
50190,Vada pav,Snacks,1,30
50190,Filter coffee,Chai & coffee,1,40
50191,Sandwich,Snacks,1,70
50192,Masala dosa,Breakfast,3,90
50193,Cold coffee,Chai & coffee,1,90
50193,Masala dosa,Breakfast,3,90
50193,Misal pav,Breakfast,2,90
50194,Cold coffee,Chai & coffee,1,90
50194,Masala chai,Chai & coffee,2,30
50195,Masala dosa,Breakfast,1,90
50195,Jalebi,Sweets,2,40
50196,Masala dosa,Breakfast,1,90
50196,Filter coffee,Chai & coffee,2,40
50197,Jalebi,Sweets,1,40
50197,Masala chai,Chai & coffee,2,30
50197,Filter coffee,Chai & coffee,1,40
50198,Masala dosa,Breakfast,2,90
50198,Pesarattu,Breakfast,1,80
50199,Vada pav,Snacks,1,30
50200,Upma,Breakfast,1,60
50201,Vada pav,Snacks,2,30
50201,Misal pav,Breakfast,1,90
50202,Idli,Breakfast,1,50
50203,Masala chai,Chai & coffee,1,30
50204,Filter coffee,Chai & coffee,1,40
50204,Poha,Breakfast,1,60
50205,Idli,Breakfast,1,50
50206,Cold coffee,Chai & coffee,2,90
50206,Misal pav,Breakfast,1,90
50207,Misal pav,Breakfast,2,90
50208,Orange juice,Juice,3,70
50209,Poha,Breakfast,1,60
50210,Sandwich,Snacks,3,70
50211,Orange juice,Juice,1,70
50211,Cold coffee,Chai & coffee,3,90
50211,Filter coffee,Chai & coffee,2,40
50212,Masala dosa,Breakfast,3,90
50213,Cold coffee,Chai & coffee,2,90
50214,Vada pav,Snacks,3,30
50215,Misal pav,Breakfast,2,90
50215,Filter coffee,Chai & coffee,3,40
50215,Idli,Breakfast,2,50
50216,Cold coffee,Chai & coffee,1,90
50217,Cold coffee,Chai & coffee,2,90
50218,Poha,Breakfast,2,60
50219,Upma,Breakfast,1,60
50220,Sandwich,Snacks,1,70
50220,Masala chai,Chai & coffee,1,30
50220,Poha,Breakfast,1,60
50220,Misal pav,Breakfast,1,90
50221,Cold coffee,Chai & coffee,1,90
50221,Poha,Breakfast,1,60
50221,Jalebi,Sweets,1,40
50222,Masala chai,Chai & coffee,1,30
50222,Poha,Breakfast,1,60
50222,Masala dosa,Breakfast,1,90
50223,Poha,Breakfast,1,60
50223,Misal pav,Breakfast,2,90
50223,Masala chai,Chai & coffee,1,30
50223,Filter coffee,Chai & coffee,1,40
50224,Misal pav,Breakfast,1,90
50224,Poha,Breakfast,1,60
50224,Filter coffee,Chai & coffee,1,40
50224,Sandwich,Snacks,1,70
50224,Upma,Breakfast,1,60
50225,Vada pav,Snacks,1,30
50225,Masala chai,Chai & coffee,1,30
50225,Orange juice,Juice,2,70
50225,Masala dosa,Breakfast,1,90
50226,Cold coffee,Chai & coffee,1,90
50226,Poha,Breakfast,1,60
50226,Pesarattu,Breakfast,1,80
50227,Filter coffee,Chai & coffee,3,40
50228,Misal pav,Breakfast,1,90
50228,Masala dosa,Breakfast,1,90
50229,Filter coffee,Chai & coffee,1,40
50229,Masala dosa,Breakfast,1,90
50229,Cold coffee,Chai & coffee,1,90
50229,Pesarattu,Breakfast,1,80
50230,Filter coffee,Chai & coffee,2,40
50230,Orange juice,Juice,1,70
50231,Masala dosa,Breakfast,3,90
50231,Poha,Breakfast,1,60
50232,Cold coffee,Chai & coffee,1,90
50232,Masala dosa,Breakfast,1,90
50233,Idli,Breakfast,1,50
50234,Upma,Breakfast,2,60
50234,Cold coffee,Chai & coffee,1,90
50235,Poha,Breakfast,2,60
50235,Idli,Breakfast,2,50
50236,Idli,Breakfast,1,50
50236,Masala chai,Chai & coffee,2,30
50236,Filter coffee,Chai & coffee,3,40
50237,Filter coffee,Chai & coffee,2,40
50238,Filter coffee,Chai & coffee,1,40
50238,Misal pav,Breakfast,1,90
50239,Idli,Breakfast,2,50
50239,Upma,Breakfast,2,60
50239,Pesarattu,Breakfast,2,80
50240,Cold coffee,Chai & coffee,1,90
50241,Vada pav,Snacks,1,30
50242,Masala chai,Chai & coffee,1,30
50243,Misal pav,Breakfast,2,90
50244,Cold coffee,Chai & coffee,2,90
50245,Cold coffee,Chai & coffee,2,90
50246,Sandwich,Snacks,3,70
50247,Cold coffee,Chai & coffee,2,90
50248,Masala chai,Chai & coffee,1,30
50248,Orange juice,Juice,2,70
50248,Poha,Breakfast,2,60
50249,Pesarattu,Breakfast,1,80
50250,Cold coffee,Chai & coffee,2,90
50251,Orange juice,Juice,1,70
50252,Cold coffee,Chai & coffee,1,90
50253,Poha,Breakfast,1,60
50253,Orange juice,Juice,2,70
50253,Vada pav,Snacks,2,30
50254,Misal pav,Breakfast,1,90
50254,Orange juice,Juice,1,70
50254,Sandwich,Snacks,1,70
50254,Vada pav,Snacks,1,30
50255,Misal pav,Breakfast,1,90
50255,Poha,Breakfast,1,60
50255,Idli,Breakfast,1,50
50256,Masala chai,Chai & coffee,1,30
50256,Sandwich,Snacks,1,70
50256,Vada pav,Snacks,1,30
50257,Poha,Breakfast,1,60
50257,Masala dosa,Breakfast,1,90
50257,Misal pav,Breakfast,1,90
50257,Idli,Breakfast,1,50
50258,Misal pav,Breakfast,1,90
50258,Sandwich,Snacks,1,70
50258,Cold coffee,Chai & coffee,1,90
50259,Filter coffee,Chai & coffee,1,40
50259,Jalebi,Sweets,1,40
50259,Masala chai,Chai & coffee,1,30
50260,Misal pav,Breakfast,3,90
50260,Filter coffee,Chai & coffee,2,40
50260,Masala dosa,Breakfast,2,90
50260,Masala chai,Chai & coffee,1,30
50261,Filter coffee,Chai & coffee,1,40
50261,Idli,Breakfast,1,50
50261,Masala dosa,Breakfast,2,90
50261,Sandwich,Snacks,2,70
50262,Masala dosa,Breakfast,2,90
50263,Cold coffee,Chai & coffee,1,90
50263,Masala dosa,Breakfast,2,90
50264,Filter coffee,Chai & coffee,2,40
50265,Pesarattu,Breakfast,1,80
50266,Pesarattu,Breakfast,1,80
50266,Poha,Breakfast,1,60
50266,Idli,Breakfast,2,50
50267,Pesarattu,Breakfast,1,80
50268,Pesarattu,Breakfast,3,80
50268,Upma,Breakfast,1,60
50269,Vada pav,Snacks,2,30
50269,Pesarattu,Breakfast,1,80
50270,Filter coffee,Chai & coffee,2,40
50271,Cold coffee,Chai & coffee,2,90
50272,Filter coffee,Chai & coffee,1,40
50272,Masala dosa,Breakfast,1,90
50273,Idli,Breakfast,3,50
50273,Filter coffee,Chai & coffee,2,40
50274,Poha,Breakfast,2,60
50274,Cold coffee,Chai & coffee,2,90
50275,Vada pav,Snacks,2,30
50275,Cold coffee,Chai & coffee,2,90
50275,Misal pav,Breakfast,2,90
50276,Idli,Breakfast,3,50
50277,Poha,Breakfast,2,60
50278,Poha,Breakfast,1,60
50279,Filter coffee,Chai & coffee,1,40
50279,Masala chai,Chai & coffee,2,30
50280,Masala chai,Chai & coffee,3,30
50281,Cold coffee,Chai & coffee,2,90
50282,Cold coffee,Chai & coffee,1,90
50283,Cold coffee,Chai & coffee,1,90
50284,Pesarattu,Breakfast,1,80
50284,Vada pav,Snacks,1,30
50285,Misal pav,Breakfast,3,90
50286,Misal pav,Breakfast,1,90
50286,Filter coffee,Chai & coffee,1,40
50286,Poha,Breakfast,1,60
50287,Misal pav,Breakfast,1,90
50287,Poha,Breakfast,1,60
50287,Vada pav,Snacks,1,30
50288,Misal pav,Breakfast,1,90
50288,Pesarattu,Breakfast,1,80
50288,Poha,Breakfast,1,60
50288,Masala chai,Chai & coffee,1,30
50288,Sandwich,Snacks,1,70
50289,Jalebi,Sweets,1,40
50289,Poha,Breakfast,1,60
50289,Masala chai,Chai & coffee,1,30
50289,Masala dosa,Breakfast,1,90
50290,Masala dosa,Breakfast,1,90
50290,Misal pav,Breakfast,1,90
50290,Cold coffee,Chai & coffee,1,90
50290,Vada pav,Snacks,1,30
50290,Poha,Breakfast,1,60
50291,Poha,Breakfast,1,60
50291,Masala chai,Chai & coffee,1,30
50291,Orange juice,Juice,1,70
50292,Masala dosa,Breakfast,1,90
50292,Poha,Breakfast,1,60
50292,Misal pav,Breakfast,1,90
50292,Upma,Breakfast,1,60
50292,Pesarattu,Breakfast,1,80
50293,Masala dosa,Breakfast,3,90
50293,Masala chai,Chai & coffee,2,30
50294,Idli,Breakfast,2,50
50294,Masala chai,Chai & coffee,2,30
50294,Masala dosa,Breakfast,1,90
50295,Cold coffee,Chai & coffee,2,90
50296,Masala dosa,Breakfast,1,90
50296,Idli,Breakfast,1,50
50297,Upma,Breakfast,3,60
50297,Masala dosa,Breakfast,1,90
50298,Masala dosa,Breakfast,2,90
50298,Pesarattu,Breakfast,1,80
50299,Jalebi,Sweets,2,40
50299,Cold coffee,Chai & coffee,1,90
50300,Vada pav,Snacks,2,30
50300,Masala dosa,Breakfast,1,90
50301,Sandwich,Snacks,2,70
50302,Upma,Breakfast,1,60
50303,Upma,Breakfast,1,60
50304,Masala chai,Chai & coffee,1,30
50305,Pesarattu,Breakfast,2,80
50306,Misal pav,Breakfast,1,90
50307,Misal pav,Breakfast,2,90
50307,Sandwich,Snacks,1,70
50308,Poha,Breakfast,2,60
50309,Cold coffee,Chai & coffee,1,90
50310,Idli,Breakfast,1,50
50311,Misal pav,Breakfast,1,90
50311,Sandwich,Snacks,1,70
50312,Idli,Breakfast,1,50
50312,Upma,Breakfast,1,60
50313,Pesarattu,Breakfast,1,80
50314,Sandwich,Snacks,1,70
50314,Jalebi,Sweets,2,40
50315,Vada pav,Snacks,2,30
50316,Vada pav,Snacks,1,30
50317,Vada pav,Snacks,2,30
50318,Sandwich,Snacks,1,70
50319,Vada pav,Snacks,3,30
50319,Upma,Breakfast,3,60
50320,Misal pav,Breakfast,3,90
50321,Poha,Breakfast,1,60
50322,Cold coffee,Chai & coffee,1,90
50323,Masala chai,Chai & coffee,2,30
50324,Poha,Breakfast,1,60
50324,Jalebi,Sweets,1,40
50325,Cold coffee,Chai & coffee,1,90
50325,Orange juice,Juice,1,70
50326,Masala dosa,Breakfast,2,90
50327,Upma,Breakfast,3,60
50328,Misal pav,Breakfast,1,90
50328,Vada pav,Snacks,2,30
50328,Orange juice,Juice,2,70
50329,Cold coffee,Chai & coffee,2,90
50330,Sandwich,Snacks,1,70
50331,Masala dosa,Breakfast,1,90
50331,Misal pav,Breakfast,1,90
50331,Upma,Breakfast,1,60
50332,Vada pav,Snacks,1,30
50332,Poha,Breakfast,1,60
50332,Misal pav,Breakfast,1,90
50332,Jalebi,Sweets,1,40
50333,Upma,Breakfast,1,60
50333,Misal pav,Breakfast,1,90
50333,Poha,Breakfast,1,60
50334,Jalebi,Sweets,1,40
50334,Misal pav,Breakfast,1,90
50334,Poha,Breakfast,1,60
50334,Vada pav,Snacks,1,30
50335,Jalebi,Sweets,1,40
50335,Misal pav,Breakfast,1,90
50335,Masala chai,Chai & coffee,1,30
50335,Vada pav,Snacks,1,30
50336,Masala chai,Chai & coffee,1,30
50336,Misal pav,Breakfast,1,90
50336,Upma,Breakfast,1,60
50336,Poha,Breakfast,2,60
50336,Masala dosa,Breakfast,1,90
50337,Filter coffee,Chai & coffee,1,40
50337,Masala dosa,Breakfast,1,90
50338,Misal pav,Breakfast,1,90
50338,Idli,Breakfast,3,50
50339,Cold coffee,Chai & coffee,2,90
50339,Idli,Breakfast,3,50
50340,Idli,Breakfast,1,50
50341,Masala dosa,Breakfast,1,90
50341,Poha,Breakfast,1,60
50342,Masala dosa,Breakfast,2,90
50343,Upma,Breakfast,1,60
50343,Masala dosa,Breakfast,3,90
50344,Masala chai,Chai & coffee,2,30
50344,Pesarattu,Breakfast,1,80
50345,Upma,Breakfast,1,60
50346,Masala chai,Chai & coffee,1,30
50346,Orange juice,Juice,1,70
50347,Upma,Breakfast,1,60
50347,Orange juice,Juice,1,70
50348,Jalebi,Sweets,1,40
50348,Pesarattu,Breakfast,1,80
50349,Vada pav,Snacks,2,30
50350,Idli,Breakfast,1,50
50351,Misal pav,Breakfast,2,90
50351,Pesarattu,Breakfast,1,80
50352,Vada pav,Snacks,1,30
50353,Cold coffee,Chai & coffee,1,90
50353,Sandwich,Snacks,3,70
50354,Idli,Breakfast,1,50
50354,Upma,Breakfast,3,60
50355,Idli,Breakfast,1,50
50355,Upma,Breakfast,1,60
50356,Cold coffee,Chai & coffee,2,90
50357,Cold coffee,Chai & coffee,1,90
50358,Vada pav,Snacks,3,30
50358,Idli,Breakfast,3,50
50359,Masala dosa,Breakfast,3,90
50360,Vada pav,Snacks,3,30
50361,Idli,Breakfast,3,50
50362,Jalebi,Sweets,1,40
50363,Cold coffee,Chai & coffee,3,90
50363,Vada pav,Snacks,1,30
50363,Masala dosa,Breakfast,1,90
50364,Vada pav,Snacks,2,30
50365,Jalebi,Sweets,2,40
50365,Misal pav,Breakfast,2,90
50366,Masala chai,Chai & coffee,1,30
50366,Poha,Breakfast,1,60
50366,Orange juice,Juice,1,70
50366,Misal pav,Breakfast,1,90
50366,Pesarattu,Breakfast,1,80
50367,Misal pav,Breakfast,1,90
50367,Masala chai,Chai & coffee,1,30
50367,Idli,Breakfast,1,50
50368,Sandwich,Snacks,1,70
50368,Masala chai,Chai & coffee,1,30
50368,Poha,Breakfast,1,60
50369,Vada pav,Snacks,1,30
50369,Misal pav,Breakfast,1,90
50369,Sandwich,Snacks,1,70
50369,Masala chai,Chai & coffee,1,30
50369,Idli,Breakfast,1,50
50370,Masala dosa,Breakfast,1,90
50370,Poha,Breakfast,1,60
50370,Idli,Breakfast,1,50
50371,Vada pav,Snacks,1,30
50371,Masala dosa,Breakfast,1,90
50371,Misal pav,Breakfast,1,90
50371,Orange juice,Juice,1,70
50372,Jalebi,Sweets,1,40
50372,Misal pav,Breakfast,1,90
50372,Upma,Breakfast,1,60
50372,Poha,Breakfast,1,60
50372,Masala dosa,Breakfast,1,90
50373,Masala dosa,Breakfast,1,90
50373,Cold coffee,Chai & coffee,1,90
50373,Poha,Breakfast,1,60
50373,Jalebi,Sweets,1,40
50373,Misal pav,Breakfast,1,90
50374,Poha,Breakfast,1,60
50374,Filter coffee,Chai & coffee,1,40
50375,Orange juice,Juice,3,70
50375,Filter coffee,Chai & coffee,1,40
50376,Poha,Breakfast,1,60
50377,Masala chai,Chai & coffee,2,30
50377,Masala dosa,Breakfast,1,90
50378,Idli,Breakfast,1,50
50378,Masala dosa,Breakfast,2,90
50379,Idli,Breakfast,1,50
50380,Cold coffee,Chai & coffee,3,90
50381,Masala dosa,Breakfast,2,90
50381,Pesarattu,Breakfast,2,80
50382,Masala dosa,Breakfast,2,90
50382,Upma,Breakfast,2,60
50383,Masala chai,Chai & coffee,1,30
50383,Filter coffee,Chai & coffee,2,40
50383,Masala dosa,Breakfast,1,90
50384,Pesarattu,Breakfast,2,80
50384,Upma,Breakfast,1,60
50384,Masala dosa,Breakfast,1,90
50385,Pesarattu,Breakfast,3,80
50385,Vada pav,Snacks,1,30
50386,Idli,Breakfast,2,50
50386,Orange juice,Juice,3,70
50387,Upma,Breakfast,1,60
50388,Pesarattu,Breakfast,2,80
50389,Poha,Breakfast,1,60
50389,Idli,Breakfast,2,50
50390,Upma,Breakfast,1,60
50390,Jalebi,Sweets,2,40
50391,Poha,Breakfast,1,60
50391,Orange juice,Juice,1,70
50391,Vada pav,Snacks,2,30
50392,Pesarattu,Breakfast,1,80
50393,Vada pav,Snacks,2,30
50393,Cold coffee,Chai & coffee,1,90
50394,Cold coffee,Chai & coffee,1,90
50394,Masala dosa,Breakfast,1,90
50395,Filter coffee,Chai & coffee,2,40
50395,Cold coffee,Chai & coffee,3,90
50396,Filter coffee,Chai & coffee,1,40
50396,Poha,Breakfast,2,60
50397,Misal pav,Breakfast,1,90
50398,Cold coffee,Chai & coffee,1,90
50398,Misal pav,Breakfast,2,90
50399,Pesarattu,Breakfast,1,80
50400,Misal pav,Breakfast,1,90
50401,Orange juice,Juice,2,70
50401,Misal pav,Breakfast,3,90
50402,Orange juice,Juice,1,70
50402,Cold coffee,Chai & coffee,1,90
50402,Idli,Breakfast,1,50
50402,Misal pav,Breakfast,1,90
50403,Misal pav,Breakfast,1,90
50403,Poha,Breakfast,1,60
50403,Jalebi,Sweets,1,40
50403,Masala chai,Chai & coffee,1,30
50403,Idli,Breakfast,1,50
50404,Misal pav,Breakfast,1,90
50404,Poha,Breakfast,1,60
50404,Idli,Breakfast,1,50
50405,Masala dosa,Breakfast,1,90
50405,Poha,Breakfast,1,60
50405,Misal pav,Breakfast,1,90
50405,Cold coffee,Chai & coffee,1,90
50405,Masala chai,Chai & coffee,1,30
50406,Filter coffee,Chai & coffee,1,40
50406,Poha,Breakfast,1,60
50406,Masala chai,Chai & coffee,1,30
50407,Poha,Breakfast,1,60
50407,Cold coffee,Chai & coffee,2,90
50407,Idli,Breakfast,2,50
50408,Poha,Breakfast,1,60
50409,Orange juice,Juice,1,70
50409,Masala dosa,Breakfast,1,90
50409,Idli,Breakfast,1,50
50410,Masala dosa,Breakfast,1,90
50410,Misal pav,Breakfast,3,90
50410,Filter coffee,Chai & coffee,2,40
50411,Masala chai,Chai & coffee,1,30
50411,Pesarattu,Breakfast,2,80
50412,Misal pav,Breakfast,3,90
50412,Sandwich,Snacks,1,70
50413,Pesarattu,Breakfast,2,80
50414,Filter coffee,Chai & coffee,2,40
50414,Poha,Breakfast,1,60
50415,Poha,Breakfast,3,60
50415,Cold coffee,Chai & coffee,3,90
50416,Cold coffee,Chai & coffee,2,90
50416,Orange juice,Juice,1,70
50417,Cold coffee,Chai & coffee,1,90
50418,Vada pav,Snacks,3,30
50418,Filter coffee,Chai & coffee,2,40
50419,Jalebi,Sweets,1,40
50419,Misal pav,Breakfast,1,90
50420,Vada pav,Snacks,2,30
50421,Vada pav,Snacks,2,30
50421,Upma,Breakfast,2,60
50421,Cold coffee,Chai & coffee,3,90
50422,Poha,Breakfast,3,60
50423,Cold coffee,Chai & coffee,2,90
50424,Masala chai,Chai & coffee,2,30
50425,Idli,Breakfast,1,50
50426,Cold coffee,Chai & coffee,3,90
50427,Vada pav,Snacks,2,30
50428,Masala chai,Chai & coffee,2,30
50429,Misal pav,Breakfast,1,90
50429,Idli,Breakfast,1,50
50429,Cold coffee,Chai & coffee,1,90
50430,Jalebi,Sweets,1,40
50430,Misal pav,Breakfast,1,90
50430,Poha,Breakfast,1,60
50430,Masala dosa,Breakfast,1,90
50430,Masala chai,Chai & coffee,1,30
50431,Upma,Breakfast,1,60
50431,Masala chai,Chai & coffee,1,30
50431,Cold coffee,Chai & coffee,1,90
50431,Poha,Breakfast,1,60
50432,Orange juice,Juice,1,70
50432,Filter coffee,Chai & coffee,1,40
50432,Masala chai,Chai & coffee,1,30
50432,Misal pav,Breakfast,1,90
50433,Misal pav,Breakfast,1,90
50433,Idli,Breakfast,1,50
50433,Jalebi,Sweets,1,40
50434,Upma,Breakfast,1,60
50434,Vada pav,Snacks,1,30
50434,Poha,Breakfast,2,60
50434,Jalebi,Sweets,1,40
50435,Misal pav,Breakfast,1,90
50435,Vada pav,Snacks,1,30
50435,Masala chai,Chai & coffee,1,30
50436,Misal pav,Breakfast,2,90
50436,Vada pav,Snacks,2,30
50437,Cold coffee,Chai & coffee,3,90
50437,Idli,Breakfast,2,50
50437,Masala dosa,Breakfast,1,90
50438,Orange juice,Juice,1,70
50439,Masala dosa,Breakfast,2,90
50439,Orange juice,Juice,3,70
50440,Masala dosa,Breakfast,1,90
50441,Pesarattu,Breakfast,2,80
50441,Misal pav,Breakfast,2,90
50441,Cold coffee,Chai & coffee,1,90
50442,Pesarattu,Breakfast,2,80
50442,Vada pav,Snacks,1,30
50443,Sandwich,Snacks,1,70
50443,Idli,Breakfast,1,50
50443,Filter coffee,Chai & coffee,1,40
50444,Cold coffee,Chai & coffee,2,90
50445,Masala chai,Chai & coffee,1,30
50446,Masala dosa,Breakfast,2,90
50446,Orange juice,Juice,1,70
50447,Filter coffee,Chai & coffee,2,40
50447,Idli,Breakfast,1,50
50447,Pesarattu,Breakfast,1,80
50448,Poha,Breakfast,2,60
50449,Masala chai,Chai & coffee,1,30
50450,Idli,Breakfast,1,50
50450,Poha,Breakfast,1,60
50450,Masala chai,Chai & coffee,1,30
50451,Idli,Breakfast,1,50
50451,Pesarattu,Breakfast,1,80
50451,Sandwich,Snacks,1,70
50452,Idli,Breakfast,2,50
50452,Upma,Breakfast,1,60
50453,Cold coffee,Chai & coffee,3,90
50453,Misal pav,Breakfast,3,90
50453,Masala dosa,Breakfast,1,90
50454,Vada pav,Snacks,2,30
50455,Upma,Breakfast,3,60
50455,Jalebi,Sweets,3,40
50455,Masala chai,Chai & coffee,1,30
50456,Jalebi,Sweets,3,40
50457,Sandwich,Snacks,2,70
50458,Cold coffee,Chai & coffee,1,90
50458,Vada pav,Snacks,1,30
50459,Idli,Breakfast,2,50
50460,Cold coffee,Chai & coffee,1,90
50461,Filter coffee,Chai & coffee,2,40
50462,Pesarattu,Breakfast,3,80
50463,Vada pav,Snacks,2,30
50464,Misal pav,Breakfast,2,90
50465,Poha,Breakfast,1,60
50466,Cold coffee,Chai & coffee,1,90
50467,Upma,Breakfast,2,60
50467,Vada pav,Snacks,2,30
50468,Sandwich,Snacks,1,70
50469,Cold coffee,Chai & coffee,1,90
50470,Poha,Breakfast,2,60
50470,Masala chai,Chai & coffee,2,30
50470,Pesarattu,Breakfast,2,80
50471,Misal pav,Breakfast,1,90
50471,Cold coffee,Chai & coffee,1,90
50471,Vada pav,Snacks,1,30
50472,Misal pav,Breakfast,1,90
50472,Masala dosa,Breakfast,1,90
50472,Vada pav,Snacks,1,30
50473,Idli,Breakfast,1,50
50473,Sandwich,Snacks,1,70
50473,Misal pav,Breakfast,1,90
50473,Masala dosa,Breakfast,1,90
50473,Orange juice,Juice,1,70
50474,Misal pav,Breakfast,1,90
50474,Upma,Breakfast,1,60
50474,Masala chai,Chai & coffee,1,30
50475,Misal pav,Breakfast,1,90
50475,Masala chai,Chai & coffee,1,30
50475,Filter coffee,Chai & coffee,1,40
50475,Masala dosa,Breakfast,1,90
50476,Poha,Breakfast,1,60
50476,Misal pav,Breakfast,1,90
50476,Jalebi,Sweets,1,40
50476,Masala chai,Chai & coffee,1,30
50476,Sandwich,Snacks,1,70
50477,Poha,Breakfast,1,60
50477,Pesarattu,Breakfast,1,80
50477,Masala chai,Chai & coffee,1,30
50477,Misal pav,Breakfast,2,90
50478,Misal pav,Breakfast,1,90
50478,Upma,Breakfast,1,60
50478,Orange juice,Juice,1,70
50479,Misal pav,Breakfast,1,90
50479,Masala dosa,Breakfast,2,90
50479,Masala chai,Chai & coffee,1,30
50480,Misal pav,Breakfast,1,90
50480,Sandwich,Snacks,1,70
50480,Masala dosa,Breakfast,1,90
50481,Misal pav,Breakfast,1,90
50481,Sandwich,Snacks,1,70
50481,Masala chai,Chai & coffee,1,30
50481,Jalebi,Sweets,1,40
50481,Vada pav,Snacks,2,30
50482,Vada pav,Snacks,1,30
50482,Pesarattu,Breakfast,1,80
50482,Idli,Breakfast,1,50
50482,Masala chai,Chai & coffee,1,30
50483,Jalebi,Sweets,1,40
50483,Orange juice,Juice,1,70
50483,Misal pav,Breakfast,1,90
50483,Idli,Breakfast,1,50
50484,Misal pav,Breakfast,1,90
50484,Jalebi,Sweets,1,40
50484,Vada pav,Snacks,1,30
50485,Idli,Breakfast,2,50
50485,Masala dosa,Breakfast,3,90
50485,Masala chai,Chai & coffee,3,30
50485,Misal pav,Breakfast,1,90
50486,Filter coffee,Chai & coffee,1,40
50486,Masala dosa,Breakfast,2,90
50487,Filter coffee,Chai & coffee,3,40
50487,Idli,Breakfast,1,50
50487,Poha,Breakfast,1,60
50487,Masala dosa,Breakfast,1,90
50488,Jalebi,Sweets,1,40
50489,Poha,Breakfast,3,60
50489,Filter coffee,Chai & coffee,1,40
50489,Jalebi,Sweets,2,40
50490,Filter coffee,Chai & coffee,1,40
50491,Filter coffee,Chai & coffee,1,40
50491,Misal pav,Breakfast,1,90
50491,Idli,Breakfast,1,50
50492,Filter coffee,Chai & coffee,2,40
50493,Sandwich,Snacks,2,70
50494,Masala chai,Chai & coffee,1,30
50495,Masala dosa,Breakfast,2,90
50496,Sandwich,Snacks,1,70
50497,Jalebi,Sweets,1,40
50497,Pesarattu,Breakfast,2,80
50498,Cold coffee,Chai & coffee,2,90
50499,Misal pav,Breakfast,1,90
50499,Cold coffee,Chai & coffee,2,90
50499,Pesarattu,Breakfast,2,80
50500,Masala dosa,Breakfast,2,90
50500,Pesarattu,Breakfast,1,80
50501,Filter coffee,Chai & coffee,1,40
50502,Idli,Breakfast,1,50
50503,Filter coffee,Chai & coffee,2,40
50504,Poha,Breakfast,2,60
50504,Sandwich,Snacks,1,70
50505,Vada pav,Snacks,2,30
50505,Masala chai,Chai & coffee,2,30
50505,Pesarattu,Breakfast,1,80
50506,Idli,Breakfast,1,50
50506,Poha,Breakfast,2,60
50507,Idli,Breakfast,3,50
50508,Poha,Breakfast,2,60
50509,Misal pav,Breakfast,2,90
50510,Cold coffee,Chai & coffee,2,90
50510,Filter coffee,Chai & coffee,1,40
50511,Masala chai,Chai & coffee,2,30
50512,Misal pav,Breakfast,3,90
50513,Misal pav,Breakfast,1,90
50514,Sandwich,Snacks,1,70
50515,Poha,Breakfast,2,60
50516,Masala dosa,Breakfast,1,90
50516,Cold coffee,Chai & coffee,1,90
50516,Poha,Breakfast,1,60
50516,Misal pav,Breakfast,1,90
50517,Poha,Breakfast,1,60
50517,Masala chai,Chai & coffee,1,30
50517,Sandwich,Snacks,1,70
50517,Masala dosa,Breakfast,1,90
50518,Vada pav,Snacks,1,30
50518,Cold coffee,Chai & coffee,1,90
50518,Idli,Breakfast,1,50
50518,Misal pav,Breakfast,1,90
50519,Poha,Breakfast,1,60
50519,Pesarattu,Breakfast,1,80
50519,Misal pav,Breakfast,1,90
50520,Idli,Breakfast,1,50
50520,Poha,Breakfast,2,60
50521,Filter coffee,Chai & coffee,1,40
50522,Jalebi,Sweets,1,40
50522,Idli,Breakfast,2,50
50523,Filter coffee,Chai & coffee,1,40
50524,Pesarattu,Breakfast,2,80
50525,Masala dosa,Breakfast,1,90
50525,Filter coffee,Chai & coffee,3,40
50525,Jalebi,Sweets,1,40
50526,Poha,Breakfast,3,60
50526,Filter coffee,Chai & coffee,1,40
50527,Filter coffee,Chai & coffee,1,40
50527,Masala dosa,Breakfast,2,90
50528,Idli,Breakfast,1,50
50528,Masala dosa,Breakfast,1,90
50528,Cold coffee,Chai & coffee,1,90
50529,Filter coffee,Chai & coffee,1,40
50530,Pesarattu,Breakfast,2,80
50530,Upma,Breakfast,2,60
50531,Pesarattu,Breakfast,1,80
50531,Poha,Breakfast,3,60
50532,Pesarattu,Breakfast,2,80
50532,Upma,Breakfast,1,60
50532,Masala chai,Chai & coffee,1,30
50533,Masala chai,Chai & coffee,1,30
50533,Sandwich,Snacks,1,70
50534,Misal pav,Breakfast,1,90
50534,Poha,Breakfast,1,60
50535,Idli,Breakfast,1,50
50535,Filter coffee,Chai & coffee,1,40
50536,Idli,Breakfast,1,50
50537,Idli,Breakfast,1,50
50537,Filter coffee,Chai & coffee,1,40
50538,Idli,Breakfast,2,50
50539,Idli,Breakfast,1,50
50539,Upma,Breakfast,1,60
50539,Filter coffee,Chai & coffee,1,40
50540,Misal pav,Breakfast,1,90
50540,Filter coffee,Chai & coffee,1,40
50541,Idli,Breakfast,2,50
50542,Filter coffee,Chai & coffee,1,40
50543,Upma,Breakfast,2,60
50543,Filter coffee,Chai & coffee,1,40
50544,Upma,Breakfast,1,60
50544,Masala chai,Chai & coffee,1,30
50545,Masala dosa,Breakfast,2,90
50546,Pesarattu,Breakfast,2,80
50547,Pesarattu,Breakfast,3,80
50547,Vada pav,Snacks,2,30
50548,Vada pav,Snacks,2,30
50549,Idli,Breakfast,2,50
50550,Cold coffee,Chai & coffee,2,90
50550,Masala chai,Chai & coffee,2,30
50551,Masala dosa,Breakfast,1,90
50552,Vada pav,Snacks,2,30
50552,Cold coffee,Chai & coffee,2,90
50553,Cold coffee,Chai & coffee,1,90
50553,Vada pav,Snacks,1,30
50553,Misal pav,Breakfast,1,90
50554,Vada pav,Snacks,2,30
50555,Misal pav,Breakfast,1,90
50555,Poha,Breakfast,1,60
50555,Sandwich,Snacks,1,70
50556,Poha,Breakfast,1,60
50556,Vada pav,Snacks,1,30
50556,Pesarattu,Breakfast,1,80
50556,Misal pav,Breakfast,1,90
50557,Poha,Breakfast,1,60
50557,Jalebi,Sweets,1,40
50557,Misal pav,Breakfast,1,90
50557,Pesarattu,Breakfast,1,80
50558,Masala chai,Chai & coffee,1,30
50558,Misal pav,Breakfast,1,90
50558,Pesarattu,Breakfast,1,80
50558,Vada pav,Snacks,1,30
50559,Misal pav,Breakfast,1,90
50559,Sandwich,Snacks,1,70
50559,Jalebi,Sweets,1,40
50559,Poha,Breakfast,1,60
50560,Orange juice,Juice,1,70
50560,Masala chai,Chai & coffee,1,30
50560,Misal pav,Breakfast,1,90
50560,Idli,Breakfast,2,50
50561,Masala dosa,Breakfast,2,90
50562,Filter coffee,Chai & coffee,1,40
50563,Idli,Breakfast,1,50
50563,Masala dosa,Breakfast,2,90
50563,Jalebi,Sweets,3,40
50564,Masala chai,Chai & coffee,1,30
50564,Idli,Breakfast,2,50
50564,Masala dosa,Breakfast,3,90
50565,Masala dosa,Breakfast,2,90
50565,Pesarattu,Breakfast,1,80
50566,Misal pav,Breakfast,1,90
50566,Pesarattu,Breakfast,1,80
50567,Pesarattu,Breakfast,1,80
50568,Filter coffee,Chai & coffee,1,40
50568,Pesarattu,Breakfast,1,80
50569,Pesarattu,Breakfast,1,80
50569,Sandwich,Snacks,1,70
50570,Idli,Breakfast,1,50
50570,Sandwich,Snacks,1,70
50570,Cold coffee,Chai & coffee,2,90
50571,Jalebi,Sweets,3,40
50572,Upma,Breakfast,1,60
50573,Pesarattu,Breakfast,1,80
50574,Idli,Breakfast,1,50
50575,Poha,Breakfast,1,60
50576,Filter coffee,Chai & coffee,2,40
50576,Sandwich,Snacks,1,70
50577,Pesarattu,Breakfast,2,80
50578,Filter coffee,Chai & coffee,2,40
50578,Idli,Breakfast,1,50
50579,Vada pav,Snacks,3,30
50580,Masala dosa,Breakfast,3,90
50580,Masala chai,Chai & coffee,3,30
50581,Masala dosa,Breakfast,1,90
50582,Idli,Breakfast,3,50
50582,Misal pav,Breakfast,3,90
50583,Masala chai,Chai & coffee,2,30
50583,Vada pav,Snacks,1,30
50584,Jalebi,Sweets,1,40
50584,Masala dosa,Breakfast,1,90
50585,Masala chai,Chai & coffee,1,30
50585,Cold coffee,Chai & coffee,1,90
50586,Misal pav,Breakfast,2,90
50587,Vada pav,Snacks,2,30
50587,Poha,Breakfast,1,60
50588,Poha,Breakfast,2,60
50588,Masala chai,Chai & coffee,3,30
50589,Misal pav,Breakfast,3,90
50590,Filter coffee,Chai & coffee,1,40
50590,Sandwich,Snacks,2,70
50590,Jalebi,Sweets,1,40
50591,Misal pav,Breakfast,1,90
50591,Filter coffee,Chai & coffee,1,40
50591,Pesarattu,Breakfast,1,80
50592,Masala dosa,Breakfast,1,90
50592,Filter coffee,Chai & coffee,1,40
50592,Poha,Breakfast,1,60
50593,Vada pav,Snacks,1,30
50593,Misal pav,Breakfast,1,90
50593,Cold coffee,Chai & coffee,1,90
50593,Masala chai,Chai & coffee,1,30
50594,Upma,Breakfast,1,60
50594,Misal pav,Breakfast,1,90
50594,Filter coffee,Chai & coffee,1,40
50595,Misal pav,Breakfast,1,90
50596,Cold coffee,Chai & coffee,1,90
50596,Poha,Breakfast,1,60
50597,Masala dosa,Breakfast,1,90
50597,Sandwich,Snacks,2,70
50597,Orange juice,Juice,1,70
50597,Misal pav,Breakfast,3,90
50598,Masala dosa,Breakfast,2,90
50599,Masala dosa,Breakfast,1,90
50599,Pesarattu,Breakfast,1,80
50599,Idli,Breakfast,3,50
50600,Filter coffee,Chai & coffee,1,40
50600,Cold coffee,Chai & coffee,1,90
50601,Masala chai,Chai & coffee,1,30
50601,Masala dosa,Breakfast,3,90
50602,Pesarattu,Breakfast,1,80
50602,Vada pav,Snacks,1,30
50603,Upma,Breakfast,3,60
50604,Pesarattu,Breakfast,1,80
50604,Orange juice,Juice,1,70
50605,Masala chai,Chai & coffee,1,30
50605,Jalebi,Sweets,2,40
50605,Vada pav,Snacks,2,30
50606,Pesarattu,Breakfast,3,80
50606,Upma,Breakfast,2,60
50606,Misal pav,Breakfast,1,90
50607,Upma,Breakfast,2,60
50608,Pesarattu,Breakfast,3,80
50608,Orange juice,Juice,1,70
50609,Misal pav,Breakfast,2,90
50610,Vada pav,Snacks,2,30
50610,Masala chai,Chai & coffee,2,30
50610,Misal pav,Breakfast,3,90
50611,Vada pav,Snacks,2,30
50611,Cold coffee,Chai & coffee,1,90
50612,Pesarattu,Breakfast,1,80
50613,Misal pav,Breakfast,2,90
50614,Cold coffee,Chai & coffee,1,90
50615,Misal pav,Breakfast,1,90
50615,Cold coffee,Chai & coffee,2,90
50616,Poha,Breakfast,2,60
50617,Orange juice,Juice,1,70
50618,Filter coffee,Chai & coffee,1,40
50618,Orange juice,Juice,1,70
50618,Vada pav,Snacks,1,30
50618,Jalebi,Sweets,1,40
50619,Poha,Breakfast,1,60
50619,Idli,Breakfast,1,50
50619,Jalebi,Sweets,1,40
50620,Poha,Breakfast,1,60
50620,Filter coffee,Chai & coffee,1,40
50620,Misal pav,Breakfast,1,90
50620,Pesarattu,Breakfast,1,80
50621,Jalebi,Sweets,1,40
50621,Misal pav,Breakfast,1,90
50621,Sandwich,Snacks,1,70
50621,Pesarattu,Breakfast,1,80
50622,Cold coffee,Chai & coffee,1,90
50622,Idli,Breakfast,1,50
50622,Sandwich,Snacks,1,70
50622,Jalebi,Sweets,1,40
50623,Cold coffee,Chai & coffee,1,90
50623,Sandwich,Snacks,1,70
50623,Misal pav,Breakfast,1,90
50624,Idli,Breakfast,1,50
50624,Poha,Breakfast,1,60
50624,Masala dosa,Breakfast,1,90
50624,Cold coffee,Chai & coffee,1,90
50625,Idli,Breakfast,1,50
50625,Misal pav,Breakfast,1,90
50625,Vada pav,Snacks,1,30
50626,Misal pav,Breakfast,2,90
50626,Poha,Breakfast,1,60
50626,Masala dosa,Breakfast,1,90
50627,Poha,Breakfast,1,60
50627,Filter coffee,Chai & coffee,1,40
50628,Idli,Breakfast,1,50
50628,Jalebi,Sweets,2,40
50628,Masala dosa,Breakfast,1,90
50629,Jalebi,Sweets,3,40
50630,Poha,Breakfast,1,60
50630,Filter coffee,Chai & coffee,1,40
50630,Masala chai,Chai & coffee,1,30
50631,Filter coffee,Chai & coffee,2,40
50631,Poha,Breakfast,2,60
50632,Masala dosa,Breakfast,1,90
50632,Vada pav,Snacks,1,30
50633,Pesarattu,Breakfast,3,80
50633,Idli,Breakfast,1,50
50634,Masala dosa,Breakfast,1,90
50635,Filter coffee,Chai & coffee,2,40
50636,Upma,Breakfast,1,60
50636,Filter coffee,Chai & coffee,2,40
50637,Vada pav,Snacks,2,30
50637,Poha,Breakfast,2,60
50637,Sandwich,Snacks,3,70
50637,Upma,Breakfast,2,60
50638,Filter coffee,Chai & coffee,1,40
50639,Pesarattu,Breakfast,1,80
50639,Vada pav,Snacks,1,30
50640,Jalebi,Sweets,1,40
50640,Pesarattu,Breakfast,2,80
50641,Masala chai,Chai & coffee,1,30
50641,Pesarattu,Breakfast,1,80
50642,Masala dosa,Breakfast,1,90
50642,Pesarattu,Breakfast,1,80
50643,Upma,Breakfast,1,60
50644,Cold coffee,Chai & coffee,2,90
50645,Idli,Breakfast,1,50
50646,Orange juice,Juice,2,70
50647,Masala dosa,Breakfast,1,90
50647,Idli,Breakfast,1,50
50648,Filter coffee,Chai & coffee,1,40
50648,Sandwich,Snacks,3,70
50649,Idli,Breakfast,1,50
50650,Misal pav,Breakfast,2,90
50650,Masala chai,Chai & coffee,1,30
50651,Vada pav,Snacks,1,30
50652,Misal pav,Breakfast,1,90
50653,Sandwich,Snacks,1,70
50654,Cold coffee,Chai & coffee,1,90
50655,Idli,Breakfast,1,50
50655,Vada pav,Snacks,2,30
50656,Orange juice,Juice,2,70
50657,Cold coffee,Chai & coffee,2,90
50658,Filter coffee,Chai & coffee,1,40
50659,Pesarattu,Breakfast,1,80
50660,Masala dosa,Breakfast,2,90
50660,Filter coffee,Chai & coffee,2,40
50660,Pesarattu,Breakfast,3,80
50661,Misal pav,Breakfast,2,90
50662,Vada pav,Snacks,1,30
50662,Sandwich,Snacks,1,70
50663,Filter coffee,Chai & coffee,1,40
50664,Vada pav,Snacks,2,30
50665,Misal pav,Breakfast,2,90
50666,Cold coffee,Chai & coffee,1,90
50666,Jalebi,Sweets,1,40
50666,Misal pav,Breakfast,1,90
50666,Sandwich,Snacks,1,70
50666,Pesarattu,Breakfast,1,80
50667,Jalebi,Sweets,1,40
50667,Orange juice,Juice,1,70
50667,Idli,Breakfast,1,50
50668,Misal pav,Breakfast,1,90
50668,Idli,Breakfast,1,50
50669,Pesarattu,Breakfast,1,80
50669,Misal pav,Breakfast,1,90
50669,Poha,Breakfast,1,60
50670,Poha,Breakfast,1,60
50670,Idli,Breakfast,1,50
50670,Misal pav,Breakfast,1,90
50670,Filter coffee,Chai & coffee,1,40
50671,Jalebi,Sweets,2,40
50671,Masala chai,Chai & coffee,1,30
50671,Poha,Breakfast,1,60
50672,Poha,Breakfast,1,60
50672,Pesarattu,Breakfast,1,80
50672,Jalebi,Sweets,1,40
50672,Orange juice,Juice,1,70
50673,Masala dosa,Breakfast,1,90
50673,Jalebi,Sweets,1,40
50673,Masala chai,Chai & coffee,1,30
50673,Cold coffee,Chai & coffee,1,90
50673,Misal pav,Breakfast,1,90
50674,Misal pav,Breakfast,1,90
50674,Sandwich,Snacks,1,70
50674,Orange juice,Juice,1,70
50674,Masala chai,Chai & coffee,1,30
50674,Jalebi,Sweets,1,40
50675,Orange juice,Juice,1,70
50676,Masala dosa,Breakfast,2,90
50677,Masala dosa,Breakfast,2,90
50678,Filter coffee,Chai & coffee,1,40
50678,Cold coffee,Chai & coffee,2,90
50679,Filter coffee,Chai & coffee,1,40
50679,Masala dosa,Breakfast,1,90
50680,Masala chai,Chai & coffee,1,30
50681,Filter coffee,Chai & coffee,1,40
50681,Misal pav,Breakfast,1,90
50681,Orange juice,Juice,1,70
50681,Masala dosa,Breakfast,2,90
50682,Misal pav,Breakfast,1,90
50682,Masala dosa,Breakfast,1,90
50683,Filter coffee,Chai & coffee,1,40
50683,Misal pav,Breakfast,1,90
50684,Masala dosa,Breakfast,1,90
50684,Upma,Breakfast,1,60
50684,Misal pav,Breakfast,1,90
50685,Misal pav,Breakfast,1,90
50686,Masala chai,Chai & coffee,2,30
50687,Masala dosa,Breakfast,1,90
50688,Pesarattu,Breakfast,1,80
50689,Orange juice,Juice,1,70
50689,Masala dosa,Breakfast,1,90
50690,Poha,Breakfast,1,60
50690,Filter coffee,Chai & coffee,1,40
50691,Misal pav,Breakfast,1,90
50692,Sandwich,Snacks,2,70
50693,Misal pav,Breakfast,1,90
50693,Orange juice,Juice,2,70
50693,Cold coffee,Chai & coffee,1,90
50694,Jalebi,Sweets,1,40
50695,Sandwich,Snacks,1,70
50696,Orange juice,Juice,2,70
50697,Misal pav,Breakfast,1,90
50697,Filter coffee,Chai & coffee,1,40
50698,Masala dosa,Breakfast,2,90
50699,Masala dosa,Breakfast,2,90
50700,Jalebi,Sweets,1,40
50701,Upma,Breakfast,1,60
50701,Cold coffee,Chai & coffee,3,90
50702,Cold coffee,Chai & coffee,1,90
50703,Filter coffee,Chai & coffee,2,40
50703,Vada pav,Snacks,1,30
50703,Orange juice,Juice,3,70
50704,Vada pav,Snacks,1,30
50704,Jalebi,Sweets,2,40
50704,Filter coffee,Chai & coffee,3,40
50705,Masala chai,Chai & coffee,2,30
50705,Masala dosa,Breakfast,2,90
50706,Upma,Breakfast,1,60
50706,Misal pav,Breakfast,2,90
50706,Poha,Breakfast,2,60
50707,Poha,Breakfast,2,60
50708,Cold coffee,Chai & coffee,1,90
50709,Cold coffee,Chai & coffee,2,90
50710,Poha,Breakfast,1,60
50711,Misal pav,Breakfast,1,90
50711,Filter coffee,Chai & coffee,1,40
50711,Sandwich,Snacks,1,70
50712,Misal pav,Breakfast,1,90
50712,Idli,Breakfast,1,50
50713,Misal pav,Breakfast,1,90
50713,Jalebi,Sweets,1,40
50713,Vada pav,Snacks,1,30
50714,Masala dosa,Breakfast,1,90
50714,Pesarattu,Breakfast,1,80
50714,Orange juice,Juice,2,70
50715,Upma,Breakfast,1,60
50715,Idli,Breakfast,1,50
50716,Misal pav,Breakfast,1,90
50716,Poha,Breakfast,2,60
50716,Pesarattu,Breakfast,1,80
50717,Jalebi,Sweets,1,40
50717,Masala chai,Chai & coffee,1,30
50717,Poha,Breakfast,1,60
50718,Pesarattu,Breakfast,1,80
50718,Vada pav,Snacks,3,30
50719,Filter coffee,Chai & coffee,2,40
50719,Masala dosa,Breakfast,1,90
50719,Idli,Breakfast,1,50
50720,Pesarattu,Breakfast,2,80
50720,Misal pav,Breakfast,2,90
50721,Filter coffee,Chai & coffee,1,40
50721,Jalebi,Sweets,2,40
50721,Cold coffee,Chai & coffee,1,90
50722,Pesarattu,Breakfast,3,80
50722,Masala dosa,Breakfast,3,90
50723,Pesarattu,Breakfast,2,80
50724,Poha,Breakfast,1,60
50724,Masala dosa,Breakfast,1,90
50725,Masala chai,Chai & coffee,3,30
50725,Cold coffee,Chai & coffee,2,90
50726,Vada pav,Snacks,3,30
50726,Jalebi,Sweets,2,40
50727,Sandwich,Snacks,2,70
50728,Idli,Breakfast,1,50
50728,Poha,Breakfast,1,60
50728,Masala dosa,Breakfast,2,90
50729,Cold coffee,Chai & coffee,1,90
50729,Orange juice,Juice,1,70
50730,Sandwich,Snacks,1,70
50731,Sandwich,Snacks,2,70
50731,Filter coffee,Chai & coffee,2,40
50731,Cold coffee,Chai & coffee,1,90
50732,Vada pav,Snacks,1,30
50732,Cold coffee,Chai & coffee,2,90
50732,Misal pav,Breakfast,2,90
50733,Vada pav,Snacks,1,30
50734,Misal pav,Breakfast,2,90
50734,Filter coffee,Chai & coffee,1,40
50734,Poha,Breakfast,1,60
50735,Idli,Breakfast,1,50
50735,Misal pav,Breakfast,3,90
50736,Vada pav,Snacks,2,30
50737,Cold coffee,Chai & coffee,3,90
50738,Misal pav,Breakfast,3,90
50739,Pesarattu,Breakfast,2,80
50739,Vada pav,Snacks,2,30
50740,Masala chai,Chai & coffee,1,30
50741,Orange juice,Juice,2,70
50742,Cold coffee,Chai & coffee,2,90
50743,Vada pav,Snacks,1,30
50743,Upma,Breakfast,2,60
50744,Poha,Breakfast,3,60
50744,Sandwich,Snacks,1,70
50745,Cold coffee,Chai & coffee,2,90
50746,Misal pav,Breakfast,3,90
50746,Upma,Breakfast,2,60
50746,Pesarattu,Breakfast,1,80
50747,Misal pav,Breakfast,1,90
50747,Cold coffee,Chai & coffee,1,90
50748,Vada pav,Snacks,2,30
50749,Filter coffee,Chai & coffee,2,40
50750,Cold coffee,Chai & coffee,1,90
50751,Misal pav,Breakfast,1,90
50751,Poha,Breakfast,1,60
50751,Cold coffee,Chai & coffee,1,90
50751,Masala dosa,Breakfast,1,90
50752,Masala chai,Chai & coffee,1,30
50752,Misal pav,Breakfast,1,90
50752,Poha,Breakfast,1,60
50753,Masala chai,Chai & coffee,1,30
50753,Sandwich,Snacks,1,70
50753,Vada pav,Snacks,1,30
50753,Misal pav,Breakfast,1,90
50754,Misal pav,Breakfast,1,90
50754,Jalebi,Sweets,1,40
50754,Poha,Breakfast,1,60
50754,Sandwich,Snacks,1,70
50755,Misal pav,Breakfast,1,90
50755,Cold coffee,Chai & coffee,1,90
50755,Masala dosa,Breakfast,1,90
50755,Orange juice,Juice,1,70
50755,Poha,Breakfast,1,60
50756,Pesarattu,Breakfast,1,80
50756,Upma,Breakfast,1,60
50756,Orange juice,Juice,1,70
50757,Misal pav,Breakfast,1,90
50757,Orange juice,Juice,1,70
50757,Masala chai,Chai & coffee,1,30
50758,Upma,Breakfast,1,60
50758,Cold coffee,Chai & coffee,1,90
50758,Pesarattu,Breakfast,3,80
50759,Masala dosa,Breakfast,1,90
50759,Filter coffee,Chai & coffee,3,40
50759,Cold coffee,Chai & coffee,1,90
50759,Sandwich,Snacks,3,70
50760,Vada pav,Snacks,1,30
50760,Masala chai,Chai & coffee,1,30
50761,Sandwich,Snacks,1,70
50761,Filter coffee,Chai & coffee,1,40
50761,Masala dosa,Breakfast,1,90
50761,Masala chai,Chai & coffee,1,30
50762,Filter coffee,Chai & coffee,1,40
50762,Poha,Breakfast,1,60
50763,Masala chai,Chai & coffee,1,30
50763,Poha,Breakfast,1,60
50764,Vada pav,Snacks,3,30
50765,Misal pav,Breakfast,1,90
50766,Pesarattu,Breakfast,1,80
50766,Idli,Breakfast,1,50
50767,Pesarattu,Breakfast,2,80
50768,Poha,Breakfast,2,60
50768,Orange juice,Juice,2,70
50768,Idli,Breakfast,1,50
50769,Pesarattu,Breakfast,2,80
50769,Cold coffee,Chai & coffee,1,90
50770,Filter coffee,Chai & coffee,2,40
50770,Cold coffee,Chai & coffee,3,90
50771,Vada pav,Snacks,1,30
50772,Masala dosa,Breakfast,1,90
50773,Filter coffee,Chai & coffee,1,40
50773,Vada pav,Snacks,2,30
50774,Idli,Breakfast,2,50
50775,Idli,Breakfast,1,50
50776,Poha,Breakfast,1,60
50776,Idli,Breakfast,1,50
50777,Jalebi,Sweets,1,40
50777,Pesarattu,Breakfast,2,80
50777,Upma,Breakfast,1,60
50778,Masala chai,Chai & coffee,1,30
50778,Misal pav,Breakfast,2,90
50779,Filter coffee,Chai & coffee,1,40
50779,Vada pav,Snacks,2,30
50780,Cold coffee,Chai & coffee,3,90
50780,Idli,Breakfast,2,50
50781,Pesarattu,Breakfast,2,80
50782,Cold coffee,Chai & coffee,1,90
50782,Vada pav,Snacks,1,30
50783,Filter coffee,Chai & coffee,1,40
50784,Misal pav,Breakfast,3,90
50785,Filter coffee,Chai & coffee,1,40
50785,Pesarattu,Breakfast,2,80
50786,Misal pav,Breakfast,1,90
50786,Jalebi,Sweets,2,40
50787,Orange juice,Juice,2,70
50788,Vada pav,Snacks,2,30
50789,Vada pav,Snacks,2,30
50790,Misal pav,Breakfast,3,90
50790,Sandwich,Snacks,3,70
50791,Pesarattu,Breakfast,1,80
50792,Filter coffee,Chai & coffee,2,40
50793,Jalebi,Sweets,2,40
50794,Upma,Breakfast,1,60
50794,Filter coffee,Chai & coffee,2,40
50794,Orange juice,Juice,2,70
50795,Idli,Breakfast,1,50
50795,Masala dosa,Breakfast,1,90
50795,Vada pav,Snacks,1,30
50795,Misal pav,Breakfast,1,90
50796,Filter coffee,Chai & coffee,1,40
50796,Poha,Breakfast,1,60
50796,Masala chai,Chai & coffee,2,30
50797,Orange juice,Juice,1,70
50797,Sandwich,Snacks,1,70
50797,Misal pav,Breakfast,1,90
50797,Masala chai,Chai & coffee,1,30
50798,Pesarattu,Breakfast,1,80
50798,Masala chai,Chai & coffee,1,30
50798,Misal pav,Breakfast,1,90
50798,Orange juice,Juice,1,70
50798,Vada pav,Snacks,1,30
50799,Filter coffee,Chai & coffee,2,40
50800,Masala dosa,Breakfast,1,90
50800,Idli,Breakfast,2,50
50801,Cold coffee,Chai & coffee,2,90
50801,Masala chai,Chai & coffee,2,30
50802,Masala dosa,Breakfast,1,90
50802,Sandwich,Snacks,1,70
50803,Masala dosa,Breakfast,1,90
50803,Poha,Breakfast,2,60
50804,Masala dosa,Breakfast,1,90
50805,Pesarattu,Breakfast,1,80
50806,Masala dosa,Breakfast,1,90
50807,Upma,Breakfast,2,60
50808,Upma,Breakfast,1,60
50808,Cold coffee,Chai & coffee,3,90
50809,Sandwich,Snacks,3,70
50809,Vada pav,Snacks,2,30
50810,Filter coffee,Chai & coffee,1,40
50810,Idli,Breakfast,1,50
50811,Poha,Breakfast,1,60
50811,Sandwich,Snacks,2,70
50812,Sandwich,Snacks,1,70
50813,Sandwich,Snacks,3,70
50814,Poha,Breakfast,2,60
50815,Vada pav,Snacks,3,30
50816,Pesarattu,Breakfast,1,80
50816,Vada pav,Snacks,2,30
50817,Masala dosa,Breakfast,1,90
50817,Jalebi,Sweets,3,40
50818,Masala dosa,Breakfast,2,90
50819,Poha,Breakfast,3,60
50819,Upma,Breakfast,1,60
50820,Misal pav,Breakfast,2,90
50820,Poha,Breakfast,1,60
50821,Filter coffee,Chai & coffee,2,40
50821,Misal pav,Breakfast,2,90
50822,Vada pav,Snacks,2,30
50823,Idli,Breakfast,2,50
50824,Filter coffee,Chai & coffee,1,40
50825,Poha,Breakfast,1,60
50825,Vada pav,Snacks,1,30
50825,Pesarattu,Breakfast,2,80
50825,Misal pav,Breakfast,1,90
50826,Misal pav,Breakfast,1,90
50826,Filter coffee,Chai & coffee,1,40
50826,Cold coffee,Chai & coffee,1,90
50827,Cold coffee,Chai & coffee,1,90
50827,Masala dosa,Breakfast,1,90
50827,Misal pav,Breakfast,1,90
50827,Idli,Breakfast,1,50
50828,Pesarattu,Breakfast,1,80
50828,Jalebi,Sweets,1,40
50828,Masala chai,Chai & coffee,1,30
50828,Misal pav,Breakfast,1,90
50829,Masala chai,Chai & coffee,1,30
50829,Sandwich,Snacks,1,70
50829,Upma,Breakfast,1,60
50830,Upma,Breakfast,1,60
50830,Vada pav,Snacks,1,30
50830,Poha,Breakfast,1,60
50830,Jalebi,Sweets,1,40
50831,Orange juice,Juice,1,70
50831,Misal pav,Breakfast,1,90
50831,Vada pav,Snacks,2,30
50832,Misal pav,Breakfast,1,90
50832,Filter coffee,Chai & coffee,2,40
50833,Filter coffee,Chai & coffee,1,40
50833,Sandwich,Snacks,2,70
50834,Masala dosa,Breakfast,2,90
50835,Misal pav,Breakfast,1,90
50835,Filter coffee,Chai & coffee,2,40
50835,Masala dosa,Breakfast,3,90
50836,Masala dosa,Breakfast,1,90
50836,Vada pav,Snacks,1,30
50837,Masala chai,Chai & coffee,2,30
50837,Jalebi,Sweets,1,40
50838,Poha,Breakfast,1,60
50838,Filter coffee,Chai & coffee,1,40
50838,Masala chai,Chai & coffee,1,30
50839,Idli,Breakfast,1,50
50839,Cold coffee,Chai & coffee,2,90
50839,Orange juice,Juice,1,70
50840,Poha,Breakfast,1,60
50840,Vada pav,Snacks,1,30
50840,Idli,Breakfast,1,50
50841,Filter coffee,Chai & coffee,1,40
50841,Pesarattu,Breakfast,1,80
50841,Masala dosa,Breakfast,2,90
50841,Masala chai,Chai & coffee,1,30
50842,Pesarattu,Breakfast,2,80
50842,Upma,Breakfast,1,60
50843,Upma,Breakfast,3,60
50843,Poha,Breakfast,2,60
50844,Sandwich,Snacks,2,70
50845,Pesarattu,Breakfast,1,80
50845,Idli,Breakfast,1,50
50846,Masala chai,Chai & coffee,1,30
50846,Idli,Breakfast,1,50
50846,Filter coffee,Chai & coffee,1,40
50847,Idli,Breakfast,1,50
50848,Idli,Breakfast,2,50
50848,Cold coffee,Chai & coffee,1,90
50848,Jalebi,Sweets,1,40
50849,Idli,Breakfast,2,50
50850,Upma,Breakfast,1,60
50851,Masala chai,Chai & coffee,2,30
50851,Cold coffee,Chai & coffee,3,90
50852,Pesarattu,Breakfast,3,80
50853,Poha,Breakfast,1,60
50853,Jalebi,Sweets,1,40
50853,Misal pav,Breakfast,2,90
50854,Orange juice,Juice,1,70
50855,Misal pav,Breakfast,2,90
50856,Vada pav,Snacks,1,30
50856,Sandwich,Snacks,3,70
50857,Vada pav,Snacks,1,30
50858,Masala chai,Chai & coffee,2,30
50859,Idli,Breakfast,1,50
50860,Misal pav,Breakfast,2,90
50860,Masala chai,Chai & coffee,2,30
50861,Orange juice,Juice,1,70
50862,Poha,Breakfast,1,60
50862,Masala chai,Chai & coffee,1,30
50862,Filter coffee,Chai & coffee,1,40
50862,Sandwich,Snacks,1,70
50862,Misal pav,Breakfast,1,90
50863,Misal pav,Breakfast,1,90
50863,Poha,Breakfast,1,60
50864,Masala dosa,Breakfast,1,90
50864,Sandwich,Snacks,1,70
50864,Poha,Breakfast,1,60
50865,Misal pav,Breakfast,1,90
50865,Pesarattu,Breakfast,1,80
50865,Cold coffee,Chai & coffee,1,90
50866,Masala chai,Chai & coffee,1,30
50866,Filter coffee,Chai & coffee,1,40
50867,Poha,Breakfast,1,60
50867,Misal pav,Breakfast,1,90
50867,Filter coffee,Chai & coffee,1,40
50868,Masala dosa,Breakfast,1,90
50868,Pesarattu,Breakfast,1,80
50869,Poha,Breakfast,3,60
50869,Upma,Breakfast,3,60
50869,Cold coffee,Chai & coffee,1,90
50869,Filter coffee,Chai & coffee,1,40
50870,Sandwich,Snacks,1,70
50870,Filter coffee,Chai & coffee,1,40
50870,Cold coffee,Chai & coffee,1,90
50871,Cold coffee,Chai & coffee,2,90
50871,Misal pav,Breakfast,1,90
50871,Idli,Breakfast,2,50
50872,Idli,Breakfast,2,50
50873,Filter coffee,Chai & coffee,2,40
50873,Idli,Breakfast,1,50
50874,Upma,Breakfast,1,60
50875,Filter coffee,Chai & coffee,2,40
50876,Masala dosa,Breakfast,1,90
50876,Pesarattu,Breakfast,1,80
50877,Sandwich,Snacks,3,70
50878,Masala chai,Chai & coffee,1,30
50878,Pesarattu,Breakfast,1,80
50878,Upma,Breakfast,1,60
50879,Sandwich,Snacks,1,70
50880,Vada pav,Snacks,1,30
50880,Masala chai,Chai & coffee,2,30
50881,Pesarattu,Breakfast,1,80
50881,Filter coffee,Chai & coffee,1,40
50881,Orange juice,Juice,1,70
50882,Filter coffee,Chai & coffee,3,40
50883,Pesarattu,Breakfast,2,80
50884,Pesarattu,Breakfast,1,80
50884,Jalebi,Sweets,3,40
50885,Misal pav,Breakfast,2,90
50886,Idli,Breakfast,1,50
50886,Upma,Breakfast,1,60
50886,Sandwich,Snacks,2,70
50887,Upma,Breakfast,1,60
50887,Sandwich,Snacks,1,70
50888,Idli,Breakfast,1,50
50889,Sandwich,Snacks,2,70
50890,Vada pav,Snacks,2,30
50890,Idli,Breakfast,1,50
50891,Poha,Breakfast,2,60
50891,Sandwich,Snacks,3,70
50892,Poha,Breakfast,1,60
50892,Masala chai,Chai & coffee,1,30
50892,Vada pav,Snacks,1,30
50893,Vada pav,Snacks,1,30
50893,Cold coffee,Chai & coffee,1,90
50894,Filter coffee,Chai & coffee,1,40
50895,Cold coffee,Chai & coffee,3,90
50895,Vada pav,Snacks,2,30
50895,Upma,Breakfast,2,60
50896,Masala chai,Chai & coffee,2,30
50897,Filter coffee,Chai & coffee,3,40
50898,Misal pav,Breakfast,1,90
50899,Sandwich,Snacks,1,70
50900,Cold coffee,Chai & coffee,1,90
50900,Misal pav,Breakfast,1,90
50900,Poha,Breakfast,1,60
50901,Filter coffee,Chai & coffee,1,40
50901,Misal pav,Breakfast,1,90
50901,Orange juice,Juice,1,70
50901,Sandwich,Snacks,1,70
50902,Cold coffee,Chai & coffee,1,90
50902,Poha,Breakfast,1,60
50902,Misal pav,Breakfast,2,90
50902,Pesarattu,Breakfast,1,80
50903,Masala dosa,Breakfast,1,90
50903,Misal pav,Breakfast,1,90
50903,Cold coffee,Chai & coffee,1,90
50903,Poha,Breakfast,1,60
50904,Poha,Breakfast,1,60
50904,Misal pav,Breakfast,1,90
50904,Idli,Breakfast,1,50
50904,Masala chai,Chai & coffee,2,30
50905,Jalebi,Sweets,1,40
50905,Masala dosa,Breakfast,1,90
50905,Misal pav,Breakfast,1,90
50905,Upma,Breakfast,1,60
50906,Poha,Breakfast,1,60
50906,Idli,Breakfast,1,50
50906,Misal pav,Breakfast,1,90
50906,Filter coffee,Chai & coffee,1,40
50907,Poha,Breakfast,1,60
50907,Orange juice,Juice,1,70
50907,Misal pav,Breakfast,1,90
50907,Masala dosa,Breakfast,1,90
50908,Jalebi,Sweets,1,40
50908,Masala chai,Chai & coffee,1,30
50908,Upma,Breakfast,1,60
50908,Poha,Breakfast,1,60
50909,Pesarattu,Breakfast,1,80
50909,Sandwich,Snacks,1,70
50909,Misal pav,Breakfast,1,90
50909,Idli,Breakfast,1,50
50909,Cold coffee,Chai & coffee,1,90
50910,Misal pav,Breakfast,1,90
50910,Orange juice,Juice,1,70
50910,Pesarattu,Breakfast,1,80
50910,Upma,Breakfast,1,60
50910,Filter coffee,Chai & coffee,1,40
50911,Filter coffee,Chai & coffee,1,40
50911,Masala dosa,Breakfast,1,90
50911,Cold coffee,Chai & coffee,2,90
50912,Masala dosa,Breakfast,3,90
50912,Vada pav,Snacks,1,30
50912,Upma,Breakfast,1,60
50912,Filter coffee,Chai & coffee,1,40
50913,Idli,Breakfast,2,50
50913,Vada pav,Snacks,1,30
50913,Masala dosa,Breakfast,2,90
50913,Jalebi,Sweets,1,40
50914,Misal pav,Breakfast,3,90
50914,Idli,Breakfast,1,50
50914,Upma,Breakfast,1,60
50915,Upma,Breakfast,2,60
50915,Orange juice,Juice,2,70
50916,Upma,Breakfast,1,60
50916,Filter coffee,Chai & coffee,1,40
50916,Jalebi,Sweets,1,40
50917,Masala dosa,Breakfast,1,90
50917,Misal pav,Breakfast,1,90
50918,Masala dosa,Breakfast,1,90
50918,Pesarattu,Breakfast,1,80
50919,Filter coffee,Chai & coffee,2,40
50920,Masala dosa,Breakfast,2,90
50921,Upma,Breakfast,1,60
50921,Sandwich,Snacks,2,70
50921,Pesarattu,Breakfast,1,80
50922,Idli,Breakfast,1,50
50923,Pesarattu,Breakfast,1,80
50923,Masala chai,Chai & coffee,1,30
50924,Sandwich,Snacks,1,70
50925,Upma,Breakfast,2,60
50925,Jalebi,Sweets,2,40
50925,Masala chai,Chai & coffee,1,30
50926,Orange juice,Juice,2,70
50926,Pesarattu,Breakfast,2,80
50927,Pesarattu,Breakfast,2,80
50928,Idli,Breakfast,2,50
50928,Masala chai,Chai & coffee,1,30
50929,Idli,Breakfast,1,50
50930,Idli,Breakfast,1,50
50930,Filter coffee,Chai & coffee,2,40
50931,Poha,Breakfast,2,60
50932,Poha,Breakfast,2,60
50933,Pesarattu,Breakfast,3,80
50934,Poha,Breakfast,1,60
50935,Idli,Breakfast,1,50
50936,Cold coffee,Chai & coffee,3,90
50937,Poha,Breakfast,2,60
50938,Vada pav,Snacks,2,30
50938,Cold coffee,Chai & coffee,1,90
50939,Cold coffee,Chai & coffee,3,90
50940,Misal pav,Breakfast,1,90
50940,Poha,Breakfast,1,60
50940,Idli,Breakfast,1,50
50940,Masala chai,Chai & coffee,1,30
50941,Pesarattu,Breakfast,1,80
50941,Orange juice,Juice,1,70
50941,Vada pav,Snacks,1,30
50941,Poha,Breakfast,2,60
50942,Filter coffee,Chai & coffee,1,40
50942,Masala chai,Chai & coffee,1,30
50942,Pesarattu,Breakfast,1,80
50942,Masala dosa,Breakfast,1,90
50943,Orange juice,Juice,1,70
50943,Filter coffee,Chai & coffee,1,40
50943,Poha,Breakfast,1,60
50944,Masala chai,Chai & coffee,1,30
50944,Misal pav,Breakfast,1,90
50944,Poha,Breakfast,1,60
50944,Orange juice,Juice,1,70
50945,Masala chai,Chai & coffee,1,30
50945,Pesarattu,Breakfast,1,80
50945,Cold coffee,Chai & coffee,1,90
50945,Jalebi,Sweets,1,40
50946,Masala chai,Chai & coffee,1,30
50946,Misal pav,Breakfast,1,90
50946,Idli,Breakfast,1,50
50946,Vada pav,Snacks,1,30
50947,Masala dosa,Breakfast,1,90
50947,Masala chai,Chai & coffee,1,30
50947,Orange juice,Juice,1,70
50948,Masala dosa,Breakfast,2,90
50949,Misal pav,Breakfast,1,90
50950,Idli,Breakfast,2,50
50950,Misal pav,Breakfast,1,90
50951,Upma,Breakfast,1,60
50951,Masala chai,Chai & coffee,1,30
50952,Masala chai,Chai & coffee,1,30
50952,Pesarattu,Breakfast,1,80
50953,Upma,Breakfast,1,60
50953,Filter coffee,Chai & coffee,2,40
50954,Pesarattu,Breakfast,1,80
50954,Idli,Breakfast,1,50
50955,Idli,Breakfast,2,50
50956,Filter coffee,Chai & coffee,1,40
50956,Cold coffee,Chai & coffee,2,90
50957,Filter coffee,Chai & coffee,1,40
50958,Orange juice,Juice,2,70
50959,Orange juice,Juice,1,70
50960,Idli,Breakfast,3,50
50961,Vada pav,Snacks,2,30
50961,Upma,Breakfast,3,60
50962,Poha,Breakfast,2,60
50963,Poha,Breakfast,2,60
50963,Orange juice,Juice,2,70
50964,Cold coffee,Chai & coffee,2,90
50964,Filter coffee,Chai & coffee,3,40
50964,Orange juice,Juice,2,70
50965,Upma,Breakfast,2,60
50966,Upma,Breakfast,3,60
50967,Masala chai,Chai & coffee,2,30
50968,Masala chai,Chai & coffee,1,30
50968,Pesarattu,Breakfast,3,80
50969,Masala chai,Chai & coffee,2,30
50970,Vada pav,Snacks,2,30
50970,Cold coffee,Chai & coffee,2,90
50971,Poha,Breakfast,1,60
50971,Masala dosa,Breakfast,1,90
50971,Masala chai,Chai & coffee,1,30
50972,Filter coffee,Chai & coffee,1,40
50972,Idli,Breakfast,1,50
50972,Jalebi,Sweets,1,40
50973,Jalebi,Sweets,1,40
50973,Pesarattu,Breakfast,1,80
50973,Masala dosa,Breakfast,1,90
50974,Misal pav,Breakfast,1,90
50974,Vada pav,Snacks,1,30
50974,Poha,Breakfast,1,60
50974,Sandwich,Snacks,1,70
50975,Vada pav,Snacks,1,30
50975,Poha,Breakfast,1,60
50975,Misal pav,Breakfast,1,90
50976,Misal pav,Breakfast,1,90
50976,Orange juice,Juice,1,70
50976,Vada pav,Snacks,1,30
50976,Pesarattu,Breakfast,1,80
50977,Filter coffee,Chai & coffee,1,40
50977,Upma,Breakfast,1,60
50977,Masala chai,Chai & coffee,1,30
50977,Masala dosa,Breakfast,1,90
50977,Jalebi,Sweets,1,40
50978,Masala chai,Chai & coffee,1,30
50978,Misal pav,Breakfast,1,90
50978,Masala dosa,Breakfast,1,90
50978,Poha,Breakfast,1,60
50979,Jalebi,Sweets,1,40
50980,Masala chai,Chai & coffee,1,30
50980,Filter coffee,Chai & coffee,1,40
50980,Cold coffee,Chai & coffee,1,90
50981,Filter coffee,Chai & coffee,2,40
50982,Sandwich,Snacks,1,70
50982,Masala dosa,Breakfast,2,90
50983,Filter coffee,Chai & coffee,1,40
50983,Poha,Breakfast,2,60
50984,Filter coffee,Chai & coffee,1,40
50984,Cold coffee,Chai & coffee,1,90
50984,Idli,Breakfast,1,50
50985,Poha,Breakfast,2,60
50986,Masala dosa,Breakfast,2,90
50987,Pesarattu,Breakfast,1,80
50987,Masala chai,Chai & coffee,2,30
50987,Filter coffee,Chai & coffee,2,40
50988,Filter coffee,Chai & coffee,3,40
50988,Masala chai,Chai & coffee,3,30
50988,Pesarattu,Breakfast,1,80
50989,Masala chai,Chai & coffee,1,30
50989,Poha,Breakfast,1,60
50990,Pesarattu,Breakfast,1,80
50991,Orange juice,Juice,1,70
50992,Upma,Breakfast,1,60
50993,Filter coffee,Chai & coffee,1,40
50994,Filter coffee,Chai & coffee,2,40
50995,Idli,Breakfast,1,50
50995,Poha,Breakfast,1,60
50996,Sandwich,Snacks,1,70
50996,Idli,Breakfast,1,50
50996,Poha,Breakfast,1,60
50997,Idli,Breakfast,2,50
50997,Masala chai,Chai & coffee,1,30
50997,Orange juice,Juice,2,70
50998,Orange juice,Juice,2,70
50998,Idli,Breakfast,3,50
50999,Cold coffee,Chai & coffee,2,90
51000,Sandwich,Snacks,3,70
51000,Orange juice,Juice,1,70
51001,Vada pav,Snacks,1,30
51002,Vada pav,Snacks,1,30
51002,Cold coffee,Chai & coffee,2,90
51003,Masala chai,Chai & coffee,2,30
51003,Cold coffee,Chai & coffee,1,90
51004,Sandwich,Snacks,2,70
51004,Misal pav,Breakfast,3,90
51005,Idli,Breakfast,2,50
51005,Masala chai,Chai & coffee,1,30
51005,Pesarattu,Breakfast,2,80
51006,Cold coffee,Chai & coffee,2,90
51007,Filter coffee,Chai & coffee,1,40
51008,Vada pav,Snacks,2,30
51009,Cold coffee,Chai & coffee,2,90
51010,Vada pav,Snacks,3,30
51011,Idli,Breakfast,1,50
51012,Jalebi,Sweets,1,40
51012,Pesarattu,Breakfast,1,80
51012,Orange juice,Juice,1,70
51012,Misal pav,Breakfast,1,90
51013,Misal pav,Breakfast,1,90
51013,Masala dosa,Breakfast,1,90
51013,Orange juice,Juice,1,70
51014,Orange juice,Juice,1,70
51014,Jalebi,Sweets,1,40
51015,Filter coffee,Chai & coffee,1,40
51015,Sandwich,Snacks,1,70
51015,Poha,Breakfast,1,60
51016,Misal pav,Breakfast,1,90
51016,Idli,Breakfast,1,50
51016,Jalebi,Sweets,1,40
51016,Cold coffee,Chai & coffee,1,90
51017,Masala chai,Chai & coffee,2,30
51017,Poha,Breakfast,1,60
51017,Jalebi,Sweets,1,40
51017,Orange juice,Juice,1,70
51018,Sandwich,Snacks,1,70
51018,Pesarattu,Breakfast,1,80
51018,Misal pav,Breakfast,1,90
51018,Poha,Breakfast,2,60
51019,Filter coffee,Chai & coffee,3,40
51019,Upma,Breakfast,2,60
51019,Jalebi,Sweets,2,40
51020,Filter coffee,Chai & coffee,1,40
51020,Masala dosa,Breakfast,1,90
51021,Masala dosa,Breakfast,3,90
51022,Masala dosa,Breakfast,1,90
51023,Vada pav,Snacks,3,30
51023,Poha,Breakfast,1,60
51024,Masala dosa,Breakfast,2,90
51025,Masala dosa,Breakfast,3,90
51025,Orange juice,Juice,1,70
51026,Masala dosa,Breakfast,3,90
51026,Sandwich,Snacks,2,70
51027,Masala dosa,Breakfast,1,90
51027,Idli,Breakfast,1,50
51027,Masala chai,Chai & coffee,1,30
51028,Misal pav,Breakfast,1,90
51028,Filter coffee,Chai & coffee,2,40
51028,Vada pav,Snacks,2,30
51029,Jalebi,Sweets,1,40
51029,Misal pav,Breakfast,1,90
51030,Pesarattu,Breakfast,1,80
51031,Pesarattu,Breakfast,2,80
51032,Pesarattu,Breakfast,2,80
51033,Masala chai,Chai & coffee,1,30
51033,Masala dosa,Breakfast,1,90
51034,Pesarattu,Breakfast,1,80
51034,Cold coffee,Chai & coffee,1,90
51034,Upma,Breakfast,1,60
51034,Filter coffee,Chai & coffee,2,40
51035,Masala dosa,Breakfast,1,90
51035,Vada pav,Snacks,1,30
51036,Upma,Breakfast,1,60
51037,Upma,Breakfast,2,60
51037,Jalebi,Sweets,1,40
51038,Misal pav,Breakfast,2,90
51039,Filter coffee,Chai & coffee,2,40
51040,Orange juice,Juice,1,70
51040,Pesarattu,Breakfast,1,80
51040,Cold coffee,Chai & coffee,1,90
51041,Masala dosa,Breakfast,1,90
51042,Vada pav,Snacks,1,30
51042,Poha,Breakfast,1,60
51043,Masala dosa,Breakfast,2,90
51044,Vada pav,Snacks,2,30
51044,Idli,Breakfast,1,50
51045,Poha,Breakfast,1,60
51046,Filter coffee,Chai & coffee,2,40
51047,Vada pav,Snacks,2,30
51048,Masala dosa,Breakfast,2,90
51048,Cold coffee,Chai & coffee,2,90
51049,Cold coffee,Chai & coffee,1,90
51049,Misal pav,Breakfast,3,90
51050,Masala dosa,Breakfast,2,90
51051,Misal pav,Breakfast,1,90
51051,Vada pav,Snacks,3,30
51052,Upma,Breakfast,2,60
51052,Jalebi,Sweets,2,40
51052,Vada pav,Snacks,3,30
51053,Upma,Breakfast,1,60
51053,Vada pav,Snacks,1,30
51053,Jalebi,Sweets,1,40
51054,Filter coffee,Chai & coffee,1,40
51054,Idli,Breakfast,1,50
51054,Upma,Breakfast,1,60
51054,Vada pav,Snacks,1,30
51055,Masala chai,Chai & coffee,1,30
51055,Misal pav,Breakfast,1,90
51055,Sandwich,Snacks,2,70
51055,Vada pav,Snacks,1,30
51055,Orange juice,Juice,2,70
51056,Pesarattu,Breakfast,1,80
51056,Cold coffee,Chai & coffee,1,90
51056,Orange juice,Juice,1,70
51057,Filter coffee,Chai & coffee,1,40
51057,Vada pav,Snacks,2,30
51057,Upma,Breakfast,1,60
51057,Poha,Breakfast,1,60
51058,Poha,Breakfast,2,60
51058,Filter coffee,Chai & coffee,1,40
51058,Masala dosa,Breakfast,1,90
51059,Poha,Breakfast,2,60
51059,Idli,Breakfast,2,50
51060,Masala dosa,Breakfast,1,90
51060,Vada pav,Snacks,1,30
51061,Poha,Breakfast,2,60
51061,Masala dosa,Breakfast,2,90
51062,Idli,Breakfast,1,50
51062,Jalebi,Sweets,2,40
51063,Pesarattu,Breakfast,1,80
51064,Orange juice,Juice,1,70
51064,Pesarattu,Breakfast,1,80
51064,Cold coffee,Chai & coffee,2,90
51065,Idli,Breakfast,2,50
51065,Poha,Breakfast,1,60
51066,Idli,Breakfast,1,50
51066,Sandwich,Snacks,2,70
51066,Pesarattu,Breakfast,1,80
51067,Filter coffee,Chai & coffee,1,40
51068,Cold coffee,Chai & coffee,2,90
51068,Masala dosa,Breakfast,1,90
51069,Cold coffee,Chai & coffee,1,90
51069,Filter coffee,Chai & coffee,1,40
51070,Vada pav,Snacks,2,30
51071,Misal pav,Breakfast,1,90
51072,Upma,Breakfast,2,60
51073,Cold coffee,Chai & coffee,1,90
51074,Cold coffee,Chai & coffee,1,90
51074,Vada pav,Snacks,1,30
51075,Cold coffee,Chai & coffee,2,90
51076,Masala chai,Chai & coffee,2,30
51077,Upma,Breakfast,1,60
51078,Vada pav,Snacks,3,30
51079,Cold coffee,Chai & coffee,2,90
51080,Poha,Breakfast,1,60
51080,Cold coffee,Chai & coffee,1,90
51080,Orange juice,Juice,1,70
51081,Idli,Breakfast,1,50
51081,Misal pav,Breakfast,1,90
51081,Masala chai,Chai & coffee,1,30
51082,Jalebi,Sweets,1,40
51082,Poha,Breakfast,1,60
51082,Misal pav,Breakfast,1,90
51082,Pesarattu,Breakfast,1,80
51083,Upma,Breakfast,1,60
51083,Poha,Breakfast,1,60
51083,Misal pav,Breakfast,1,90
51084,Upma,Breakfast,1,60
51084,Misal pav,Breakfast,1,90
51084,Masala chai,Chai & coffee,1,30
51084,Pesarattu,Breakfast,1,80
51085,Misal pav,Breakfast,1,90
51085,Poha,Breakfast,1,60
51085,Jalebi,Sweets,1,40
51085,Vada pav,Snacks,1,30
51086,Poha,Breakfast,1,60
51086,Misal pav,Breakfast,1,90
51086,Jalebi,Sweets,1,40
51086,Vada pav,Snacks,1,30
51087,Vada pav,Snacks,2,30
51087,Masala chai,Chai & coffee,1,30
51087,Pesarattu,Breakfast,1,80
51087,Cold coffee,Chai & coffee,1,90
51088,Cold coffee,Chai & coffee,1,90
51088,Sandwich,Snacks,1,70
51088,Misal pav,Breakfast,1,90
51088,Pesarattu,Breakfast,1,80
51089,Misal pav,Breakfast,1,90
51089,Upma,Breakfast,1,60
51090,Misal pav,Breakfast,1,90
51090,Orange juice,Juice,1,70
51090,Filter coffee,Chai & coffee,1,40
51091,Masala chai,Chai & coffee,1,30
51091,Upma,Breakfast,1,60
51091,Poha,Breakfast,1,60
51091,Pesarattu,Breakfast,1,80
51092,Poha,Breakfast,1,60
51092,Vada pav,Snacks,1,30
51092,Jalebi,Sweets,1,40
51093,Poha,Breakfast,3,60
51094,Filter coffee,Chai & coffee,1,40
51095,Filter coffee,Chai & coffee,2,40
51095,Sandwich,Snacks,1,70
51095,Jalebi,Sweets,1,40
51096,Filter coffee,Chai & coffee,1,40
51096,Masala dosa,Breakfast,1,90
51097,Masala dosa,Breakfast,1,90
51097,Masala chai,Chai & coffee,1,30
51098,Pesarattu,Breakfast,1,80
51098,Cold coffee,Chai & coffee,1,90
51099,Masala dosa,Breakfast,1,90
51099,Idli,Breakfast,2,50
51100,Filter coffee,Chai & coffee,3,40
51100,Masala dosa,Breakfast,1,90
51100,Upma,Breakfast,1,60
51101,Pesarattu,Breakfast,3,80
51101,Cold coffee,Chai & coffee,2,90
51102,Upma,Breakfast,1,60
51102,Cold coffee,Chai & coffee,1,90
51103,Masala dosa,Breakfast,1,90
51103,Misal pav,Breakfast,2,90
51103,Pesarattu,Breakfast,1,80
51104,Poha,Breakfast,3,60
51105,Idli,Breakfast,3,50
51105,Masala chai,Chai & coffee,1,30
51105,Misal pav,Breakfast,1,90
51105,Pesarattu,Breakfast,1,80
51106,Pesarattu,Breakfast,1,80
51106,Filter coffee,Chai & coffee,1,40
51107,Idli,Breakfast,1,50
51107,Vada pav,Snacks,2,30
51107,Cold coffee,Chai & coffee,1,90
51108,Masala chai,Chai & coffee,1,30
51108,Poha,Breakfast,1,60
51109,Jalebi,Sweets,1,40
51109,Idli,Breakfast,1,50
51110,Masala chai,Chai & coffee,1,30
51111,Idli,Breakfast,2,50
51111,Upma,Breakfast,1,60
51112,Vada pav,Snacks,1,30
51113,Cold coffee,Chai & coffee,1,90
51114,Vada pav,Snacks,2,30
51115,Jalebi,Sweets,1,40
51116,Cold coffee,Chai & coffee,2,90
51116,Poha,Breakfast,3,60
51116,Sandwich,Snacks,1,70
51117,Cold coffee,Chai & coffee,1,90
51118,Orange juice,Juice,1,70
51118,Poha,Breakfast,3,60
51119,Misal pav,Breakfast,3,90
51119,Orange juice,Juice,2,70
51120,Vada pav,Snacks,2,30
51120,Cold coffee,Chai & coffee,3,90
51120,Masala chai,Chai & coffee,3,30
51121,Cold coffee,Chai & coffee,1,90
51121,Vada pav,Snacks,3,30
51122,Vada pav,Snacks,1,30
51122,Masala chai,Chai & coffee,2,30
51123,Misal pav,Breakfast,1,90
51123,Vada pav,Snacks,1,30
51123,Masala chai,Chai & coffee,2,30
51123,Pesarattu,Breakfast,1,80
51124,Misal pav,Breakfast,1,90
51124,Filter coffee,Chai & coffee,1,40
51124,Vada pav,Snacks,1,30
51124,Pesarattu,Breakfast,1,80
51125,Jalebi,Sweets,1,40
51125,Misal pav,Breakfast,1,90
51125,Upma,Breakfast,2,60
51125,Sandwich,Snacks,1,70
51126,Misal pav,Breakfast,1,90
51126,Upma,Breakfast,1,60
51126,Sandwich,Snacks,2,70
51127,Idli,Breakfast,1,50
51127,Misal pav,Breakfast,1,90
51127,Masala dosa,Breakfast,1,90
51127,Filter coffee,Chai & coffee,1,40
51128,Misal pav,Breakfast,1,90
51128,Poha,Breakfast,1,60
51128,Orange juice,Juice,1,70
51129,Upma,Breakfast,1,60
51129,Poha,Breakfast,1,60
51129,Masala dosa,Breakfast,1,90
51130,Sandwich,Snacks,1,70
51130,Misal pav,Breakfast,1,90
51130,Upma,Breakfast,1,60
51130,Orange juice,Juice,1,70
51130,Pesarattu,Breakfast,1,80
51131,Jalebi,Sweets,1,40
51131,Sandwich,Snacks,1,70
51131,Misal pav,Breakfast,1,90
51131,Vada pav,Snacks,1,30
51131,Cold coffee,Chai & coffee,1,90
51132,Misal pav,Breakfast,2,90
51132,Masala chai,Chai & coffee,1,30
51132,Sandwich,Snacks,1,70
51132,Jalebi,Sweets,1,40
51133,Vada pav,Snacks,1,30
51133,Misal pav,Breakfast,1,90
51133,Upma,Breakfast,2,60
51133,Idli,Breakfast,1,50
51134,Masala chai,Chai & coffee,1,30
51134,Idli,Breakfast,1,50
51134,Misal pav,Breakfast,1,90
51134,Poha,Breakfast,1,60
51135,Misal pav,Breakfast,1,90
51135,Upma,Breakfast,1,60
51135,Pesarattu,Breakfast,1,80
51135,Vada pav,Snacks,1,30
51136,Poha,Breakfast,1,60
51136,Filter coffee,Chai & coffee,1,40
51136,Misal pav,Breakfast,1,90
51136,Cold coffee,Chai & coffee,1,90
51137,Cold coffee,Chai & coffee,1,90
51137,Filter coffee,Chai & coffee,1,40
51137,Orange juice,Juice,1,70
51138,Filter coffee,Chai & coffee,2,40
51138,Orange juice,Juice,1,70
51139,Filter coffee,Chai & coffee,3,40
51139,Jalebi,Sweets,1,40
51140,Upma,Breakfast,2,60
51141,Masala dosa,Breakfast,1,90
51141,Idli,Breakfast,1,50
51141,Upma,Breakfast,1,60
51142,Masala dosa,Breakfast,2,90
51143,Cold coffee,Chai & coffee,1,90
51143,Masala dosa,Breakfast,1,90
51144,Jalebi,Sweets,1,40
51145,Pesarattu,Breakfast,3,80
51146,Masala dosa,Breakfast,1,90
51146,Upma,Breakfast,1,60
51147,Pesarattu,Breakfast,1,80
51148,Poha,Breakfast,1,60
51148,Filter coffee,Chai & coffee,2,40
51148,Upma,Breakfast,1,60
51149,Idli,Breakfast,1,50
51150,Upma,Breakfast,1,60
51150,Idli,Breakfast,2,50
51151,Misal pav,Breakfast,3,90
51152,Vada pav,Snacks,3,30
51153,Orange juice,Juice,2,70
51154,Jalebi,Sweets,1,40
51155,Sandwich,Snacks,2,70
51155,Vada pav,Snacks,2,30
51155,Cold coffee,Chai & coffee,2,90
51156,Cold coffee,Chai & coffee,2,90
51157,Vada pav,Snacks,2,30
51158,Idli,Breakfast,2,50
51159,Masala chai,Chai & coffee,3,30
51160,Misal pav,Breakfast,1,90
51160,Poha,Breakfast,1,60
51160,Orange juice,Juice,1,70
51160,Cold coffee,Chai & coffee,1,90
51161,Upma,Breakfast,1,60
51161,Masala dosa,Breakfast,1,90
51161,Poha,Breakfast,1,60
51161,Misal pav,Breakfast,1,90
51161,Pesarattu,Breakfast,1,80
51162,Poha,Breakfast,1,60
51162,Sandwich,Snacks,2,70
51162,Jalebi,Sweets,1,40
51162,Masala chai,Chai & coffee,1,30
51162,Misal pav,Breakfast,1,90
51163,Sandwich,Snacks,1,70
51163,Vada pav,Snacks,1,30
51163,Jalebi,Sweets,1,40
51163,Misal pav,Breakfast,1,90
51164,Masala chai,Chai & coffee,1,30
51164,Vada pav,Snacks,1,30
51164,Misal pav,Breakfast,1,90
51164,Poha,Breakfast,1,60
51165,Misal pav,Breakfast,1,90
51165,Masala chai,Chai & coffee,1,30
51165,Pesarattu,Breakfast,1,80
51166,Misal pav,Breakfast,1,90
51166,Poha,Breakfast,1,60
51166,Filter coffee,Chai & coffee,2,40
51166,Cold coffee,Chai & coffee,1,90
51166,Masala dosa,Breakfast,1,90
51167,Misal pav,Breakfast,1,90
51167,Upma,Breakfast,1,60
51167,Idli,Breakfast,1,50
51167,Orange juice,Juice,1,70
51168,Idli,Breakfast,1,50
51168,Misal pav,Breakfast,2,90
51168,Sandwich,Snacks,1,70
51168,Orange juice,Juice,1,70
51169,Filter coffee,Chai & coffee,3,40
51169,Pesarattu,Breakfast,2,80
51169,Misal pav,Breakfast,2,90
51170,Misal pav,Breakfast,1,90
51170,Idli,Breakfast,1,50
51171,Filter coffee,Chai & coffee,1,40
51172,Jalebi,Sweets,1,40
51172,Masala chai,Chai & coffee,1,30
51173,Masala dosa,Breakfast,1,90
51173,Jalebi,Sweets,1,40
51174,Orange juice,Juice,2,70
51174,Filter coffee,Chai & coffee,1,40
51175,Masala dosa,Breakfast,1,90
51175,Orange juice,Juice,1,70
51175,Idli,Breakfast,1,50
51176,Idli,Breakfast,2,50
51176,Orange juice,Juice,1,70
51177,Pesarattu,Breakfast,2,80
51177,Idli,Breakfast,1,50
51178,Misal pav,Breakfast,1,90
51179,Pesarattu,Breakfast,2,80
51179,Sandwich,Snacks,1,70
51180,Upma,Breakfast,2,60
51181,Misal pav,Breakfast,1,90
51181,Filter coffee,Chai & coffee,1,40
51182,Jalebi,Sweets,2,40
51182,Filter coffee,Chai & coffee,1,40
51183,Idli,Breakfast,1,50
51184,Poha,Breakfast,1,60
51184,Filter coffee,Chai & coffee,2,40
51185,Upma,Breakfast,2,60
51185,Sandwich,Snacks,1,70
51186,Filter coffee,Chai & coffee,1,40
51186,Idli,Breakfast,1,50
51187,Idli,Breakfast,1,50
51188,Idli,Breakfast,2,50
51189,Idli,Breakfast,1,50
51190,Idli,Breakfast,1,50
51191,Idli,Breakfast,1,50
51191,Sandwich,Snacks,1,70
51191,Upma,Breakfast,1,60
51192,Misal pav,Breakfast,2,90
51193,Jalebi,Sweets,1,40
51194,Jalebi,Sweets,2,40
51195,Misal pav,Breakfast,1,90
51196,Orange juice,Juice,2,70
51197,Misal pav,Breakfast,3,90
51198,Pesarattu,Breakfast,2,80
51198,Poha,Breakfast,1,60
51199,Upma,Breakfast,2,60
51200,Misal pav,Breakfast,1,90
51200,Cold coffee,Chai & coffee,1,90
51200,Masala chai,Chai & coffee,1,30
51200,Poha,Breakfast,1,60
51200,Filter coffee,Chai & coffee,2,40
51201,Masala dosa,Breakfast,1,90
51201,Filter coffee,Chai & coffee,1,40
51201,Upma,Breakfast,1,60
51202,Masala dosa,Breakfast,1,90
51202,Misal pav,Breakfast,1,90
51202,Idli,Breakfast,1,50
51203,Misal pav,Breakfast,1,90
51203,Idli,Breakfast,1,50
51203,Poha,Breakfast,1,60
51204,Misal pav,Breakfast,2,90
51204,Masala chai,Chai & coffee,1,30
51204,Jalebi,Sweets,1,40
51205,Misal pav,Breakfast,1,90
51205,Masala chai,Chai & coffee,1,30
51205,Orange juice,Juice,1,70
51205,Masala dosa,Breakfast,1,90
51205,Poha,Breakfast,1,60
51206,Pesarattu,Breakfast,1,80
51206,Masala chai,Chai & coffee,1,30
51206,Masala dosa,Breakfast,1,90
51207,Filter coffee,Chai & coffee,1,40
51207,Idli,Breakfast,1,50
51207,Misal pav,Breakfast,1,90
51208,Misal pav,Breakfast,1,90
51208,Orange juice,Juice,1,70
51208,Poha,Breakfast,1,60
51208,Vada pav,Snacks,1,30
51208,Masala chai,Chai & coffee,1,30
51209,Masala dosa,Breakfast,1,90
51209,Filter coffee,Chai & coffee,1,40
51209,Masala chai,Chai & coffee,1,30
51209,Upma,Breakfast,1,60
51209,Idli,Breakfast,2,50
51210,Pesarattu,Breakfast,1,80
51210,Vada pav,Snacks,1,30
51211,Idli,Breakfast,2,50
51212,Cold coffee,Chai & coffee,1,90
51213,Sandwich,Snacks,2,70
51213,Poha,Breakfast,1,60
51214,Masala dosa,Breakfast,1,90
51214,Pesarattu,Breakfast,1,80
51214,Idli,Breakfast,2,50
51215,Masala dosa,Breakfast,2,90
51215,Idli,Breakfast,2,50
51216,Masala dosa,Breakfast,2,90
51217,Sandwich,Snacks,2,70
51217,Upma,Breakfast,1,60
51217,Poha,Breakfast,1,60
51218,Masala chai,Chai & coffee,2,30
51219,Masala dosa,Breakfast,3,90
51219,Poha,Breakfast,1,60
51220,Pesarattu,Breakfast,1,80
51221,Filter coffee,Chai & coffee,1,40
51222,Filter coffee,Chai & coffee,1,40
51222,Pesarattu,Breakfast,1,80
51223,Pesarattu,Breakfast,2,80
51223,Idli,Breakfast,1,50
51223,Vada pav,Snacks,3,30
51224,Pesarattu,Breakfast,1,80
51224,Misal pav,Breakfast,1,90
51225,Poha,Breakfast,2,60
51226,Vada pav,Snacks,1,30
51227,Pesarattu,Breakfast,1,80
51227,Upma,Breakfast,1,60
51228,Vada pav,Snacks,1,30
51229,Misal pav,Breakfast,1,90
51230,Filter coffee,Chai & coffee,1,40
51230,Misal pav,Breakfast,1,90
51230,Idli,Breakfast,1,50
51231,Orange juice,Juice,1,70
51232,Vada pav,Snacks,1,30
51232,Sandwich,Snacks,1,70
51233,Idli,Breakfast,1,50
51233,Poha,Breakfast,1,60
51234,Filter coffee,Chai & coffee,1,40
51234,Pesarattu,Breakfast,1,80
51234,Cold coffee,Chai & coffee,1,90
51235,Masala dosa,Breakfast,2,90
51235,Sandwich,Snacks,2,70
51235,Filter coffee,Chai & coffee,2,40
51236,Poha,Breakfast,2,60
51237,Masala dosa,Breakfast,2,90
51238,Cold coffee,Chai & coffee,2,90
51239,Vada pav,Snacks,3,30
51240,Cold coffee,Chai & coffee,2,90
51240,Sandwich,Snacks,2,70
51241,Idli,Breakfast,2,50
51242,Vada pav,Snacks,1,30
51242,Cold coffee,Chai & coffee,1,90
51243,Cold coffee,Chai & coffee,3,90
51243,Masala dosa,Breakfast,1,90
51244,Idli,Breakfast,2,50
51245,Cold coffee,Chai & coffee,1,90
51246,Cold coffee,Chai & coffee,1,90
51246,Vada pav,Snacks,2,30
51247,Poha,Breakfast,2,60
51248,Vada pav,Snacks,2,30
51249,Jalebi,Sweets,1,40
51249,Poha,Breakfast,1,60
51249,Misal pav,Breakfast,1,90
51249,Masala chai,Chai & coffee,1,30
51250,Pesarattu,Breakfast,1,80
51250,Misal pav,Breakfast,1,90
51250,Filter coffee,Chai & coffee,1,40
51251,Vada pav,Snacks,1,30
51251,Masala chai,Chai & coffee,1,30
51251,Cold coffee,Chai & coffee,1,90
51252,Orange juice,Juice,1,70
51252,Upma,Breakfast,1,60
51252,Misal pav,Breakfast,1,90
51253,Vada pav,Snacks,1,30
51253,Upma,Breakfast,1,60
51253,Misal pav,Breakfast,1,90
51254,Masala chai,Chai & coffee,1,30
51254,Idli,Breakfast,1,50
51254,Misal pav,Breakfast,1,90
51255,Jalebi,Sweets,1,40
51255,Masala dosa,Breakfast,1,90
51255,Misal pav,Breakfast,1,90
51255,Masala chai,Chai & coffee,1,30
51256,Filter coffee,Chai & coffee,1,40
51256,Masala chai,Chai & coffee,1,30
51256,Upma,Breakfast,1,60
51257,Poha,Breakfast,1,60
51257,Filter coffee,Chai & coffee,1,40
51257,Idli,Breakfast,1,50
51258,Idli,Breakfast,3,50
51258,Pesarattu,Breakfast,2,80
51259,Idli,Breakfast,2,50
51259,Orange juice,Juice,2,70
51260,Pesarattu,Breakfast,2,80
51260,Sandwich,Snacks,2,70
51261,Misal pav,Breakfast,2,90
51261,Cold coffee,Chai & coffee,2,90
51262,Pesarattu,Breakfast,1,80
51263,Masala dosa,Breakfast,1,90
51263,Pesarattu,Breakfast,1,80
51264,Masala dosa,Breakfast,1,90
51264,Filter coffee,Chai & coffee,1,40
51265,Filter coffee,Chai & coffee,2,40
51265,Misal pav,Breakfast,2,90
51266,Filter coffee,Chai & coffee,1,40
51267,Filter coffee,Chai & coffee,3,40
51267,Pesarattu,Breakfast,1,80
51267,Sandwich,Snacks,1,70
51268,Pesarattu,Breakfast,1,80
51269,Misal pav,Breakfast,2,90
51270,Filter coffee,Chai & coffee,1,40
51271,Masala dosa,Breakfast,2,90
51271,Misal pav,Breakfast,2,90
51271,Jalebi,Sweets,2,40
51272,Orange juice,Juice,1,70
51272,Idli,Breakfast,2,50
51272,Poha,Breakfast,1,60
51272,Upma,Breakfast,2,60
51273,Masala dosa,Breakfast,1,90
51274,Vada pav,Snacks,1,30
51275,Orange juice,Juice,1,70
51275,Idli,Breakfast,1,50
51276,Idli,Breakfast,1,50
51276,Jalebi,Sweets,1,40
51277,Idli,Breakfast,2,50
51277,Upma,Breakfast,1,60
51278,Upma,Breakfast,1,60
51278,Cold coffee,Chai & coffee,1,90
51279,Filter coffee,Chai & coffee,2,40
51279,Masala chai,Chai & coffee,1,30
51279,Misal pav,Breakfast,1,90
51280,Upma,Breakfast,2,60
51281,Cold coffee,Chai & coffee,3,90
51281,Pesarattu,Breakfast,1,80
51282,Misal pav,Breakfast,1,90
51282,Idli,Breakfast,2,50
51283,Pesarattu,Breakfast,1,80
51283,Vada pav,Snacks,2,30
51283,Upma,Breakfast,1,60
51284,Poha,Breakfast,3,60
51285,Pesarattu,Breakfast,1,80
51286,Upma,Breakfast,2,60
51287,Misal pav,Breakfast,2,90
51287,Vada pav,Snacks,2,30
51287,Poha,Breakfast,1,60
51288,Masala dosa,Breakfast,1,90
51288,Masala chai,Chai & coffee,1,30
51288,Misal pav,Breakfast,3,90
51289,Masala dosa,Breakfast,3,90
51289,Jalebi,Sweets,2,40
51290,Upma,Breakfast,3,60
51290,Cold coffee,Chai & coffee,1,90
51291,Upma,Breakfast,1,60
51291,Poha,Breakfast,1,60
51291,Misal pav,Breakfast,1,90
51292,Misal pav,Breakfast,1,90
51292,Cold coffee,Chai & coffee,1,90
51292,Masala dosa,Breakfast,1,90
51292,Upma,Breakfast,2,60
51292,Poha,Breakfast,1,60
51293,Pesarattu,Breakfast,1,80
51293,Poha,Breakfast,2,60
51293,Masala chai,Chai & coffee,1,30
51293,Filter coffee,Chai & coffee,1,40
51294,Misal pav,Breakfast,1,90
51294,Pesarattu,Breakfast,1,80
51294,Poha,Breakfast,1,60
51295,Sandwich,Snacks,1,70
51295,Misal pav,Breakfast,1,90
51295,Masala chai,Chai & coffee,1,30
51295,Poha,Breakfast,1,60
51296,Orange juice,Juice,1,70
51296,Pesarattu,Breakfast,1,80
51296,Vada pav,Snacks,1,30
51296,Masala chai,Chai & coffee,1,30
51296,Cold coffee,Chai & coffee,1,90
51297,Orange juice,Juice,1,70
51297,Filter coffee,Chai & coffee,1,40
51298,Masala chai,Chai & coffee,3,30
51298,Filter coffee,Chai & coffee,1,40
51299,Masala chai,Chai & coffee,2,30
51300,Masala dosa,Breakfast,1,90
51300,Pesarattu,Breakfast,3,80
51301,Cold coffee,Chai & coffee,1,90
51301,Filter coffee,Chai & coffee,3,40
51302,Masala chai,Chai & coffee,1,30
51302,Masala dosa,Breakfast,1,90
51303,Idli,Breakfast,1,50
51303,Pesarattu,Breakfast,2,80
51304,Masala dosa,Breakfast,1,90
51305,Pesarattu,Breakfast,2,80
51305,Jalebi,Sweets,2,40
51306,Masala chai,Chai & coffee,1,30
51306,Idli,Breakfast,1,50
51306,Cold coffee,Chai & coffee,1,90
51307,Filter coffee,Chai & coffee,1,40
51307,Misal pav,Breakfast,3,90
51308,Pesarattu,Breakfast,3,80
51309,Idli,Breakfast,1,50
51309,Upma,Breakfast,3,60
51310,Misal pav,Breakfast,3,90
51310,Idli,Breakfast,1,50
51311,Misal pav,Breakfast,1,90
51312,Idli,Breakfast,1,50
51313,Idli,Breakfast,2,50
51314,Sandwich,Snacks,2,70
51314,Orange juice,Juice,1,70
51315,Pesarattu,Breakfast,1,80
51315,Orange juice,Juice,1,70
51316,Sandwich,Snacks,1,70
51317,Poha,Breakfast,1,60
51318,Filter coffee,Chai & coffee,3,40
51318,Misal pav,Breakfast,1,90
51318,Jalebi,Sweets,3,40
51319,Cold coffee,Chai & coffee,3,90
51320,Sandwich,Snacks,1,70
51320,Misal pav,Breakfast,1,90
51320,Orange juice,Juice,2,70
51321,Pesarattu,Breakfast,1,80
51321,Orange juice,Juice,2,70
51321,Upma,Breakfast,1,60
51322,Misal pav,Breakfast,2,90
51322,Vada pav,Snacks,1,30
51323,Cold coffee,Chai & coffee,2,90
51323,Masala chai,Chai & coffee,1,30
51324,Vada pav,Snacks,2,30
51324,Cold coffee,Chai & coffee,1,90
51324,Upma,Breakfast,2,60
51325,Poha,Breakfast,1,60
51326,Masala dosa,Breakfast,2,90
51326,Orange juice,Juice,2,70
51326,Filter coffee,Chai & coffee,1,40
51327,Masala dosa,Breakfast,1,90
51327,Misal pav,Breakfast,1,90
51327,Poha,Breakfast,1,60
51328,Misal pav,Breakfast,1,90
51328,Orange juice,Juice,1,70
51328,Masala chai,Chai & coffee,1,30
51328,Vada pav,Snacks,1,30
51329,Idli,Breakfast,1,50
51329,Misal pav,Breakfast,1,90
51329,Pesarattu,Breakfast,1,80
51329,Jalebi,Sweets,1,40
51330,Jalebi,Sweets,1,40
51330,Orange juice,Juice,1,70
51330,Pesarattu,Breakfast,1,80
51330,Sandwich,Snacks,1,70
51331,Orange juice,Juice,1,70
51331,Idli,Breakfast,1,50
51331,Misal pav,Breakfast,1,90
51332,Masala chai,Chai & coffee,1,30
51332,Misal pav,Breakfast,1,90
51332,Poha,Breakfast,1,60
51332,Idli,Breakfast,1,50
51333,Idli,Breakfast,2,50
51333,Sandwich,Snacks,2,70
51334,Sandwich,Snacks,1,70
51335,Filter coffee,Chai & coffee,3,40
51336,Idli,Breakfast,2,50
51336,Vada pav,Snacks,1,30
51337,Masala dosa,Breakfast,2,90
51337,Vada pav,Snacks,1,30
51338,Vada pav,Snacks,1,30
51339,Cold coffee,Chai & coffee,1,90
51339,Sandwich,Snacks,1,70
51339,Misal pav,Breakfast,1,90
51340,Masala dosa,Breakfast,1,90
51340,Orange juice,Juice,1,70
51341,Sandwich,Snacks,2,70
51341,Jalebi,Sweets,1,40
51341,Filter coffee,Chai & coffee,1,40
51342,Masala chai,Chai & coffee,1,30
51343,Masala dosa,Breakfast,2,90
51343,Upma,Breakfast,1,60
51344,Masala dosa,Breakfast,2,90
51344,Misal pav,Breakfast,1,90
51345,Vada pav,Snacks,2,30
51345,Sandwich,Snacks,1,70
51345,Pesarattu,Breakfast,2,80
51346,Orange juice,Juice,1,70
51347,Cold coffee,Chai & coffee,1,90
51348,Jalebi,Sweets,2,40
51348,Filter coffee,Chai & coffee,2,40
51349,Sandwich,Snacks,1,70
51349,Idli,Breakfast,1,50
51350,Misal pav,Breakfast,1,90
51351,Idli,Breakfast,3,50
51351,Jalebi,Sweets,3,40
51351,Vada pav,Snacks,3,30
51352,Filter coffee,Chai & coffee,1,40
51352,Misal pav,Breakfast,1,90
51353,Sandwich,Snacks,1,70
51354,Filter coffee,Chai & coffee,2,40
51355,Idli,Breakfast,3,50
51355,Cold coffee,Chai & coffee,2,90
51355,Vada pav,Snacks,2,30
51356,Sandwich,Snacks,1,70
51356,Vada pav,Snacks,2,30
51356,Poha,Breakfast,1,60
51357,Poha,Breakfast,1,60
51358,Misal pav,Breakfast,2,90
51359,Filter coffee,Chai & coffee,3,40
51360,Vada pav,Snacks,1,30
51361,Cold coffee,Chai & coffee,1,90
51361,Poha,Breakfast,1,60
51362,Idli,Breakfast,1,50
51363,Vada pav,Snacks,3,30
51364,Misal pav,Breakfast,3,90
51364,Poha,Breakfast,2,60
51365,Vada pav,Snacks,2,30
51366,Poha,Breakfast,1,60
51367,Poha,Breakfast,3,60
51368,Orange juice,Juice,2,70
51368,Sandwich,Snacks,3,70
51369,Vada pav,Snacks,2,30
51369,Upma,Breakfast,2,60
51370,Misal pav,Breakfast,2,90
51370,Poha,Breakfast,3,60
51371,Cold coffee,Chai & coffee,1,90
51371,Sandwich,Snacks,1,70
51372,Poha,Breakfast,1,60
51372,Idli,Breakfast,1,50
51372,Cold coffee,Chai & coffee,1,90
51373,Cold coffee,Chai & coffee,1,90
51373,Idli,Breakfast,2,50
51373,Jalebi,Sweets,2,40
51373,Vada pav,Snacks,1,30
51374,Vada pav,Snacks,1,30
51374,Misal pav,Breakfast,1,90
51374,Poha,Breakfast,1,60
51374,Filter coffee,Chai & coffee,1,40
51375,Pesarattu,Breakfast,1,80
51375,Poha,Breakfast,1,60
51375,Upma,Breakfast,1,60
51376,Misal pav,Breakfast,1,90
51376,Jalebi,Sweets,1,40
51376,Cold coffee,Chai & coffee,1,90
51377,Masala dosa,Breakfast,1,90
51377,Vada pav,Snacks,1,30
51377,Pesarattu,Breakfast,1,80
51378,Poha,Breakfast,1,60
51378,Sandwich,Snacks,1,70
51378,Misal pav,Breakfast,2,90
51379,Poha,Breakfast,1,60
51379,Masala dosa,Breakfast,2,90
51380,Vada pav,Snacks,2,30
51380,Filter coffee,Chai & coffee,2,40
51381,Masala chai,Chai & coffee,1,30
51382,Sandwich,Snacks,1,70
51383,Cold coffee,Chai & coffee,1,90
51384,Sandwich,Snacks,3,70
51384,Upma,Breakfast,1,60
51385,Pesarattu,Breakfast,1,80
51385,Upma,Breakfast,1,60
51386,Orange juice,Juice,2,70
51387,Pesarattu,Breakfast,1,80
51387,Masala chai,Chai & coffee,1,30
51388,Upma,Breakfast,1,60
51389,Pesarattu,Breakfast,3,80
51390,Orange juice,Juice,1,70
51390,Vada pav,Snacks,1,30
51390,Pesarattu,Breakfast,1,80
51390,Sandwich,Snacks,2,70
51391,Filter coffee,Chai & coffee,3,40
51391,Idli,Breakfast,1,50
51391,Sandwich,Snacks,1,70
51392,Cold coffee,Chai & coffee,2,90
51393,Idli,Breakfast,2,50
51394,Jalebi,Sweets,1,40
51395,Jalebi,Sweets,2,40
51395,Idli,Breakfast,1,50
51396,Cold coffee,Chai & coffee,1,90
51396,Masala dosa,Breakfast,2,90
51397,Vada pav,Snacks,2,30
51397,Cold coffee,Chai & coffee,3,90
51398,Vada pav,Snacks,1,30
51399,Poha,Breakfast,3,60
51400,Cold coffee,Chai & coffee,2,90
51401,Vada pav,Snacks,2,30
51401,Filter coffee,Chai & coffee,3,40
51402,Orange juice,Juice,2,70
51403,Misal pav,Breakfast,3,90
51404,Cold coffee,Chai & coffee,2,90
51404,Vada pav,Snacks,1,30
51404,Upma,Breakfast,2,60
51405,Sandwich,Snacks,2,70
51406,Misal pav,Breakfast,1,90
51406,Poha,Breakfast,1,60
51406,Vada pav,Snacks,1,30
51407,Cold coffee,Chai & coffee,2,90
51407,Masala dosa,Breakfast,1,90
51408,Sandwich,Snacks,1,70
51408,Jalebi,Sweets,1,40
51408,Poha,Breakfast,1,60
51408,Upma,Breakfast,1,60
51409,Jalebi,Sweets,1,40
51409,Vada pav,Snacks,1,30
51409,Misal pav,Breakfast,1,90
51409,Cold coffee,Chai & coffee,1,90
51410,Vada pav,Snacks,1,30
51410,Misal pav,Breakfast,1,90
51410,Poha,Breakfast,1,60
51411,Idli,Breakfast,2,50
51411,Jalebi,Sweets,1,40
51411,Filter coffee,Chai & coffee,1,40
51411,Masala dosa,Breakfast,1,90
51412,Poha,Breakfast,1,60
51412,Cold coffee,Chai & coffee,1,90
51412,Idli,Breakfast,1,50
51413,Misal pav,Breakfast,1,90
51413,Poha,Breakfast,1,60
51413,Vada pav,Snacks,1,30
51414,Masala dosa,Breakfast,1,90
51415,Poha,Breakfast,1,60
51415,Jalebi,Sweets,1,40
51415,Masala dosa,Breakfast,1,90
51416,Vada pav,Snacks,1,30
51416,Masala dosa,Breakfast,2,90
51417,Masala dosa,Breakfast,1,90
51417,Upma,Breakfast,1,60
51418,Idli,Breakfast,3,50
51419,Masala chai,Chai & coffee,3,30
51420,Filter coffee,Chai & coffee,2,40
51420,Masala dosa,Breakfast,1,90
51420,Sandwich,Snacks,2,70
51421,Masala chai,Chai & coffee,2,30
51421,Masala dosa,Breakfast,1,90
51422,Filter coffee,Chai & coffee,1,40
51422,Jalebi,Sweets,2,40
51422,Misal pav,Breakfast,2,90
51423,Masala chai,Chai & coffee,1,30
51423,Idli,Breakfast,1,50
51424,Pesarattu,Breakfast,2,80
51424,Sandwich,Snacks,1,70
51425,Poha,Breakfast,1,60
51426,Orange juice,Juice,2,70
51426,Cold coffee,Chai & coffee,3,90
51427,Upma,Breakfast,3,60
51428,Filter coffee,Chai & coffee,2,40
51429,Cold coffee,Chai & coffee,1,90
51430,Idli,Breakfast,1,50
51430,Filter coffee,Chai & coffee,1,40
51431,Idli,Breakfast,1,50
51431,Filter coffee,Chai & coffee,2,40
51432,Filter coffee,Chai & coffee,1,40
51432,Masala dosa,Breakfast,1,90
51433,Misal pav,Breakfast,1,90
51433,Cold coffee,Chai & coffee,1,90
51433,Upma,Breakfast,1,60
51434,Upma,Breakfast,1,60
51435,Pesarattu,Breakfast,2,80
51435,Cold coffee,Chai & coffee,3,90
51436,Orange juice,Juice,1,70
51437,Jalebi,Sweets,2,40
51438,Jalebi,Sweets,1,40
51439,Jalebi,Sweets,1,40
51440,Idli,Breakfast,3,50
51440,Jalebi,Sweets,2,40
51441,Vada pav,Snacks,2,30
51442,Poha,Breakfast,3,60
51442,Jalebi,Sweets,2,40
51443,Jalebi,Sweets,1,40
51444,Pesarattu,Breakfast,1,80
51445,Poha,Breakfast,3,60
51446,Masala chai,Chai & coffee,1,30
51446,Sandwich,Snacks,1,70
51446,Misal pav,Breakfast,1,90
51447,Misal pav,Breakfast,1,90
51447,Masala chai,Chai & coffee,1,30
51447,Orange juice,Juice,1,70
51447,Poha,Breakfast,1,60
51448,Poha,Breakfast,1,60
51448,Pesarattu,Breakfast,1,80
51448,Upma,Breakfast,1,60
51449,Filter coffee,Chai & coffee,1,40
51449,Idli,Breakfast,1,50
51449,Misal pav,Breakfast,1,90
51450,Misal pav,Breakfast,1,90
51450,Poha,Breakfast,1,60
51450,Filter coffee,Chai & coffee,1,40
51450,Masala dosa,Breakfast,1,90
51451,Masala chai,Chai & coffee,1,30
51451,Misal pav,Breakfast,1,90
51451,Jalebi,Sweets,1,40
51451,Vada pav,Snacks,1,30
51452,Orange juice,Juice,1,70
51452,Poha,Breakfast,1,60
51452,Pesarattu,Breakfast,1,80
51452,Misal pav,Breakfast,1,90
51453,Misal pav,Breakfast,1,90
51453,Poha,Breakfast,1,60
51453,Upma,Breakfast,1,60
51453,Sandwich,Snacks,2,70
51453,Idli,Breakfast,1,50
51454,Poha,Breakfast,1,60
51454,Cold coffee,Chai & coffee,1,90
51454,Filter coffee,Chai & coffee,1,40
51454,Misal pav,Breakfast,1,90
51455,Filter coffee,Chai & coffee,1,40
51455,Poha,Breakfast,2,60
51456,Masala dosa,Breakfast,1,90
51457,Orange juice,Juice,1,70
51457,Jalebi,Sweets,1,40
51458,Idli,Breakfast,1,50
51458,Masala dosa,Breakfast,2,90
51458,Filter coffee,Chai & coffee,2,40
51459,Upma,Breakfast,2,60
51459,Sandwich,Snacks,2,70
51459,Orange juice,Juice,1,70
51460,Idli,Breakfast,3,50
51461,Masala dosa,Breakfast,1,90
51462,Orange juice,Juice,2,70
51462,Pesarattu,Breakfast,2,80
51463,Orange juice,Juice,1,70
51463,Masala chai,Chai & coffee,1,30
51463,Upma,Breakfast,2,60
51464,Pesarattu,Breakfast,1,80
51464,Jalebi,Sweets,2,40
51465,Masala dosa,Breakfast,1,90
51466,Orange juice,Juice,1,70
51466,Poha,Breakfast,1,60
51467,Masala chai,Chai & coffee,1,30
51467,Idli,Breakfast,1,50
51468,Idli,Breakfast,2,50
51468,Filter coffee,Chai & coffee,1,40
51469,Masala dosa,Breakfast,1,90
51470,Idli,Breakfast,1,50
51470,Poha,Breakfast,1,60
51471,Cold coffee,Chai & coffee,2,90
51471,Sandwich,Snacks,1,70
51472,Cold coffee,Chai & coffee,2,90
51472,Vada pav,Snacks,1,30
51472,Jalebi,Sweets,2,40
51473,Cold coffee,Chai & coffee,2,90
51474,Masala chai,Chai & coffee,1,30
51475,Filter coffee,Chai & coffee,1,40
51475,Poha,Breakfast,2,60
51476,Filter coffee,Chai & coffee,2,40
51477,Masala dosa,Breakfast,3,90
51477,Vada pav,Snacks,3,30
51478,Orange juice,Juice,3,70
51479,Poha,Breakfast,1,60
51479,Misal pav,Breakfast,1,90
51480,Cold coffee,Chai & coffee,2,90
51481,Cold coffee,Chai & coffee,1,90
51481,Idli,Breakfast,1,50
51481,Filter coffee,Chai & coffee,2,40
51482,Pesarattu,Breakfast,1,80
51482,Vada pav,Snacks,2,30
51482,Misal pav,Breakfast,1,90
51483,Misal pav,Breakfast,1,90
51483,Filter coffee,Chai & coffee,1,40
51483,Vada pav,Snacks,1,30
51484,Masala chai,Chai & coffee,1,30
51484,Pesarattu,Breakfast,1,80
51485,Misal pav,Breakfast,1,90
51485,Masala chai,Chai & coffee,1,30
51485,Filter coffee,Chai & coffee,1,40
51486,Masala chai,Chai & coffee,1,30
51486,Misal pav,Breakfast,1,90
51486,Masala dosa,Breakfast,1,90
51486,Poha,Breakfast,1,60
51486,Upma,Breakfast,1,60
51487,Jalebi,Sweets,1,40
51487,Misal pav,Breakfast,1,90
51487,Cold coffee,Chai & coffee,1,90
51487,Masala chai,Chai & coffee,1,30
51488,Orange juice,Juice,1,70
51488,Masala chai,Chai & coffee,1,30
51488,Misal pav,Breakfast,1,90
51488,Masala dosa,Breakfast,1,90
51489,Vada pav,Snacks,1,30
51489,Misal pav,Breakfast,1,90
51489,Poha,Breakfast,1,60
51489,Jalebi,Sweets,1,40
51490,Vada pav,Snacks,1,30
51490,Orange juice,Juice,1,70
51490,Masala chai,Chai & coffee,1,30
51491,Misal pav,Breakfast,1,90
51491,Masala chai,Chai & coffee,1,30
51491,Poha,Breakfast,1,60
51491,Idli,Breakfast,1,50
51492,Filter coffee,Chai & coffee,1,40
51492,Vada pav,Snacks,1,30
51492,Poha,Breakfast,1,60
51493,Idli,Breakfast,1,50
51493,Masala dosa,Breakfast,1,90
51494,Masala chai,Chai & coffee,1,30
51494,Masala dosa,Breakfast,1,90
51495,Masala dosa,Breakfast,2,90
51495,Idli,Breakfast,2,50
51496,Masala dosa,Breakfast,3,90
51497,Sandwich,Snacks,2,70
51497,Masala dosa,Breakfast,2,90
51498,Cold coffee,Chai & coffee,2,90
51498,Masala dosa,Breakfast,1,90
51499,Pesarattu,Breakfast,1,80
51499,Upma,Breakfast,1,60
51500,Pesarattu,Breakfast,2,80
51501,Jalebi,Sweets,2,40
51501,Poha,Breakfast,2,60
51501,Cold coffee,Chai & coffee,1,90
51502,Pesarattu,Breakfast,1,80
51503,Orange juice,Juice,1,70
51503,Masala chai,Chai & coffee,1,30
51504,Upma,Breakfast,1,60
51505,Masala dosa,Breakfast,1,90
51506,Idli,Breakfast,1,50
51507,Vada pav,Snacks,1,30
51508,Filter coffee,Chai & coffee,2,40
51508,Masala dosa,Breakfast,3,90
51509,Poha,Breakfast,1,60
51510,Vada pav,Snacks,1,30
51511,Idli,Breakfast,2,50
51512,Idli,Breakfast,2,50
51512,Cold coffee,Chai & coffee,2,90
51513,Orange juice,Juice,1,70
51513,Cold coffee,Chai & coffee,3,90
51514,Masala dosa,Breakfast,2,90
51515,Pesarattu,Breakfast,2,80
51515,Sandwich,Snacks,1,70
51516,Filter coffee,Chai & coffee,2,40
51517,Cold coffee,Chai & coffee,1,90
51517,Masala chai,Chai & coffee,2,30
51517,Misal pav,Breakfast,3,90
51518,Misal pav,Breakfast,2,90
51519,Masala chai,Chai & coffee,2,30
51520,Poha,Breakfast,1,60
51520,Misal pav,Breakfast,1,90
51520,Idli,Breakfast,1,50
51520,Sandwich,Snacks,1,70
51521,Idli,Breakfast,1,50
51521,Misal pav,Breakfast,1,90
51521,Upma,Breakfast,1,60
51522,Masala chai,Chai & coffee,1,30
51522,Idli,Breakfast,1,50
51522,Misal pav,Breakfast,1,90
51522,Masala dosa,Breakfast,1,90
51523,Masala dosa,Breakfast,1,90
51523,Jalebi,Sweets,1,40
51523,Poha,Breakfast,2,60
51523,Masala chai,Chai & coffee,1,30
51524,Pesarattu,Breakfast,1,80
51524,Filter coffee,Chai & coffee,1,40
51524,Poha,Breakfast,1,60
51524,Upma,Breakfast,1,60
51525,Idli,Breakfast,1,50
51525,Upma,Breakfast,2,60
51525,Filter coffee,Chai & coffee,3,40
51525,Masala dosa,Breakfast,3,90
51526,Upma,Breakfast,1,60
51526,Masala chai,Chai & coffee,2,30
51527,Masala dosa,Breakfast,1,90
51527,Filter coffee,Chai & coffee,1,40
51527,Masala chai,Chai & coffee,1,30
51528,Masala chai,Chai & coffee,1,30
51528,Filter coffee,Chai & coffee,1,40
51528,Masala dosa,Breakfast,1,90
51528,Upma,Breakfast,1,60
51529,Masala dosa,Breakfast,1,90
51529,Masala chai,Chai & coffee,3,30
51530,Pesarattu,Breakfast,2,80
51531,Masala dosa,Breakfast,2,90
51531,Pesarattu,Breakfast,1,80
51532,Masala dosa,Breakfast,2,90
51532,Filter coffee,Chai & coffee,1,40
51532,Poha,Breakfast,2,60
51533,Misal pav,Breakfast,2,90
51533,Idli,Breakfast,2,50
51533,Filter coffee,Chai & coffee,2,40
51533,Vada pav,Snacks,1,30
51534,Sandwich,Snacks,1,70
51534,Masala dosa,Breakfast,1,90
51535,Vada pav,Snacks,1,30
51536,Misal pav,Breakfast,1,90
51536,Vada pav,Snacks,1,30
51536,Sandwich,Snacks,2,70
51537,Cold coffee,Chai & coffee,1,90
51537,Idli,Breakfast,1,50
51538,Orange juice,Juice,2,70
51538,Idli,Breakfast,1,50
51539,Idli,Breakfast,3,50
51540,Orange juice,Juice,1,70
51541,Vada pav,Snacks,3,30
51542,Misal pav,Breakfast,2,90
51542,Sandwich,Snacks,1,70
51543,Upma,Breakfast,1,60
51544,Upma,Breakfast,2,60
51545,Masala dosa,Breakfast,3,90
51546,Sandwich,Snacks,1,70
51547,Cold coffee,Chai & coffee,2,90
51548,Cold coffee,Chai & coffee,1,90
51548,Misal pav,Breakfast,1,90
51549,Misal pav,Breakfast,1,90
51549,Jalebi,Sweets,1,40
51549,Filter coffee,Chai & coffee,1,40
51549,Masala chai,Chai & coffee,1,30
51549,Idli,Breakfast,1,50
51550,Orange juice,Juice,1,70
51550,Misal pav,Breakfast,1,90
51550,Masala chai,Chai & coffee,1,30
51550,Jalebi,Sweets,1,40
51551,Pesarattu,Breakfast,1,80
51551,Upma,Breakfast,1,60
51551,Misal pav,Breakfast,1,90
51551,Idli,Breakfast,1,50
51552,Filter coffee,Chai & coffee,1,40
51552,Masala dosa,Breakfast,1,90
51552,Vada pav,Snacks,1,30
51552,Cold coffee,Chai & coffee,1,90
51553,Misal pav,Breakfast,1,90
51553,Idli,Breakfast,1,50
51553,Jalebi,Sweets,1,40
51553,Masala chai,Chai & coffee,2,30
51554,Filter coffee,Chai & coffee,1,40
51554,Upma,Breakfast,1,60
51555,Orange juice,Juice,1,70
51556,Masala chai,Chai & coffee,3,30
51556,Jalebi,Sweets,1,40
51557,Jalebi,Sweets,1,40
51558,Masala dosa,Breakfast,2,90
51558,Idli,Breakfast,2,50
51559,Sandwich,Snacks,2,70
51560,Misal pav,Breakfast,1,90
51560,Masala chai,Chai & coffee,1,30
51561,Masala chai,Chai & coffee,1,30
51562,Idli,Breakfast,1,50
51562,Jalebi,Sweets,2,40
51563,Masala chai,Chai & coffee,1,30
51564,Masala dosa,Breakfast,1,90
51564,Filter coffee,Chai & coffee,1,40
51565,Misal pav,Breakfast,1,90
51566,Upma,Breakfast,1,60
51567,Idli,Breakfast,1,50
51568,Idli,Breakfast,1,50
51568,Masala chai,Chai & coffee,3,30
51569,Filter coffee,Chai & coffee,2,40
51570,Cold coffee,Chai & coffee,1,90
51570,Vada pav,Snacks,1,30
51571,Filter coffee,Chai & coffee,1,40
51572,Poha,Breakfast,1,60
51573,Vada pav,Snacks,2,30
51574,Pesarattu,Breakfast,1,80
51575,Poha,Breakfast,2,60
51576,Jalebi,Sweets,1,40
51577,Cold coffee,Chai & coffee,2,90
51578,Masala chai,Chai & coffee,1,30
51579,Vada pav,Snacks,1,30
51580,Orange juice,Juice,1,70
51580,Poha,Breakfast,1,60
51581,Vada pav,Snacks,1,30
51581,Filter coffee,Chai & coffee,3,40
51581,Misal pav,Breakfast,2,90
51582,Misal pav,Breakfast,1,90
51582,Cold coffee,Chai & coffee,1,90
51582,Filter coffee,Chai & coffee,1,40
51582,Orange juice,Juice,1,70
51582,Masala dosa,Breakfast,1,90
51583,Misal pav,Breakfast,1,90
51583,Upma,Breakfast,1,60
51583,Pesarattu,Breakfast,1,80
51583,Orange juice,Juice,1,70
51583,Masala chai,Chai & coffee,1,30
51584,Filter coffee,Chai & coffee,1,40
51584,Misal pav,Breakfast,1,90
51584,Masala chai,Chai & coffee,1,30
51584,Vada pav,Snacks,1,30
51585,Poha,Breakfast,1,60
51585,Pesarattu,Breakfast,1,80
51585,Masala dosa,Breakfast,1,90
51585,Misal pav,Breakfast,1,90
51585,Filter coffee,Chai & coffee,1,40
51586,Orange juice,Juice,1,70
51586,Filter coffee,Chai & coffee,1,40
51586,Sandwich,Snacks,1,70
51587,Masala dosa,Breakfast,1,90
51587,Cold coffee,Chai & coffee,1,90
51587,Misal pav,Breakfast,1,90
51587,Poha,Breakfast,2,60
51588,Misal pav,Breakfast,1,90
51588,Pesarattu,Breakfast,1,80
51588,Poha,Breakfast,1,60
51588,Cold coffee,Chai & coffee,1,90
51589,Orange juice,Juice,1,70
51589,Masala dosa,Breakfast,3,90
51589,Misal pav,Breakfast,3,90
51589,Filter coffee,Chai & coffee,2,40
51590,Masala dosa,Breakfast,2,90
51590,Orange juice,Juice,1,70
51590,Filter coffee,Chai & coffee,1,40
51590,Jalebi,Sweets,2,40
51591,Idli,Breakfast,2,50
51591,Filter coffee,Chai & coffee,1,40
51591,Masala dosa,Breakfast,1,90
51592,Filter coffee,Chai & coffee,1,40
51592,Pesarattu,Breakfast,1,80
51592,Idli,Breakfast,2,50
51593,Masala chai,Chai & coffee,2,30
51593,Masala dosa,Breakfast,2,90
51594,Filter coffee,Chai & coffee,2,40
51595,Pesarattu,Breakfast,1,80
51595,Sandwich,Snacks,2,70
51596,Pesarattu,Breakfast,1,80
51597,Vada pav,Snacks,1,30
51597,Pesarattu,Breakfast,3,80
51597,Filter coffee,Chai & coffee,1,40
51598,Poha,Breakfast,2,60
51599,Masala chai,Chai & coffee,2,30
51600,Pesarattu,Breakfast,1,80
51600,Orange juice,Juice,1,70
51600,Misal pav,Breakfast,1,90
51600,Masala dosa,Breakfast,1,90
51601,Upma,Breakfast,2,60
51602,Filter coffee,Chai & coffee,1,40
51602,Masala dosa,Breakfast,1,90
51603,Masala chai,Chai & coffee,1,30
51604,Idli,Breakfast,1,50
51604,Masala dosa,Breakfast,1,90
51605,Poha,Breakfast,2,60
51605,Misal pav,Breakfast,2,90
51605,Vada pav,Snacks,1,30
51606,Cold coffee,Chai & coffee,2,90
51606,Vada pav,Snacks,2,30
51606,Masala chai,Chai & coffee,2,30
51607,Sandwich,Snacks,1,70
51607,Misal pav,Breakfast,1,90
51608,Poha,Breakfast,1,60
51609,Jalebi,Sweets,3,40
51610,Cold coffee,Chai & coffee,1,90
51610,Vada pav,Snacks,2,30
51610,Misal pav,Breakfast,2,90
51611,Cold coffee,Chai & coffee,3,90
51611,Masala chai,Chai & coffee,3,30
51612,Vada pav,Snacks,3,30
51613,Cold coffee,Chai & coffee,2,90
51614,Filter coffee,Chai & coffee,2,40
51615,Misal pav,Breakfast,1,90
51615,Masala chai,Chai & coffee,1,30
51615,Filter coffee,Chai & coffee,1,40
51615,Cold coffee,Chai & coffee,1,90
51616,Upma,Breakfast,1,60
51616,Vada pav,Snacks,1,30
51616,Pesarattu,Breakfast,1,80
51616,Masala dosa,Breakfast,2,90
51617,Idli,Breakfast,1,50
51617,Pesarattu,Breakfast,1,80
51617,Masala chai,Chai & coffee,1,30
51618,Filter coffee,Chai & coffee,1,40
51618,Masala chai,Chai & coffee,1,30
51618,Poha,Breakfast,1,60
51619,Masala chai,Chai & coffee,1,30
51619,Jalebi,Sweets,1,40
51619,Poha,Breakfast,1,60
51619,Misal pav,Breakfast,1,90
51620,Idli,Breakfast,1,50
51620,Orange juice,Juice,1,70
51620,Sandwich,Snacks,1,70
51620,Poha,Breakfast,1,60
51621,Upma,Breakfast,1,60
51621,Poha,Breakfast,1,60
51621,Cold coffee,Chai & coffee,2,90
51621,Filter coffee,Chai & coffee,1,40
51622,Misal pav,Breakfast,1,90
51622,Masala chai,Chai & coffee,1,30
51622,Poha,Breakfast,2,60
51622,Masala dosa,Breakfast,1,90
51622,Pesarattu,Breakfast,1,80
51623,Misal pav,Breakfast,1,90
51623,Poha,Breakfast,1,60
51623,Upma,Breakfast,1,60
51624,Poha,Breakfast,1,60
51624,Misal pav,Breakfast,1,90
51624,Jalebi,Sweets,1,40
51625,Masala chai,Chai & coffee,1,30
51625,Jalebi,Sweets,1,40
51625,Poha,Breakfast,1,60
51626,Idli,Breakfast,1,50
51626,Poha,Breakfast,1,60
51626,Upma,Breakfast,1,60
51627,Cold coffee,Chai & coffee,1,90
51627,Jalebi,Sweets,1,40
51627,Idli,Breakfast,1,50
51628,Masala dosa,Breakfast,1,90
51628,Upma,Breakfast,1,60
51628,Poha,Breakfast,1,60
51628,Masala chai,Chai & coffee,1,30
51629,Upma,Breakfast,1,60
51629,Masala chai,Chai & coffee,1,30
51629,Misal pav,Breakfast,1,90
51629,Jalebi,Sweets,1,40
51630,Filter coffee,Chai & coffee,1,40
51630,Pesarattu,Breakfast,1,80
51631,Masala chai,Chai & coffee,1,30
51632,Orange juice,Juice,1,70
51632,Masala dosa,Breakfast,1,90
51633,Masala dosa,Breakfast,2,90
51634,Orange juice,Juice,2,70
51635,Masala dosa,Breakfast,2,90
51635,Orange juice,Juice,2,70
51636,Idli,Breakfast,2,50
51636,Masala dosa,Breakfast,1,90
51637,Masala dosa,Breakfast,1,90
51638,Orange juice,Juice,3,70
51638,Masala dosa,Breakfast,2,90
51639,Vada pav,Snacks,1,30
51639,Idli,Breakfast,3,50
51640,Pesarattu,Breakfast,1,80
51641,Orange juice,Juice,1,70
51641,Pesarattu,Breakfast,2,80
51642,Cold coffee,Chai & coffee,2,90
51643,Jalebi,Sweets,2,40
51644,Sandwich,Snacks,1,70
51645,Pesarattu,Breakfast,3,80
51645,Orange juice,Juice,1,70
51645,Misal pav,Breakfast,2,90
51645,Vada pav,Snacks,1,30
51646,Idli,Breakfast,2,50
51646,Masala chai,Chai & coffee,2,30
51646,Pesarattu,Breakfast,2,80
51647,Masala chai,Chai & coffee,1,30
51647,Idli,Breakfast,1,50
51647,Pesarattu,Breakfast,3,80
51648,Upma,Breakfast,1,60
51649,Filter coffee,Chai & coffee,1,40
51649,Idli,Breakfast,1,50
51650,Misal pav,Breakfast,2,90
51650,Poha,Breakfast,1,60
51651,Poha,Breakfast,1,60
51652,Idli,Breakfast,1,50
51653,Pesarattu,Breakfast,1,80
51654,Orange juice,Juice,2,70
51655,Masala chai,Chai & coffee,1,30
51656,Upma,Breakfast,2,60
51656,Pesarattu,Breakfast,2,80
51657,Pesarattu,Breakfast,1,80
51658,Misal pav,Breakfast,2,90
51659,Cold coffee,Chai & coffee,1,90
51659,Masala chai,Chai & coffee,2,30
51659,Poha,Breakfast,1,60
51660,Cold coffee,Chai & coffee,2,90
51661,Vada pav,Snacks,1,30
51661,Filter coffee,Chai & coffee,2,40
51661,Poha,Breakfast,1,60
51662,Sandwich,Snacks,3,70
51663,Misal pav,Breakfast,2,90
51664,Misal pav,Breakfast,1,90
51665,Cold coffee,Chai & coffee,3,90
51665,Orange juice,Juice,1,70
51666,Vada pav,Snacks,2,30
51666,Misal pav,Breakfast,2,90
51667,Vada pav,Snacks,2,30
51668,Cold coffee,Chai & coffee,3,90
51669,Poha,Breakfast,2,60
51670,Cold coffee,Chai & coffee,2,90
51670,Poha,Breakfast,2,60
51671,Idli,Breakfast,2,50
51671,Cold coffee,Chai & coffee,2,90
51672,Vada pav,Snacks,1,30
51672,Sandwich,Snacks,2,70
51672,Masala chai,Chai & coffee,2,30
51673,Sandwich,Snacks,1,70
51673,Cold coffee,Chai & coffee,1,90
51673,Masala dosa,Breakfast,1,90
51674,Poha,Breakfast,1,60
51674,Misal pav,Breakfast,1,90
51674,Filter coffee,Chai & coffee,1,40
51674,Masala chai,Chai & coffee,1,30
51675,Filter coffee,Chai & coffee,1,40
51675,Vada pav,Snacks,1,30
51675,Orange juice,Juice,1,70
51675,Pesarattu,Breakfast,1,80
51675,Masala chai,Chai & coffee,2,30
51676,Cold coffee,Chai & coffee,1,90
51676,Misal pav,Breakfast,1,90
51676,Jalebi,Sweets,1,40
51676,Poha,Breakfast,1,60
51677,Masala chai,Chai & coffee,1,30
51677,Poha,Breakfast,1,60
51677,Vada pav,Snacks,1,30
51677,Misal pav,Breakfast,1,90
51678,Misal pav,Breakfast,1,90
51678,Upma,Breakfast,1,60
51678,Masala dosa,Breakfast,1,90
51678,Masala chai,Chai & coffee,1,30
51679,Orange juice,Juice,1,70
51679,Masala chai,Chai & coffee,2,30
51679,Idli,Breakfast,1,50
51679,Misal pav,Breakfast,1,90
51679,Cold coffee,Chai & coffee,1,90
51680,Masala chai,Chai & coffee,1,30
51680,Poha,Breakfast,1,60
51680,Jalebi,Sweets,1,40
51681,Filter coffee,Chai & coffee,1,40
51681,Cold coffee,Chai & coffee,1,90
51681,Poha,Breakfast,1,60
51681,Orange juice,Juice,1,70
51682,Jalebi,Sweets,1,40
51683,Masala dosa,Breakfast,3,90
51683,Upma,Breakfast,3,60
51683,Vada pav,Snacks,2,30
51684,Filter coffee,Chai & coffee,2,40
51685,Upma,Breakfast,1,60
51685,Masala dosa,Breakfast,2,90
51685,Idli,Breakfast,1,50
51686,Pesarattu,Breakfast,1,80
51686,Masala dosa,Breakfast,3,90
51687,Masala dosa,Breakfast,2,90
51688,Orange juice,Juice,3,70
51688,Idli,Breakfast,1,50
51689,Idli,Breakfast,1,50
51689,Jalebi,Sweets,2,40
51690,Pesarattu,Breakfast,1,80
51691,Masala dosa,Breakfast,2,90
51691,Upma,Breakfast,3,60
51691,Sandwich,Snacks,1,70
51692,Jalebi,Sweets,3,40
51693,Masala chai,Chai & coffee,2,30
51693,Masala dosa,Breakfast,1,90
51693,Pesarattu,Breakfast,2,80
51694,Filter coffee,Chai & coffee,1,40
51694,Misal pav,Breakfast,2,90
51695,Idli,Breakfast,2,50
51696,Cold coffee,Chai & coffee,2,90
51696,Masala dosa,Breakfast,2,90
51696,Filter coffee,Chai & coffee,1,40
51697,Orange juice,Juice,1,70
51698,Idli,Breakfast,2,50
51698,Jalebi,Sweets,1,40
51699,Cold coffee,Chai & coffee,3,90
51700,Filter coffee,Chai & coffee,2,40
51701,Idli,Breakfast,1,50
51702,Misal pav,Breakfast,2,90
51703,Vada pav,Snacks,1,30
51703,Cold coffee,Chai & coffee,2,90
51703,Upma,Breakfast,1,60
51704,Vada pav,Snacks,2,30
51704,Cold coffee,Chai & coffee,2,90
51705,Cold coffee,Chai & coffee,2,90
51706,Cold coffee,Chai & coffee,1,90
51707,Misal pav,Breakfast,2,90
51707,Vada pav,Snacks,1,30
51708,Pesarattu,Breakfast,1,80
51708,Orange juice,Juice,1,70
51708,Poha,Breakfast,1,60
51709,Idli,Breakfast,1,50
51709,Pesarattu,Breakfast,1,80
51709,Masala chai,Chai & coffee,1,30
51709,Poha,Breakfast,1,60
51710,Poha,Breakfast,1,60
51710,Misal pav,Breakfast,1,90
51711,Misal pav,Breakfast,1,90
51711,Masala chai,Chai & coffee,1,30
51711,Idli,Breakfast,1,50
51712,Misal pav,Breakfast,1,90
51712,Idli,Breakfast,1,50
51712,Orange juice,Juice,1,70
51712,Masala chai,Chai & coffee,1,30
51712,Poha,Breakfast,1,60
51713,Masala dosa,Breakfast,2,90
51713,Misal pav,Breakfast,3,90
51714,Sandwich,Snacks,1,70
51715,Masala dosa,Breakfast,1,90
51715,Orange juice,Juice,1,70
51715,Upma,Breakfast,1,60
51716,Masala dosa,Breakfast,3,90
51716,Idli,Breakfast,2,50
51717,Poha,Breakfast,3,60
51718,Filter coffee,Chai & coffee,3,40
51718,Pesarattu,Breakfast,2,80
51719,Masala dosa,Breakfast,1,90
51720,Misal pav,Breakfast,1,90
51721,Masala chai,Chai & coffee,1,30
51721,Poha,Breakfast,1,60
51721,Pesarattu,Breakfast,2,80
51721,Sandwich,Snacks,1,70
51722,Cold coffee,Chai & coffee,1,90
51723,Upma,Breakfast,1,60
51723,Sandwich,Snacks,1,70
51724,Sandwich,Snacks,1,70
51724,Cold coffee,Chai & coffee,1,90
51725,Misal pav,Breakfast,1,90
51726,Filter coffee,Chai & coffee,2,40
51726,Poha,Breakfast,2,60
51727,Vada pav,Snacks,2,30
51728,Misal pav,Breakfast,1,90
51729,Filter coffee,Chai & coffee,3,40
51729,Cold coffee,Chai & coffee,2,90
51730,Vada pav,Snacks,2,30
51731,Sandwich,Snacks,2,70
51732,Cold coffee,Chai & coffee,2,90
51733,Cold coffee,Chai & coffee,2,90
51733,Filter coffee,Chai & coffee,1,40
51734,Sandwich,Snacks,3,70
51735,Sandwich,Snacks,1,70
51736,Misal pav,Breakfast,2,90
51737,Masala chai,Chai & coffee,1,30
51738,Vada pav,Snacks,3,30
51738,Cold coffee,Chai & coffee,2,90
51739,Cold coffee,Chai & coffee,1,90
51740,Sandwich,Snacks,1,70
51740,Poha,Breakfast,1,60
51740,Masala chai,Chai & coffee,1,30
51740,Misal pav,Breakfast,1,90
51741,Jalebi,Sweets,1,40
51741,Misal pav,Breakfast,1,90
51741,Poha,Breakfast,1,60
51741,Masala dosa,Breakfast,1,90
51742,Cold coffee,Chai & coffee,1,90
51742,Masala chai,Chai & coffee,1,30
51742,Filter coffee,Chai & coffee,1,40
51742,Masala dosa,Breakfast,1,90
51742,Orange juice,Juice,1,70
51743,Masala chai,Chai & coffee,1,30
51743,Misal pav,Breakfast,1,90
51743,Filter coffee,Chai & coffee,1,40
51743,Poha,Breakfast,1,60
51744,Vada pav,Snacks,1,30
51744,Pesarattu,Breakfast,1,80
51744,Misal pav,Breakfast,1,90
51744,Upma,Breakfast,1,60
51745,Cold coffee,Chai & coffee,1,90
51745,Masala dosa,Breakfast,1,90
51745,Orange juice,Juice,1,70
51746,Masala dosa,Breakfast,2,90
51746,Filter coffee,Chai & coffee,1,40
51746,Idli,Breakfast,1,50
51747,Upma,Breakfast,2,60
51747,Cold coffee,Chai & coffee,3,90
51748,Idli,Breakfast,1,50
51748,Orange juice,Juice,1,70
51749,Vada pav,Snacks,1,30
51749,Poha,Breakfast,1,60
51749,Pesarattu,Breakfast,1,80
51750,Filter coffee,Chai & coffee,2,40
51750,Misal pav,Breakfast,2,90
51751,Masala chai,Chai & coffee,1,30
51752,Masala dosa,Breakfast,3,90
51753,Cold coffee,Chai & coffee,1,90
51753,Filter coffee,Chai & coffee,1,40
51754,Pesarattu,Breakfast,1,80
51755,Jalebi,Sweets,1,40
51755,Pesarattu,Breakfast,2,80
51756,Upma,Breakfast,3,60
51757,Orange juice,Juice,1,70
51758,Pesarattu,Breakfast,1,80
51758,Masala chai,Chai & coffee,1,30
51759,Poha,Breakfast,2,60
51760,Orange juice,Juice,1,70
51760,Pesarattu,Breakfast,2,80
51761,Misal pav,Breakfast,1,90
51761,Idli,Breakfast,1,50
51761,Filter coffee,Chai & coffee,1,40
51762,Vada pav,Snacks,2,30
51762,Orange juice,Juice,1,70
51762,Sandwich,Snacks,1,70
51763,Cold coffee,Chai & coffee,1,90
51764,Jalebi,Sweets,2,40
51764,Masala dosa,Breakfast,1,90
51765,Masala dosa,Breakfast,2,90
51765,Misal pav,Breakfast,1,90
51766,Pesarattu,Breakfast,1,80
51766,Jalebi,Sweets,2,40
51767,Cold coffee,Chai & coffee,3,90
51768,Poha,Breakfast,1,60
51769,Jalebi,Sweets,2,40
51770,Cold coffee,Chai & coffee,2,90
51770,Pesarattu,Breakfast,3,80
51771,Vada pav,Snacks,2,30
51772,Upma,Breakfast,2,60
51773,Misal pav,Breakfast,3,90
51774,Misal pav,Breakfast,2,90
51775,Vada pav,Snacks,2,30
51776,Sandwich,Snacks,2,70
51776,Masala chai,Chai & coffee,1,30
51777,Vada pav,Snacks,1,30
51777,Cold coffee,Chai & coffee,1,90
51778,Pesarattu,Breakfast,2,80
51779,Upma,Breakfast,1,60
51779,Masala dosa,Breakfast,1,90
51779,Filter coffee,Chai & coffee,1,40
51780,Vada pav,Snacks,1,30
51780,Misal pav,Breakfast,1,90
51780,Cold coffee,Chai & coffee,1,90
51780,Masala chai,Chai & coffee,1,30
51780,Poha,Breakfast,1,60
51781,Orange juice,Juice,1,70
51781,Cold coffee,Chai & coffee,1,90
51781,Sandwich,Snacks,1,70
51782,Cold coffee,Chai & coffee,1,90
51782,Masala dosa,Breakfast,1,90
51782,Jalebi,Sweets,1,40
51782,Sandwich,Snacks,1,70
51782,Misal pav,Breakfast,1,90
51783,Pesarattu,Breakfast,1,80
51783,Upma,Breakfast,1,60
51784,Orange juice,Juice,1,70
51784,Misal pav,Breakfast,1,90
51784,Vada pav,Snacks,1,30
51784,Poha,Breakfast,1,60
51785,Orange juice,Juice,1,70
51785,Misal pav,Breakfast,1,90
51786,Poha,Breakfast,1,60
51786,Orange juice,Juice,1,70
51786,Masala chai,Chai & coffee,1,30
51787,Orange juice,Juice,1,70
51787,Poha,Breakfast,1,60
51787,Upma,Breakfast,1,60
51788,Masala chai,Chai & coffee,1,30
51788,Idli,Breakfast,1,50
51788,Poha,Breakfast,1,60
51788,Misal pav,Breakfast,1,90
51789,Cold coffee,Chai & coffee,1,90
51789,Masala dosa,Breakfast,1,90
51789,Upma,Breakfast,1,60
51789,Masala chai,Chai & coffee,1,30
51789,Poha,Breakfast,1,60
51790,Vada pav,Snacks,1,30
51790,Masala dosa,Breakfast,1,90
51790,Cold coffee,Chai & coffee,1,90
51790,Masala chai,Chai & coffee,3,30
51791,Idli,Breakfast,1,50
51791,Upma,Breakfast,2,60
51791,Masala dosa,Breakfast,3,90
51791,Cold coffee,Chai & coffee,1,90
51792,Orange juice,Juice,1,70
51792,Masala dosa,Breakfast,2,90
51793,Masala dosa,Breakfast,1,90
51794,Idli,Breakfast,2,50
51794,Cold coffee,Chai & coffee,1,90
51795,Filter coffee,Chai & coffee,2,40
51795,Sandwich,Snacks,2,70
51796,Masala dosa,Breakfast,1,90
51796,Filter coffee,Chai & coffee,3,40
51797,Idli,Breakfast,1,50
51797,Masala dosa,Breakfast,2,90
51798,Pesarattu,Breakfast,1,80
51799,Cold coffee,Chai & coffee,2,90
51800,Filter coffee,Chai & coffee,1,40
51800,Masala dosa,Breakfast,3,90
51800,Poha,Breakfast,1,60
51801,Jalebi,Sweets,1,40
51802,Orange juice,Juice,2,70
51803,Poha,Breakfast,2,60
51804,Sandwich,Snacks,1,70
51804,Pesarattu,Breakfast,2,80
51805,Misal pav,Breakfast,3,90
51805,Poha,Breakfast,1,60
51806,Cold coffee,Chai & coffee,2,90
51807,Cold coffee,Chai & coffee,1,90
51807,Jalebi,Sweets,3,40
51808,Pesarattu,Breakfast,2,80
51808,Cold coffee,Chai & coffee,1,90
51809,Idli,Breakfast,2,50
51809,Misal pav,Breakfast,2,90
51810,Sandwich,Snacks,2,70
51810,Upma,Breakfast,2,60
51810,Idli,Breakfast,3,50
51811,Poha,Breakfast,2,60
51811,Vada pav,Snacks,2,30
51812,Misal pav,Breakfast,1,90
51812,Vada pav,Snacks,1,30
51812,Cold coffee,Chai & coffee,1,90
51812,Jalebi,Sweets,1,40
51813,Jalebi,Sweets,1,40
51813,Cold coffee,Chai & coffee,1,90
51813,Filter coffee,Chai & coffee,1,40
51814,Poha,Breakfast,1,60
51814,Masala dosa,Breakfast,1,90
51814,Pesarattu,Breakfast,1,80
51815,Idli,Breakfast,1,50
51815,Poha,Breakfast,1,60
51815,Masala chai,Chai & coffee,1,30
51815,Vada pav,Snacks,1,30
51815,Upma,Breakfast,1,60
51816,Poha,Breakfast,1,60
51816,Pesarattu,Breakfast,2,80
51816,Jalebi,Sweets,1,40
51816,Misal pav,Breakfast,1,90
51816,Upma,Breakfast,1,60
51817,Masala chai,Chai & coffee,3,30
51817,Masala dosa,Breakfast,1,90
51817,Idli,Breakfast,2,50
51818,Cold coffee,Chai & coffee,2,90
51818,Orange juice,Juice,1,70
51819,Masala dosa,Breakfast,1,90
51819,Upma,Breakfast,1,60
51820,Masala dosa,Breakfast,2,90
51820,Filter coffee,Chai & coffee,2,40
51820,Idli,Breakfast,2,50
51821,Idli,Breakfast,2,50
51821,Masala dosa,Breakfast,3,90
51822,Orange juice,Juice,3,70
51822,Cold coffee,Chai & coffee,2,90
51823,Poha,Breakfast,2,60
51824,Masala chai,Chai & coffee,1,30
51824,Poha,Breakfast,1,60
51824,Cold coffee,Chai & coffee,2,90
51825,Idli,Breakfast,1,50
51825,Pesarattu,Breakfast,2,80
51826,Filter coffee,Chai & coffee,1,40
51827,Orange juice,Juice,3,70
51828,Pesarattu,Breakfast,1,80
51829,Filter coffee,Chai & coffee,1,40
51830,Idli,Breakfast,2,50
51831,Filter coffee,Chai & coffee,1,40
51832,Pesarattu,Breakfast,2,80
51832,Cold coffee,Chai & coffee,3,90
51832,Upma,Breakfast,1,60
51833,Poha,Breakfast,3,60
51833,Cold coffee,Chai & coffee,1,90
51833,Misal pav,Breakfast,1,90
51834,Idli,Breakfast,3,50
51835,Poha,Breakfast,2,60
51835,Vada pav,Snacks,2,30
51836,Poha,Breakfast,3,60
51837,Misal pav,Breakfast,3,90
51838,Vada pav,Snacks,3,30
51839,Poha,Breakfast,1,60
51840,Vada pav,Snacks,1,30
51841,Misal pav,Breakfast,3,90
51842,Orange juice,Juice,2,70
51842,Idli,Breakfast,2,50
51843,Orange juice,Juice,2,70
51844,Masala chai,Chai & coffee,3,30
51844,Filter coffee,Chai & coffee,3,40
51845,Cold coffee,Chai & coffee,2,90
51846,Masala chai,Chai & coffee,2,30
51847,Vada pav,Snacks,1,30
51848,Masala chai,Chai & coffee,1,30
51848,Cold coffee,Chai & coffee,3,90
51849,Pesarattu,Breakfast,1,80
51849,Jalebi,Sweets,1,40
51849,Masala dosa,Breakfast,1,90
51849,Misal pav,Breakfast,1,90
51850,Masala chai,Chai & coffee,1,30
51850,Misal pav,Breakfast,2,90
51850,Masala dosa,Breakfast,1,90
51850,Poha,Breakfast,1,60
51851,Poha,Breakfast,1,60
51851,Misal pav,Breakfast,1,90
51851,Masala chai,Chai & coffee,1,30
51851,Jalebi,Sweets,1,40
51852,Misal pav,Breakfast,1,90
51852,Masala chai,Chai & coffee,1,30
51852,Vada pav,Snacks,1,30
51852,Idli,Breakfast,1,50
51852,Sandwich,Snacks,1,70
51853,Orange juice,Juice,1,70
51853,Misal pav,Breakfast,1,90
51853,Poha,Breakfast,1,60
51853,Jalebi,Sweets,1,40
51853,Filter coffee,Chai & coffee,1,40
51854,Jalebi,Sweets,1,40
51854,Poha,Breakfast,1,60
51854,Misal pav,Breakfast,1,90
51855,Misal pav,Breakfast,2,90
51855,Cold coffee,Chai & coffee,1,90
51855,Masala chai,Chai & coffee,1,30
51855,Poha,Breakfast,1,60
51855,Masala dosa,Breakfast,1,90
51856,Pesarattu,Breakfast,1,80
51856,Misal pav,Breakfast,1,90
51856,Orange juice,Juice,1,70
51856,Upma,Breakfast,1,60
51857,Misal pav,Breakfast,1,90
51857,Cold coffee,Chai & coffee,1,90
51857,Pesarattu,Breakfast,1,80
51857,Poha,Breakfast,1,60
51857,Jalebi,Sweets,1,40
51858,Vada pav,Snacks,1,30
51858,Upma,Breakfast,1,60
51858,Misal pav,Breakfast,1,90
51858,Filter coffee,Chai & coffee,1,40
51859,Misal pav,Breakfast,1,90
51859,Vada pav,Snacks,1,30
51859,Poha,Breakfast,1,60
51859,Filter coffee,Chai & coffee,1,40
51859,Cold coffee,Chai & coffee,1,90
51860,Masala dosa,Breakfast,3,90
51860,Upma,Breakfast,2,60
51861,Poha,Breakfast,1,60
51861,Masala dosa,Breakfast,1,90
51861,Pesarattu,Breakfast,1,80
51862,Poha,Breakfast,1,60
51862,Masala dosa,Breakfast,1,90
51862,Filter coffee,Chai & coffee,1,40
51863,Poha,Breakfast,3,60
51863,Masala dosa,Breakfast,1,90
51864,Filter coffee,Chai & coffee,1,40
51864,Jalebi,Sweets,3,40
51864,Orange juice,Juice,1,70
51865,Masala dosa,Breakfast,2,90
51865,Upma,Breakfast,1,60
51865,Vada pav,Snacks,1,30
51865,Filter coffee,Chai & coffee,2,40
51866,Jalebi,Sweets,2,40
51867,Cold coffee,Chai & coffee,3,90
51868,Vada pav,Snacks,1,30
51868,Jalebi,Sweets,2,40
51868,Filter coffee,Chai & coffee,1,40
51869,Poha,Breakfast,3,60
51870,Filter coffee,Chai & coffee,1,40
51870,Cold coffee,Chai & coffee,3,90
51871,Filter coffee,Chai & coffee,1,40
51872,Vada pav,Snacks,1,30
51872,Cold coffee,Chai & coffee,1,90
51873,Filter coffee,Chai & coffee,1,40
51873,Misal pav,Breakfast,1,90
51873,Masala dosa,Breakfast,1,90
51873,Orange juice,Juice,2,70
51874,Jalebi,Sweets,2,40
51874,Pesarattu,Breakfast,2,80
51875,Pesarattu,Breakfast,1,80
51876,Jalebi,Sweets,1,40
51876,Poha,Breakfast,1,60
51877,Misal pav,Breakfast,1,90
51878,Upma,Breakfast,2,60
51879,Pesarattu,Breakfast,3,80
51880,Idli,Breakfast,2,50
51881,Filter coffee,Chai & coffee,2,40
51882,Cold coffee,Chai & coffee,1,90
51882,Jalebi,Sweets,1,40
51882,Filter coffee,Chai & coffee,1,40
51883,Misal pav,Breakfast,1,90
51883,Sandwich,Snacks,1,70
51884,Upma,Breakfast,2,60
51885,Poha,Breakfast,1,60
51886,Misal pav,Breakfast,2,90
51886,Filter coffee,Chai & coffee,1,40
51886,Vada pav,Snacks,3,30
51887,Vada pav,Snacks,3,30
51888,Poha,Breakfast,2,60
51889,Pesarattu,Breakfast,1,80
51890,Vada pav,Snacks,1,30
51890,Poha,Breakfast,2,60
51891,Cold coffee,Chai & coffee,2,90
51891,Jalebi,Sweets,2,40
51892,Upma,Breakfast,1,60
51893,Filter coffee,Chai & coffee,2,40
51894,Poha,Breakfast,1,60
51895,Poha,Breakfast,1,60
51895,Misal pav,Breakfast,2,90
51895,Jalebi,Sweets,1,40
51896,Cold coffee,Chai & coffee,1,90
51896,Jalebi,Sweets,1,40
51896,Upma,Breakfast,1,60
51896,Masala chai,Chai & coffee,1,30
51897,Sandwich,Snacks,1,70
51897,Poha,Breakfast,1,60
51897,Misal pav,Breakfast,1,90
51897,Masala chai,Chai & coffee,1,30
51898,Poha,Breakfast,1,60
51898,Masala chai,Chai & coffee,1,30
51899,Cold coffee,Chai & coffee,1,90
51899,Masala dosa,Breakfast,1,90
51899,Pesarattu,Breakfast,1,80
51900,Misal pav,Breakfast,1,90
51900,Masala chai,Chai & coffee,1,30
51900,Filter coffee,Chai & coffee,1,40
51900,Poha,Breakfast,1,60
51900,Sandwich,Snacks,1,70
51901,Poha,Breakfast,1,60
51901,Idli,Breakfast,2,50
51901,Masala chai,Chai & coffee,1,30
51902,Jalebi,Sweets,1,40
51902,Upma,Breakfast,1,60
51902,Poha,Breakfast,1,60
51903,Cold coffee,Chai & coffee,1,90
51903,Jalebi,Sweets,1,40
51903,Sandwich,Snacks,1,70
51903,Poha,Breakfast,1,60
51903,Misal pav,Breakfast,1,90
51904,Misal pav,Breakfast,1,90
51905,Misal pav,Breakfast,1,90
51905,Orange juice,Juice,1,70
51906,Masala dosa,Breakfast,1,90
51906,Filter coffee,Chai & coffee,1,40
51906,Poha,Breakfast,2,60
51907,Masala chai,Chai & coffee,1,30
51907,Misal pav,Breakfast,1,90
51908,Masala dosa,Breakfast,1,90
51908,Vada pav,Snacks,1,30
51909,Cold coffee,Chai & coffee,1,90
51909,Poha,Breakfast,2,60
51910,Pesarattu,Breakfast,2,80
51910,Vada pav,Snacks,2,30
51911,Vada pav,Snacks,1,30
51912,Masala dosa,Breakfast,1,90
51912,Pesarattu,Breakfast,2,80
51912,Misal pav,Breakfast,1,90
51912,Masala chai,Chai & coffee,1,30
51913,Pesarattu,Breakfast,2,80
51914,Masala dosa,Breakfast,1,90
51914,Sandwich,Snacks,1,70
51914,Masala chai,Chai & coffee,1,30
51914,Pesarattu,Breakfast,2,80
51915,Cold coffee,Chai & coffee,2,90
51915,Pesarattu,Breakfast,2,80
51916,Upma,Breakfast,1,60
51917,Upma,Breakfast,1,60
51917,Pesarattu,Breakfast,2,80
51918,Sandwich,Snacks,3,70
51918,Orange juice,Juice,2,70
51918,Cold coffee,Chai & coffee,1,90
51919,Pesarattu,Breakfast,1,80
51920,Pesarattu,Breakfast,1,80
51921,Idli,Breakfast,1,50
51921,Jalebi,Sweets,1,40
51922,Masala dosa,Breakfast,1,90
51922,Idli,Breakfast,1,50
51922,Filter coffee,Chai & coffee,1,40
51923,Filter coffee,Chai & coffee,1,40
51923,Orange juice,Juice,1,70
51924,Masala chai,Chai & coffee,1,30
51925,Masala chai,Chai & coffee,1,30
51925,Idli,Breakfast,1,50
51926,Masala dosa,Breakfast,1,90
51927,Idli,Breakfast,2,50
51928,Cold coffee,Chai & coffee,1,90
51928,Vada pav,Snacks,2,30
51929,Poha,Breakfast,3,60
51929,Vada pav,Snacks,2,30
51930,Upma,Breakfast,2,60
51930,Poha,Breakfast,3,60
51931,Vada pav,Snacks,1,30
51931,Idli,Breakfast,2,50
51932,Masala dosa,Breakfast,1,90
51933,Masala chai,Chai & coffee,3,30
51934,Orange juice,Juice,1,70
51934,Masala dosa,Breakfast,3,90
51934,Jalebi,Sweets,3,40
51935,Cold coffee,Chai & coffee,1,90
51936,Vada pav,Snacks,2,30
51936,Idli,Breakfast,2,50
51937,Jalebi,Sweets,2,40
51938,Poha,Breakfast,3,60
51939,Sandwich,Snacks,2,70
51940,Cold coffee,Chai & coffee,1,90
51940,Misal pav,Breakfast,1,90
51940,Poha,Breakfast,1,60
51940,Sandwich,Snacks,1,70
51941,Orange juice,Juice,1,70
51941,Vada pav,Snacks,1,30
51941,Masala chai,Chai & coffee,1,30
51942,Sandwich,Snacks,1,70
51942,Filter coffee,Chai & coffee,1,40
51942,Poha,Breakfast,1,60
51943,Poha,Breakfast,1,60
51943,Masala chai,Chai & coffee,1,30
51943,Misal pav,Breakfast,1,90
51944,Orange juice,Juice,1,70
51944,Jalebi,Sweets,1,40
51944,Pesarattu,Breakfast,1,80
51944,Misal pav,Breakfast,1,90
51945,Misal pav,Breakfast,1,90
51945,Poha,Breakfast,1,60
51945,Upma,Breakfast,1,60
51946,Poha,Breakfast,1,60
51946,Idli,Breakfast,1,50
51946,Misal pav,Breakfast,1,90
51946,Masala chai,Chai & coffee,1,30
51946,Filter coffee,Chai & coffee,1,40
51947,Upma,Breakfast,1,60
51947,Poha,Breakfast,1,60
51947,Idli,Breakfast,1,50
51948,Misal pav,Breakfast,1,90
51948,Poha,Breakfast,1,60
51948,Masala dosa,Breakfast,1,90
51948,Sandwich,Snacks,1,70
51949,Masala chai,Chai & coffee,1,30
51950,Vada pav,Snacks,1,30
51950,Upma,Breakfast,1,60
51950,Filter coffee,Chai & coffee,1,40
51950,Masala dosa,Breakfast,1,90
51951,Idli,Breakfast,1,50
51951,Masala dosa,Breakfast,2,90
51951,Misal pav,Breakfast,1,90
51952,Vada pav,Snacks,2,30
51952,Upma,Breakfast,2,60
51953,Jalebi,Sweets,1,40
51954,Cold coffee,Chai & coffee,1,90
51954,Masala dosa,Breakfast,1,90
51954,Vada pav,Snacks,1,30
51955,Masala chai,Chai & coffee,2,30
51955,Filter coffee,Chai & coffee,1,40
51955,Masala dosa,Breakfast,3,90
51956,Masala chai,Chai & coffee,3,30
51956,Filter coffee,Chai & coffee,1,40
51956,Upma,Breakfast,3,60
51957,Masala dosa,Breakfast,2,90
51957,Jalebi,Sweets,1,40
51957,Pesarattu,Breakfast,1,80
51957,Misal pav,Breakfast,1,90
51958,Vada pav,Snacks,1,30
51958,Cold coffee,Chai & coffee,1,90
51958,Idli,Breakfast,1,50
51959,Poha,Breakfast,2,60
51960,Pesarattu,Breakfast,2,80
51960,Upma,Breakfast,1,60
51961,Upma,Breakfast,2,60
51962,Upma,Breakfast,2,60
51962,Poha,Breakfast,1,60
51963,Masala chai,Chai & coffee,1,30
51964,Idli,Breakfast,1,50
51965,Masala chai,Chai & coffee,1,30
51965,Pesarattu,Breakfast,2,80
51966,Idli,Breakfast,1,50
51966,Sandwich,Snacks,1,70
51966,Vada pav,Snacks,1,30
51967,Idli,Breakfast,1,50
51967,Filter coffee,Chai & coffee,2,40
51968,Cold coffee,Chai & coffee,2,90
51968,Idli,Breakfast,1,50
51969,Filter coffee,Chai & coffee,1,40
51969,Orange juice,Juice,1,70
51970,Idli,Breakfast,1,50
51971,Pesarattu,Breakfast,2,80
51972,Masala dosa,Breakfast,2,90
51972,Cold coffee,Chai & coffee,1,90
51973,Poha,Breakfast,3,60
51973,Idli,Breakfast,2,50
51974,Misal pav,Breakfast,3,90
51974,Vada pav,Snacks,2,30
51975,Idli,Breakfast,2,50
51975,Masala dosa,Breakfast,1,90
51976,Cold coffee,Chai & coffee,2,90
51976,Vada pav,Snacks,2,30
51977,Sandwich,Snacks,2,70
51978,Vada pav,Snacks,3,30
51978,Idli,Breakfast,2,50
51978,Cold coffee,Chai & coffee,2,90
51979,Filter coffee,Chai & coffee,1,40
51980,Masala dosa,Breakfast,3,90
51981,Upma,Breakfast,1,60
51981,Misal pav,Breakfast,2,90
51981,Orange juice,Juice,1,70
51981,Masala dosa,Breakfast,1,90
51982,Misal pav,Breakfast,1,90
51982,Masala chai,Chai & coffee,1,30
51982,Cold coffee,Chai & coffee,1,90
51983,Masala dosa,Breakfast,1,90
51983,Poha,Breakfast,1,60
51983,Filter coffee,Chai & coffee,1,40
51983,Cold coffee,Chai & coffee,1,90
51983,Misal pav,Breakfast,1,90
51984,Misal pav,Breakfast,1,90
51984,Masala dosa,Breakfast,1,90
51984,Pesarattu,Breakfast,1,80
51985,Sandwich,Snacks,1,70
51985,Idli,Breakfast,2,50
51985,Poha,Breakfast,1,60
51985,Filter coffee,Chai & coffee,1,40
51986,Jalebi,Sweets,1,40
51986,Idli,Breakfast,1,50
51986,Vada pav,Snacks,1,30
51986,Poha,Breakfast,1,60
51987,Filter coffee,Chai & coffee,2,40
51988,Poha,Breakfast,1,60
51988,Masala dosa,Breakfast,1,90
51988,Idli,Breakfast,1,50
51989,Masala chai,Chai & coffee,1,30
51989,Filter coffee,Chai & coffee,1,40
51990,Masala dosa,Breakfast,1,90
51990,Jalebi,Sweets,1,40
51990,Poha,Breakfast,1,60
51991,Misal pav,Breakfast,1,90
51992,Poha,Breakfast,1,60
51993,Pesarattu,Breakfast,2,80
51993,Misal pav,Breakfast,2,90
51994,Pesarattu,Breakfast,1,80
51995,Poha,Breakfast,1,60
51996,Filter coffee,Chai & coffee,1,40
51996,Idli,Breakfast,1,50
51996,Masala chai,Chai & coffee,1,30
51997,Filter coffee,Chai & coffee,2,40
51997,Masala chai,Chai & coffee,2,30
51998,Filter coffee,Chai & coffee,2,40
51998,Poha,Breakfast,1,60
51999,Sandwich,Snacks,1,70
52000,Masala chai,Chai & coffee,2,30
52000,Idli,Breakfast,1,50
52001,Idli,Breakfast,2,50
52002,Upma,Breakfast,2,60
52002,Orange juice,Juice,2,70
52003,Filter coffee,Chai & coffee,1,40
52004,Misal pav,Breakfast,2,90
52004,Pesarattu,Breakfast,1,80
52005,Masala chai,Chai & coffee,3,30
52005,Poha,Breakfast,1,60
52006,Idli,Breakfast,3,50
52006,Upma,Breakfast,2,60
52007,Upma,Breakfast,3,60
52008,Sandwich,Snacks,1,70
52009,Masala dosa,Breakfast,1,90
52009,Cold coffee,Chai & coffee,3,90
52010,Filter coffee,Chai & coffee,1,40
52010,Masala chai,Chai & coffee,1,30
52010,Jalebi,Sweets,1,40
52011,Filter coffee,Chai & coffee,1,40
52011,Pesarattu,Breakfast,1,80
52011,Poha,Breakfast,1,60
52011,Sandwich,Snacks,2,70
52012,Poha,Breakfast,1,60
52012,Orange juice,Juice,1,70
52012,Sandwich,Snacks,1,70
52012,Jalebi,Sweets,1,40
52013,Masala dosa,Breakfast,1,90
52013,Misal pav,Breakfast,1,90
52013,Poha,Breakfast,1,60
52013,Orange juice,Juice,1,70
52013,Masala chai,Chai & coffee,1,30
52014,Poha,Breakfast,1,60
52014,Pesarattu,Breakfast,1,80
52014,Masala chai,Chai & coffee,1,30
52015,Misal pav,Breakfast,1,90
52015,Upma,Breakfast,1,60
52015,Poha,Breakfast,1,60
52015,Masala chai,Chai & coffee,1,30
52016,Misal pav,Breakfast,1,90
52016,Filter coffee,Chai & coffee,1,40
52016,Poha,Breakfast,1,60
52017,Vada pav,Snacks,2,30
52017,Masala dosa,Breakfast,1,90
52018,Filter coffee,Chai & coffee,2,40
52018,Masala dosa,Breakfast,1,90
52019,Masala dosa,Breakfast,1,90
52019,Sandwich,Snacks,1,70
52020,Sandwich,Snacks,1,70
52020,Upma,Breakfast,1,60
52021,Upma,Breakfast,1,60
52021,Masala dosa,Breakfast,1,90
52022,Poha,Breakfast,1,60
52023,Upma,Breakfast,2,60
52024,Idli,Breakfast,2,50
52025,Masala dosa,Breakfast,3,90
52025,Pesarattu,Breakfast,1,80
52025,Cold coffee,Chai & coffee,1,90
52026,Upma,Breakfast,2,60
52026,Misal pav,Breakfast,2,90
52027,Upma,Breakfast,2,60
52027,Idli,Breakfast,1,50
52028,Pesarattu,Breakfast,2,80
52029,Orange juice,Juice,1,70
52030,Sandwich,Snacks,2,70
52031,Cold coffee,Chai & coffee,2,90
52031,Pesarattu,Breakfast,1,80
52032,Filter coffee,Chai & coffee,1,40
52033,Idli,Breakfast,1,50
52033,Cold coffee,Chai & coffee,3,90
52034,Cold coffee,Chai & coffee,2,90
52035,Jalebi,Sweets,2,40
52036,Masala dosa,Breakfast,3,90
52037,Upma,Breakfast,1,60
52038,Vada pav,Snacks,1,30
52038,Orange juice,Juice,1,70
52039,Sandwich,Snacks,2,70
52040,Poha,Breakfast,1,60
52041,Cold coffee,Chai & coffee,2,90
52042,Cold coffee,Chai & coffee,3,90
52042,Masala chai,Chai & coffee,1,30
52043,Cold coffee,Chai & coffee,1,90
52044,Orange juice,Juice,1,70
52044,Misal pav,Breakfast,2,90
52045,Jalebi,Sweets,2,40
52046,Cold coffee,Chai & coffee,3,90
52047,Idli,Breakfast,3,50
52047,Vada pav,Snacks,2,30
52048,Misal pav,Breakfast,1,90
52048,Upma,Breakfast,1,60
52048,Poha,Breakfast,1,60
52048,Masala chai,Chai & coffee,1,30
52049,Vada pav,Snacks,1,30
52049,Masala chai,Chai & coffee,1,30
52049,Orange juice,Juice,1,70
52049,Masala dosa,Breakfast,1,90
52049,Jalebi,Sweets,1,40
52050,Misal pav,Breakfast,1,90
52050,Sandwich,Snacks,1,70
52050,Poha,Breakfast,1,60
52050,Upma,Breakfast,2,60
52050,Masala chai,Chai & coffee,1,30
52051,Poha,Breakfast,1,60
52051,Idli,Breakfast,1,50
52051,Misal pav,Breakfast,1,90
52052,Poha,Breakfast,1,60
52052,Cold coffee,Chai & coffee,1,90
52052,Jalebi,Sweets,1,40
52053,Poha,Breakfast,1,60
52053,Jalebi,Sweets,1,40
52053,Pesarattu,Breakfast,1,80
52054,Idli,Breakfast,1,50
52054,Masala dosa,Breakfast,1,90
52055,Filter coffee,Chai & coffee,1,40
52056,Upma,Breakfast,1,60
52056,Orange juice,Juice,1,70
52056,Masala dosa,Breakfast,1,90
52057,Misal pav,Breakfast,2,90
52057,Cold coffee,Chai & coffee,2,90
52058,Vada pav,Snacks,2,30
52058,Masala dosa,Breakfast,1,90
52059,Filter coffee,Chai & coffee,2,40
52059,Upma,Breakfast,1,60
52060,Idli,Breakfast,3,50
52061,Poha,Breakfast,1,60
52062,Jalebi,Sweets,1,40
52063,Masala chai,Chai & coffee,2,30
52064,Orange juice,Juice,1,70
52064,Vada pav,Snacks,1,30
52065,Sandwich,Snacks,1,70
52066,Masala dosa,Breakfast,2,90
52066,Cold coffee,Chai & coffee,1,90
52066,Upma,Breakfast,1,60
52067,Cold coffee,Chai & coffee,1,90
52068,Cold coffee,Chai & coffee,3,90
52069,Vada pav,Snacks,3,30
52070,Jalebi,Sweets,2,40
52071,Cold coffee,Chai & coffee,2,90
52071,Poha,Breakfast,2,60
52071,Misal pav,Breakfast,2,90
52072,Vada pav,Snacks,2,30
52072,Upma,Breakfast,3,60
52072,Idli,Breakfast,2,50
52073,Pesarattu,Breakfast,2,80
52074,Misal pav,Breakfast,2,90
52075,Cold coffee,Chai & coffee,3,90
52075,Upma,Breakfast,3,60
52075,Poha,Breakfast,1,60
52076,Cold coffee,Chai & coffee,2,90
52077,Idli,Breakfast,3,50
52077,Vada pav,Snacks,2,30
52078,Sandwich,Snacks,3,70
52079,Filter coffee,Chai & coffee,3,40
52079,Vada pav,Snacks,1,30
52080,Masala chai,Chai & coffee,2,30
52080,Filter coffee,Chai & coffee,1,40
52081,Filter coffee,Chai & coffee,1,40
52081,Misal pav,Breakfast,1,90
52081,Poha,Breakfast,1,60
52082,Cold coffee,Chai & coffee,1,90
52082,Poha,Breakfast,1,60
52082,Misal pav,Breakfast,1,90
52082,Jalebi,Sweets,1,40
52083,Idli,Breakfast,1,50
52083,Sandwich,Snacks,1,70
52084,Masala dosa,Breakfast,1,90
52084,Filter coffee,Chai & coffee,2,40
52085,Masala dosa,Breakfast,2,90
52085,Jalebi,Sweets,1,40
52086,Jalebi,Sweets,2,40
52086,Idli,Breakfast,2,50
52087,Misal pav,Breakfast,1,90
52088,Cold coffee,Chai & coffee,1,90
52088,Idli,Breakfast,3,50
52088,Orange juice,Juice,1,70
52089,Masala dosa,Breakfast,1,90
52089,Vada pav,Snacks,1,30
52090,Sandwich,Snacks,1,70
52090,Pesarattu,Breakfast,1,80
52090,Masala dosa,Breakfast,2,90
52091,Filter coffee,Chai & coffee,1,40
52091,Poha,Breakfast,2,60
52092,Masala dosa,Breakfast,1,90
52093,Sandwich,Snacks,2,70
52093,Orange juice,Juice,3,70
52094,Vada pav,Snacks,1,30
52095,Sandwich,Snacks,1,70
52095,Cold coffee,Chai & coffee,1,90
52096,Filter coffee,Chai & coffee,1,40
52096,Jalebi,Sweets,3,40
52097,Upma,Breakfast,2,60
52098,Sandwich,Snacks,1,70
52098,Masala chai,Chai & coffee,1,30
52099,Jalebi,Sweets,1,40
52100,Upma,Breakfast,2,60
52100,Pesarattu,Breakfast,1,80
52101,Idli,Breakfast,1,50
52101,Masala chai,Chai & coffee,1,30
52101,Pesarattu,Breakfast,2,80
52101,Upma,Breakfast,3,60
52102,Misal pav,Breakfast,1,90
52103,Sandwich,Snacks,2,70
52103,Filter coffee,Chai & coffee,1,40
52103,Idli,Breakfast,1,50
52104,Filter coffee,Chai & coffee,1,40
52104,Masala dosa,Breakfast,1,90
52105,Pesarattu,Breakfast,3,80
52105,Idli,Breakfast,1,50
52106,Masala dosa,Breakfast,1,90
52107,Jalebi,Sweets,1,40
52108,Vada pav,Snacks,2,30
52108,Sandwich,Snacks,1,70
52109,Poha,Breakfast,1,60
52110,Pesarattu,Breakfast,1,80
52110,Filter coffee,Chai & coffee,1,40
52111,Filter coffee,Chai & coffee,2,40
52112,Sandwich,Snacks,1,70
52113,Pesarattu,Breakfast,1,80
52114,Vada pav,Snacks,1,30
52115,Filter coffee,Chai & coffee,3,40
52116,Upma,Breakfast,2,60
52116,Sandwich,Snacks,2,70
52117,Pesarattu,Breakfast,2,80
52117,Misal pav,Breakfast,2,90
52117,Sandwich,Snacks,2,70
52118,Idli,Breakfast,2,50
52118,Masala dosa,Breakfast,2,90
52119,Poha,Breakfast,2,60
52120,Misal pav,Breakfast,2,90
52120,Poha,Breakfast,3,60
52120,Idli,Breakfast,3,50
52121,Cold coffee,Chai & coffee,2,90
52122,Cold coffee,Chai & coffee,2,90
52123,Upma,Breakfast,1,60
52123,Poha,Breakfast,1,60
52123,Misal pav,Breakfast,1,90
52124,Misal pav,Breakfast,1,90
52124,Cold coffee,Chai & coffee,1,90
52124,Masala chai,Chai & coffee,1,30
52125,Misal pav,Breakfast,1,90
52125,Filter coffee,Chai & coffee,1,40
52125,Cold coffee,Chai & coffee,1,90
52125,Upma,Breakfast,1,60
52126,Misal pav,Breakfast,1,90
52126,Masala chai,Chai & coffee,1,30
52126,Poha,Breakfast,1,60
52127,Masala chai,Chai & coffee,1,30
52127,Misal pav,Breakfast,1,90
52127,Vada pav,Snacks,1,30
52127,Upma,Breakfast,1,60
52128,Masala chai,Chai & coffee,1,30
52128,Vada pav,Snacks,1,30
52128,Idli,Breakfast,1,50
52128,Poha,Breakfast,1,60
52128,Masala dosa,Breakfast,1,90
52129,Filter coffee,Chai & coffee,2,40
52130,Idli,Breakfast,2,50
52130,Poha,Breakfast,1,60
52131,Filter coffee,Chai & coffee,1,40
52131,Masala dosa,Breakfast,1,90
52131,Misal pav,Breakfast,2,90
52132,Orange juice,Juice,2,70
52132,Masala dosa,Breakfast,1,90
52132,Poha,Breakfast,2,60
52133,Jalebi,Sweets,2,40
52133,Filter coffee,Chai & coffee,1,40
52133,Orange juice,Juice,1,70
52134,Idli,Breakfast,1,50
52134,Filter coffee,Chai & coffee,1,40
52135,Jalebi,Sweets,1,40
52135,Cold coffee,Chai & coffee,1,90
52135,Masala dosa,Breakfast,2,90
52135,Filter coffee,Chai & coffee,2,40
52136,Orange juice,Juice,1,70
52137,Sandwich,Snacks,1,70
52137,Pesarattu,Breakfast,3,80
52138,Sandwich,Snacks,1,70
52138,Idli,Breakfast,1,50
52139,Pesarattu,Breakfast,1,80
52140,Upma,Breakfast,1,60
52141,Cold coffee,Chai & coffee,3,90
52142,Poha,Breakfast,1,60
52142,Misal pav,Breakfast,1,90
52142,Filter coffee,Chai & coffee,2,40
52143,Filter coffee,Chai & coffee,1,40
52143,Idli,Breakfast,1,50
52144,Masala dosa,Breakfast,2,90
52145,Pesarattu,Breakfast,3,80
52146,Filter coffee,Chai & coffee,1,40
52146,Poha,Breakfast,1,60
52146,Jalebi,Sweets,2,40
52147,Filter coffee,Chai & coffee,3,40
52148,Masala chai,Chai & coffee,1,30
52149,Cold coffee,Chai & coffee,3,90
52150,Masala chai,Chai & coffee,3,30
52150,Vada pav,Snacks,2,30
52151,Cold coffee,Chai & coffee,1,90
52152,Pesarattu,Breakfast,2,80
52153,Misal pav,Breakfast,2,90
52154,Upma,Breakfast,1,60
52154,Cold coffee,Chai & coffee,2,90
52154,Misal pav,Breakfast,1,90
52155,Sandwich,Snacks,3,70
52156,Misal pav,Breakfast,1,90
52157,Cold coffee,Chai & coffee,2,90
52158,Jalebi,Sweets,2,40
52158,Sandwich,Snacks,2,70
52158,Misal pav,Breakfast,2,90
52159,Misal pav,Breakfast,2,90
52160,Pesarattu,Breakfast,3,80
52160,Misal pav,Breakfast,3,90
52161,Cold coffee,Chai & coffee,2,90
52162,Misal pav,Breakfast,2,90
52162,Upma,Breakfast,1,60
52162,Cold coffee,Chai & coffee,1,90
52163,Vada pav,Snacks,1,30
52163,Jalebi,Sweets,1,40
52163,Filter coffee,Chai & coffee,1,40
52163,Poha,Breakfast,1,60
52164,Poha,Breakfast,1,60
52164,Misal pav,Breakfast,1,90
52164,Upma,Breakfast,1,60
52165,Idli,Breakfast,1,50
52165,Masala dosa,Breakfast,1,90
52165,Jalebi,Sweets,1,40
52166,Orange juice,Juice,1,70
52166,Misal pav,Breakfast,1,90
52166,Filter coffee,Chai & coffee,1,40
52166,Poha,Breakfast,2,60
52167,Misal pav,Breakfast,1,90
52167,Masala dosa,Breakfast,1,90
52167,Vada pav,Snacks,1,30
52167,Poha,Breakfast,1,60
52168,Misal pav,Breakfast,1,90
52168,Masala chai,Chai & coffee,1,30
52168,Sandwich,Snacks,2,70
52169,Upma,Breakfast,1,60
52169,Sandwich,Snacks,1,70
52169,Poha,Breakfast,1,60
52169,Masala chai,Chai & coffee,2,30
52169,Idli,Breakfast,1,50
52170,Misal pav,Breakfast,1,90
52170,Masala chai,Chai & coffee,1,30
52170,Poha,Breakfast,1,60
52170,Pesarattu,Breakfast,1,80
52171,Misal pav,Breakfast,1,90
52171,Pesarattu,Breakfast,1,80
52171,Poha,Breakfast,1,60
52171,Orange juice,Juice,1,70
52172,Pesarattu,Breakfast,1,80
52172,Masala dosa,Breakfast,1,90
52172,Misal pav,Breakfast,1,90
52172,Upma,Breakfast,1,60
52173,Misal pav,Breakfast,2,90
52173,Filter coffee,Chai & coffee,1,40
52173,Vada pav,Snacks,1,30
52174,Masala dosa,Breakfast,1,90
52174,Idli,Breakfast,1,50
52174,Upma,Breakfast,1,60
52175,Orange juice,Juice,3,70
52175,Idli,Breakfast,1,50
52175,Masala chai,Chai & coffee,1,30
52176,Cold coffee,Chai & coffee,1,90
52177,Masala dosa,Breakfast,1,90
52177,Masala chai,Chai & coffee,3,30
52178,Idli,Breakfast,1,50
52178,Masala dosa,Breakfast,1,90
52179,Idli,Breakfast,2,50
52179,Vada pav,Snacks,1,30
52180,Idli,Breakfast,2,50
52180,Vada pav,Snacks,1,30
52181,Masala dosa,Breakfast,1,90
52182,Upma,Breakfast,1,60
52182,Poha,Breakfast,2,60
52183,Misal pav,Breakfast,1,90
52183,Idli,Breakfast,2,50
52184,Idli,Breakfast,1,50
52185,Pesarattu,Breakfast,1,80
52185,Jalebi,Sweets,2,40
52185,Vada pav,Snacks,2,30
52186,Pesarattu,Breakfast,3,80
52186,Orange juice,Juice,1,70
52186,Upma,Breakfast,2,60
52186,Vada pav,Snacks,2,30
52187,Sandwich,Snacks,1,70
52187,Pesarattu,Breakfast,2,80
52188,Masala dosa,Breakfast,1,90
52188,Poha,Breakfast,2,60
52189,Idli,Breakfast,1,50
52190,Sandwich,Snacks,1,70
52190,Poha,Breakfast,1,60
52191,Orange juice,Juice,1,70
52191,Upma,Breakfast,1,60
52192,Misal pav,Breakfast,3,90
52193,Cold coffee,Chai & coffee,1,90
52194,Misal pav,Breakfast,1,90
52195,Misal pav,Breakfast,2,90
52195,Filter coffee,Chai & coffee,2,40
52196,Idli,Breakfast,2,50
52196,Vada pav,Snacks,2,30
52197,Upma,Breakfast,3,60
52198,Filter coffee,Chai & coffee,2,40
52199,Orange juice,Juice,2,70
52199,Cold coffee,Chai & coffee,1,90
52199,Idli,Breakfast,2,50
52200,Idli,Breakfast,3,50
52200,Upma,Breakfast,2,60
52201,Poha,Breakfast,1,60
52202,Cold coffee,Chai & coffee,1,90
52202,Masala chai,Chai & coffee,1,30
52203,Orange juice,Juice,1,70
52204,Orange juice,Juice,2,70
52205,Sandwich,Snacks,1,70
52206,Vada pav,Snacks,1,30
52206,Cold coffee,Chai & coffee,2,90
52206,Upma,Breakfast,1,60
52207,Cold coffee,Chai & coffee,2,90
52208,Masala chai,Chai & coffee,1,30
52209,Masala dosa,Breakfast,2,90
52210,Misal pav,Breakfast,1,90
52210,Orange juice,Juice,1,70
52210,Jalebi,Sweets,1,40
52211,Misal pav,Breakfast,1,90
52211,Upma,Breakfast,1,60
52211,Vada pav,Snacks,1,30
52212,Masala dosa,Breakfast,2,90
52212,Misal pav,Breakfast,1,90
52212,Upma,Breakfast,1,60
52212,Orange juice,Juice,1,70
52213,Orange juice,Juice,1,70
52213,Masala chai,Chai & coffee,1,30
52213,Filter coffee,Chai & coffee,1,40
52213,Poha,Breakfast,1,60
52214,Poha,Breakfast,1,60
52214,Misal pav,Breakfast,1,90
52215,Vada pav,Snacks,1,30
52215,Masala chai,Chai & coffee,1,30
52215,Misal pav,Breakfast,1,90
52215,Upma,Breakfast,1,60
52215,Pesarattu,Breakfast,1,80
52216,Misal pav,Breakfast,1,90
52216,Masala chai,Chai & coffee,1,30
52216,Vada pav,Snacks,1,30
52217,Filter coffee,Chai & coffee,1,40
52217,Masala dosa,Breakfast,1,90
52218,Masala dosa,Breakfast,3,90
52218,Vada pav,Snacks,2,30
52218,Pesarattu,Breakfast,1,80
52219,Masala dosa,Breakfast,1,90
52219,Filter coffee,Chai & coffee,2,40
52220,Masala dosa,Breakfast,1,90
52220,Orange juice,Juice,1,70
52220,Idli,Breakfast,1,50
52221,Upma,Breakfast,1,60
52221,Jalebi,Sweets,1,40
52222,Vada pav,Snacks,2,30
52223,Pesarattu,Breakfast,1,80
52224,Pesarattu,Breakfast,1,80
52224,Misal pav,Breakfast,1,90
52225,Masala dosa,Breakfast,1,90
52226,Idli,Breakfast,2,50
52226,Sandwich,Snacks,1,70
52227,Filter coffee,Chai & coffee,1,40
52227,Idli,Breakfast,1,50
52228,Sandwich,Snacks,2,70
52229,Idli,Breakfast,2,50
52230,Pesarattu,Breakfast,1,80
52231,Upma,Breakfast,2,60
52232,Idli,Breakfast,2,50
52233,Masala dosa,Breakfast,2,90
52234,Vada pav,Snacks,3,30
52235,Misal pav,Breakfast,1,90
52236,Idli,Breakfast,2,50
52236,Cold coffee,Chai & coffee,2,90
52237,Upma,Breakfast,2,60
52238,Cold coffee,Chai & coffee,1,90
52239,Jalebi,Sweets,1,40
52239,Filter coffee,Chai & coffee,3,40
52240,Orange juice,Juice,2,70
52241,Jalebi,Sweets,1,40
52241,Misal pav,Breakfast,1,90
52241,Upma,Breakfast,1,60
52241,Poha,Breakfast,1,60
52241,Idli,Breakfast,1,50
52242,Idli,Breakfast,1,50
52242,Misal pav,Breakfast,1,90
52242,Masala chai,Chai & coffee,1,30
52242,Orange juice,Juice,1,70
52243,Misal pav,Breakfast,1,90
52243,Sandwich,Snacks,1,70
52243,Masala dosa,Breakfast,1,90
52244,Upma,Breakfast,1,60
52244,Misal pav,Breakfast,1,90
52244,Pesarattu,Breakfast,1,80
52245,Poha,Breakfast,1,60
52245,Jalebi,Sweets,1,40
52245,Misal pav,Breakfast,1,90
52245,Orange juice,Juice,1,70
52246,Misal pav,Breakfast,1,90
52246,Jalebi,Sweets,1,40
52246,Masala dosa,Breakfast,1,90
52246,Poha,Breakfast,1,60
52247,Misal pav,Breakfast,1,90
52247,Upma,Breakfast,1,60
52247,Pesarattu,Breakfast,1,80
52247,Poha,Breakfast,1,60
52248,Misal pav,Breakfast,1,90
52248,Idli,Breakfast,1,50
52248,Upma,Breakfast,1,60
52249,Orange juice,Juice,1,70
52249,Jalebi,Sweets,1,40
52249,Vada pav,Snacks,1,30
52249,Cold coffee,Chai & coffee,1,90
52250,Poha,Breakfast,2,60
52250,Masala dosa,Breakfast,1,90
52251,Masala dosa,Breakfast,2,90
52251,Idli,Breakfast,1,50
52252,Misal pav,Breakfast,1,90
52253,Poha,Breakfast,2,60
52253,Misal pav,Breakfast,2,90
52254,Misal pav,Breakfast,1,90
52254,Pesarattu,Breakfast,3,80
52255,Pesarattu,Breakfast,2,80
52255,Idli,Breakfast,1,50
52255,Poha,Breakfast,1,60
52255,Upma,Breakfast,1,60
52256,Masala chai,Chai & coffee,1,30
52257,Cold coffee,Chai & coffee,2,90
52257,Idli,Breakfast,1,50
52258,Poha,Breakfast,1,60
52258,Orange juice,Juice,2,70
52259,Poha,Breakfast,1,60
52260,Idli,Breakfast,2,50
52261,Masala dosa,Breakfast,1,90
52261,Upma,Breakfast,2,60
52262,Misal pav,Breakfast,1,90
52263,Masala chai,Chai & coffee,3,30
52263,Orange juice,Juice,2,70
52264,Masala chai,Chai & coffee,3,30
52265,Misal pav,Breakfast,2,90
52266,Jalebi,Sweets,1,40
52266,Upma,Breakfast,1,60
52267,Upma,Breakfast,2,60
52268,Sandwich,Snacks,2,70
52268,Poha,Breakfast,3,60
52269,Vada pav,Snacks,2,30
52270,Cold coffee,Chai & coffee,1,90
52270,Sandwich,Snacks,3,70
52271,Filter coffee,Chai & coffee,2,40
52271,Poha,Breakfast,2,60
52272,Poha,Breakfast,1,60
52272,Misal pav,Breakfast,1,90
52272,Filter coffee,Chai & coffee,1,40
52273,Misal pav,Breakfast,1,90
52273,Masala chai,Chai & coffee,1,30
52273,Vada pav,Snacks,1,30
52273,Masala dosa,Breakfast,1,90
52274,Orange juice,Juice,1,70
52274,Sandwich,Snacks,1,70
52274,Poha,Breakfast,1,60
52274,Cold coffee,Chai & coffee,1,90
52275,Vada pav,Snacks,1,30
52275,Sandwich,Snacks,1,70
52275,Misal pav,Breakfast,1,90
52275,Poha,Breakfast,1,60
52276,Filter coffee,Chai & coffee,1,40
52276,Cold coffee,Chai & coffee,1,90
52276,Masala chai,Chai & coffee,1,30
52277,Idli,Breakfast,1,50
52277,Poha,Breakfast,1,60
52277,Vada pav,Snacks,1,30
52277,Jalebi,Sweets,1,40
52278,Jalebi,Sweets,2,40
52278,Orange juice,Juice,3,70
52278,Filter coffee,Chai & coffee,1,40
52279,Misal pav,Breakfast,2,90
52279,Filter coffee,Chai & coffee,1,40
52280,Misal pav,Breakfast,2,90
52280,Jalebi,Sweets,1,40
52281,Masala chai,Chai & coffee,1,30
52281,Poha,Breakfast,1,60
52282,Masala chai,Chai & coffee,1,30
52282,Masala dosa,Breakfast,1,90
52282,Cold coffee,Chai & coffee,1,90
52283,Idli,Breakfast,1,50
52283,Sandwich,Snacks,1,70
52283,Orange juice,Juice,1,70
52284,Filter coffee,Chai & coffee,2,40
52284,Misal pav,Breakfast,1,90
52285,Pesarattu,Breakfast,1,80
52286,Pesarattu,Breakfast,1,80
52286,Cold coffee,Chai & coffee,2,90
52286,Orange juice,Juice,1,70
52286,Upma,Breakfast,1,60
52287,Pesarattu,Breakfast,1,80
52287,Cold coffee,Chai & coffee,1,90
52288,Upma,Breakfast,2,60
52288,Pesarattu,Breakfast,1,80
52288,Sandwich,Snacks,2,70
52289,Pesarattu,Breakfast,1,80
52290,Misal pav,Breakfast,1,90
52291,Idli,Breakfast,1,50
52292,Orange juice,Juice,1,70
52292,Idli,Breakfast,2,50
52292,Filter coffee,Chai & coffee,1,40
52293,Vada pav,Snacks,2,30
52294,Filter coffee,Chai & coffee,1,40
52295,Upma,Breakfast,1,60
52296,Orange juice,Juice,2,70
52297,Poha,Breakfast,1,60
52298,Sandwich,Snacks,1,70
52298,Filter coffee,Chai & coffee,1,40
52299,Upma,Breakfast,2,60
52300,Cold coffee,Chai & coffee,2,90
52300,Filter coffee,Chai & coffee,1,40
52300,Vada pav,Snacks,1,30
52301,Poha,Breakfast,1,60
52301,Pesarattu,Breakfast,1,80
52302,Cold coffee,Chai & coffee,2,90
52302,Masala dosa,Breakfast,3,90
52303,Poha,Breakfast,1,60
52303,Sandwich,Snacks,2,70
52304,Vada pav,Snacks,1,30
52304,Cold coffee,Chai & coffee,2,90
52305,Cold coffee,Chai & coffee,1,90
52305,Masala chai,Chai & coffee,1,30
52305,Misal pav,Breakfast,1,90
52306,Misal pav,Breakfast,1,90
52306,Poha,Breakfast,2,60
52306,Idli,Breakfast,1,50
52307,Cold coffee,Chai & coffee,1,90
52307,Masala chai,Chai & coffee,1,30
52307,Misal pav,Breakfast,1,90
52308,Upma,Breakfast,1,60
52308,Misal pav,Breakfast,1,90
52308,Vada pav,Snacks,1,30
52309,Misal pav,Breakfast,1,90
52309,Upma,Breakfast,1,60
52309,Vada pav,Snacks,1,30
52310,Masala dosa,Breakfast,1,90
52310,Misal pav,Breakfast,1,90
52310,Poha,Breakfast,1,60
52311,Vada pav,Snacks,1,30
52311,Misal pav,Breakfast,1,90
52311,Upma,Breakfast,1,60
52312,Filter coffee,Chai & coffee,1,40
52313,Misal pav,Breakfast,1,90
52313,Poha,Breakfast,1,60
52314,Vada pav,Snacks,1,30
52314,Misal pav,Breakfast,2,90
52314,Filter coffee,Chai & coffee,2,40
52314,Sandwich,Snacks,2,70
52315,Idli,Breakfast,2,50
52315,Orange juice,Juice,2,70
52315,Filter coffee,Chai & coffee,1,40
52316,Sandwich,Snacks,1,70
52316,Masala dosa,Breakfast,2,90
52317,Orange juice,Juice,1,70
52318,Misal pav,Breakfast,2,90
52318,Upma,Breakfast,2,60
52318,Poha,Breakfast,3,60
52319,Pesarattu,Breakfast,1,80
52319,Upma,Breakfast,3,60
52320,Upma,Breakfast,1,60
52320,Pesarattu,Breakfast,1,80
52320,Misal pav,Breakfast,2,90
52321,Pesarattu,Breakfast,1,80
52322,Misal pav,Breakfast,1,90
52323,Jalebi,Sweets,2,40
52324,Pesarattu,Breakfast,1,80
52325,Masala chai,Chai & coffee,3,30
52326,Pesarattu,Breakfast,1,80
52326,Filter coffee,Chai & coffee,2,40
52327,Vada pav,Snacks,1,30
52328,Idli,Breakfast,1,50
52328,Orange juice,Juice,1,70
52329,Idli,Breakfast,1,50
52330,Idli,Breakfast,1,50
52330,Filter coffee,Chai & coffee,2,40
52330,Sandwich,Snacks,1,70
52331,Filter coffee,Chai & coffee,1,40
52332,Upma,Breakfast,1,60
52333,Filter coffee,Chai & coffee,2,40
52334,Orange juice,Juice,2,70
52335,Filter coffee,Chai & coffee,3,40
52336,Masala chai,Chai & coffee,2,30
52337,Misal pav,Breakfast,3,90
52337,Sandwich,Snacks,1,70
52338,Poha,Breakfast,2,60
52338,Filter coffee,Chai & coffee,2,40
52338,Vada pav,Snacks,1,30
52339,Masala chai,Chai & coffee,2,30
52339,Upma,Breakfast,2,60
52340,Vada pav,Snacks,1,30
52341,Misal pav,Breakfast,1,90
52341,Poha,Breakfast,3,60
52341,Idli,Breakfast,2,50
52342,Vada pav,Snacks,3,30
52342,Poha,Breakfast,1,60
52342,Cold coffee,Chai & coffee,3,90
52343,Vada pav,Snacks,2,30
52343,Cold coffee,Chai & coffee,1,90
52343,Idli,Breakfast,2,50
52344,Poha,Breakfast,1,60
52345,Vada pav,Snacks,2,30
52346,Vada pav,Snacks,2,30
52346,Idli,Breakfast,1,50
52347,Orange juice,Juice,1,70
52347,Misal pav,Breakfast,2,90
52347,Poha,Breakfast,1,60
52347,Jalebi,Sweets,2,40
52348,Filter coffee,Chai & coffee,1,40
52348,Poha,Breakfast,1,60
52348,Misal pav,Breakfast,1,90
52348,Orange juice,Juice,1,70
52349,Masala dosa,Breakfast,1,90
52349,Misal pav,Breakfast,1,90
52349,Pesarattu,Breakfast,1,80
52350,Upma,Breakfast,1,60
52350,Poha,Breakfast,1,60
52350,Masala chai,Chai & coffee,1,30
52350,Cold coffee,Chai & coffee,1,90
52351,Misal pav,Breakfast,1,90
52351,Jalebi,Sweets,1,40
52351,Cold coffee,Chai & coffee,2,90
52351,Sandwich,Snacks,1,70
52352,Cold coffee,Chai & coffee,1,90
52352,Masala chai,Chai & coffee,1,30
52352,Pesarattu,Breakfast,2,80
52352,Vada pav,Snacks,1,30
52353,Idli,Breakfast,1,50
52353,Filter coffee,Chai & coffee,3,40
52354,Filter coffee,Chai & coffee,2,40
52354,Upma,Breakfast,1,60
52354,Orange juice,Juice,1,70
52355,Filter coffee,Chai & coffee,2,40
52356,Idli,Breakfast,1,50
52357,Masala chai,Chai & coffee,2,30
52357,Jalebi,Sweets,2,40
52358,Masala dosa,Breakfast,1,90
52358,Pesarattu,Breakfast,2,80
52359,Cold coffee,Chai & coffee,2,90
52359,Vada pav,Snacks,2,30
52360,Upma,Breakfast,3,60
52361,Jalebi,Sweets,1,40
52361,Pesarattu,Breakfast,1,80
52362,Sandwich,Snacks,1,70
52362,Idli,Breakfast,2,50
52363,Idli,Breakfast,1,50
52363,Vada pav,Snacks,1,30
52364,Upma,Breakfast,1,60
52364,Orange juice,Juice,2,70
52364,Cold coffee,Chai & coffee,1,90
52365,Filter coffee,Chai & coffee,1,40
52366,Masala dosa,Breakfast,3,90
52367,Misal pav,Breakfast,3,90
52367,Cold coffee,Chai & coffee,2,90
52368,Cold coffee,Chai & coffee,3,90
52368,Misal pav,Breakfast,2,90
52368,Pesarattu,Breakfast,2,80
52369,Vada pav,Snacks,2,30
52370,Upma,Breakfast,2,60
52371,Misal pav,Breakfast,2,90
52372,Masala dosa,Breakfast,1,90
52373,Sandwich,Snacks,1,70
52373,Upma,Breakfast,3,60
52373,Vada pav,Snacks,2,30
52374,Misal pav,Breakfast,2,90
52375,Upma,Breakfast,1,60
52376,Sandwich,Snacks,2,70
52377,Poha,Breakfast,2,60
52378,Misal pav,Breakfast,2,90
52378,Vada pav,Snacks,3,30
52378,Masala chai,Chai & coffee,2,30
52379,Pesarattu,Breakfast,1,80
52379,Misal pav,Breakfast,1,90
52379,Orange juice,Juice,1,70
52380,Sandwich,Snacks,1,70
52380,Poha,Breakfast,1,60
52380,Vada pav,Snacks,1,30
52381,Upma,Breakfast,1,60
52381,Misal pav,Breakfast,1,90
52381,Orange juice,Juice,1,70
52381,Masala dosa,Breakfast,1,90
52382,Masala chai,Chai & coffee,1,30
52382,Pesarattu,Breakfast,1,80
52382,Idli,Breakfast,1,50
52383,Misal pav,Breakfast,2,90
52383,Cold coffee,Chai & coffee,1,90
52383,Masala chai,Chai & coffee,1,30
52383,Sandwich,Snacks,1,70
52384,Idli,Breakfast,1,50
52384,Filter coffee,Chai & coffee,1,40
52384,Masala chai,Chai & coffee,1,30
52385,Poha,Breakfast,2,60
52385,Sandwich,Snacks,2,70
52385,Upma,Breakfast,1,60
52386,Idli,Breakfast,2,50
52386,Upma,Breakfast,1,60
52386,Sandwich,Snacks,1,70
52386,Jalebi,Sweets,1,40
52387,Masala dosa,Breakfast,1,90
52388,Poha,Breakfast,1,60
52388,Pesarattu,Breakfast,1,80
52389,Sandwich,Snacks,3,70
52389,Masala dosa,Breakfast,1,90
52389,Filter coffee,Chai & coffee,1,40
52389,Masala chai,Chai & coffee,2,30
52390,Orange juice,Juice,2,70
52390,Masala chai,Chai & coffee,2,30
52391,Pesarattu,Breakfast,2,80
52391,Upma,Breakfast,2,60
52392,Pesarattu,Breakfast,1,80
52392,Orange juice,Juice,1,70
52392,Sandwich,Snacks,2,70
52392,Jalebi,Sweets,1,40
52393,Vada pav,Snacks,1,30
52393,Pesarattu,Breakfast,1,80
52393,Idli,Breakfast,2,50
52393,Misal pav,Breakfast,2,90
52394,Cold coffee,Chai & coffee,1,90
52394,Idli,Breakfast,1,50
52395,Poha,Breakfast,1,60
52395,Filter coffee,Chai & coffee,3,40
52396,Idli,Breakfast,2,50
52397,Filter coffee,Chai & coffee,2,40
52397,Idli,Breakfast,2,50
52397,Upma,Breakfast,1,60
52398,Poha,Breakfast,2,60
52399,Pesarattu,Breakfast,3,80
52399,Cold coffee,Chai & coffee,2,90
52399,Idli,Breakfast,2,50
52400,Cold coffee,Chai & coffee,3,90
52400,Upma,Breakfast,1,60
52400,Pesarattu,Breakfast,2,80
52401,Poha,Breakfast,1,60
52401,Pesarattu,Breakfast,2,80
52401,Orange juice,Juice,1,70
52402,Pesarattu,Breakfast,2,80
52402,Upma,Breakfast,2,60
52403,Masala dosa,Breakfast,1,90
52403,Filter coffee,Chai & coffee,1,40
52403,Idli,Breakfast,2,50
52404,Pesarattu,Breakfast,2,80
52404,Masala dosa,Breakfast,2,90
52404,Idli,Breakfast,1,50
52405,Orange juice,Juice,1,70
52406,Idli,Breakfast,2,50
52407,Jalebi,Sweets,2,40
52408,Masala dosa,Breakfast,1,90
52408,Sandwich,Snacks,2,70
52408,Misal pav,Breakfast,2,90
52409,Idli,Breakfast,2,50
52410,Vada pav,Snacks,2,30
52410,Masala chai,Chai & coffee,3,30
52411,Misal pav,Breakfast,2,90
52412,Orange juice,Juice,2,70
52413,Cold coffee,Chai & coffee,1,90
52414,Orange juice,Juice,2,70
52415,Pesarattu,Breakfast,1,80
52416,Jalebi,Sweets,1,40
52417,Cold coffee,Chai & coffee,1,90
52417,Misal pav,Breakfast,3,90
52418,Misal pav,Breakfast,1,90
52419,Misal pav,Breakfast,1,90
52419,Masala chai,Chai & coffee,1,30
52419,Poha,Breakfast,1,60
52419,Orange juice,Juice,1,70
52419,Upma,Breakfast,2,60
52420,Sandwich,Snacks,2,70
52420,Vada pav,Snacks,1,30
52420,Poha,Breakfast,1,60
52420,Misal pav,Breakfast,1,90
52421,Poha,Breakfast,1,60
52421,Sandwich,Snacks,1,70
52421,Masala dosa,Breakfast,1,90
52421,Masala chai,Chai & coffee,1,30
52422,Pesarattu,Breakfast,1,80
52422,Idli,Breakfast,1,50
52422,Jalebi,Sweets,1,40
52422,Orange juice,Juice,2,70
52422,Sandwich,Snacks,1,70
52423,Misal pav,Breakfast,1,90
52423,Upma,Breakfast,1,60
52423,Poha,Breakfast,1,60
52424,Orange juice,Juice,2,70
52424,Poha,Breakfast,1,60
52424,Masala chai,Chai & coffee,1,30
52424,Misal pav,Breakfast,1,90
52425,Pesarattu,Breakfast,1,80
52425,Poha,Breakfast,1,60
52425,Misal pav,Breakfast,1,90
52425,Masala dosa,Breakfast,1,90
52425,Idli,Breakfast,1,50
52426,Orange juice,Juice,3,70
52426,Masala dosa,Breakfast,2,90
52426,Misal pav,Breakfast,1,90
52427,Masala dosa,Breakfast,1,90
52427,Filter coffee,Chai & coffee,2,40
52428,Jalebi,Sweets,1,40
52429,Pesarattu,Breakfast,2,80
52429,Masala chai,Chai & coffee,1,30
52430,Masala dosa,Breakfast,3,90
52430,Misal pav,Breakfast,2,90
52430,Vada pav,Snacks,2,30
52431,Orange juice,Juice,3,70
52431,Filter coffee,Chai & coffee,1,40
52432,Upma,Breakfast,1,60
52432,Idli,Breakfast,1,50
52432,Masala dosa,Breakfast,1,90
52432,Poha,Breakfast,1,60
52433,Orange juice,Juice,2,70
52433,Cold coffee,Chai & coffee,1,90
52433,Masala chai,Chai & coffee,1,30
52433,Pesarattu,Breakfast,1,80
52434,Poha,Breakfast,1,60
52435,Orange juice,Juice,1,70
52435,Poha,Breakfast,1,60
52435,Vada pav,Snacks,1,30
52435,Masala dosa,Breakfast,1,90
52436,Masala dosa,Breakfast,1,90
52436,Upma,Breakfast,1,60
52437,Pesarattu,Breakfast,1,80
52438,Masala chai,Chai & coffee,1,30
52439,Orange juice,Juice,1,70
52439,Filter coffee,Chai & coffee,1,40
52440,Idli,Breakfast,2,50
52440,Pesarattu,Breakfast,1,80
52441,Masala chai,Chai & coffee,2,30
52441,Pesarattu,Breakfast,1,80
52442,Masala chai,Chai & coffee,1,30
52442,Pesarattu,Breakfast,1,80
52442,Upma,Breakfast,1,60
52443,Idli,Breakfast,1,50
52444,Masala dosa,Breakfast,1,90
52445,Masala dosa,Breakfast,2,90
52446,Filter coffee,Chai & coffee,1,40
52446,Idli,Breakfast,1,50
52447,Filter coffee,Chai & coffee,2,40
52448,Misal pav,Breakfast,2,90
52449,Poha,Breakfast,2,60
52450,Cold coffee,Chai & coffee,2,90
52451,Poha,Breakfast,1,60
52451,Cold coffee,Chai & coffee,3,90
52452,Masala dosa,Breakfast,2,90
52453,Poha,Breakfast,1,60
52454,Pesarattu,Breakfast,3,80
52455,Filter coffee,Chai & coffee,1,40
52455,Misal pav,Breakfast,3,90
52456,Jalebi,Sweets,2,40
52457,Cold coffee,Chai & coffee,1,90
52457,Sandwich,Snacks,1,70
52457,Filter coffee,Chai & coffee,1,40
52458,Poha,Breakfast,2,60
52458,Cold coffee,Chai & coffee,1,90
52458,Pesarattu,Breakfast,1,80
52458,Jalebi,Sweets,1,40
52459,Jalebi,Sweets,1,40
52459,Misal pav,Breakfast,1,90
52459,Vada pav,Snacks,1,30
52460,Jalebi,Sweets,1,40
52460,Sandwich,Snacks,1,70
52460,Cold coffee,Chai & coffee,1,90
52461,Jalebi,Sweets,1,40
52461,Vada pav,Snacks,2,30
52461,Misal pav,Breakfast,1,90
52462,Pesarattu,Breakfast,1,80
52462,Idli,Breakfast,1,50
52462,Jalebi,Sweets,1,40
52462,Misal pav,Breakfast,1,90
52463,Misal pav,Breakfast,1,90
52463,Poha,Breakfast,1,60
52463,Pesarattu,Breakfast,1,80
52464,Misal pav,Breakfast,1,90
52464,Masala chai,Chai & coffee,2,30
52464,Idli,Breakfast,1,50
52464,Jalebi,Sweets,1,40
52465,Filter coffee,Chai & coffee,2,40
52465,Masala dosa,Breakfast,1,90
52466,Misal pav,Breakfast,1,90
52466,Orange juice,Juice,2,70
52467,Filter coffee,Chai & coffee,1,40
52467,Poha,Breakfast,3,60
52468,Masala dosa,Breakfast,2,90
52469,Filter coffee,Chai & coffee,2,40
52469,Pesarattu,Breakfast,1,80
52469,Cold coffee,Chai & coffee,3,90
52470,Poha,Breakfast,1,60
52470,Idli,Breakfast,1,50
52471,Masala chai,Chai & coffee,2,30
52471,Masala dosa,Breakfast,1,90
52472,Pesarattu,Breakfast,1,80
52473,Idli,Breakfast,1,50
52473,Masala chai,Chai & coffee,1,30
52473,Jalebi,Sweets,1,40
52473,Orange juice,Juice,3,70
52474,Upma,Breakfast,1,60
52474,Pesarattu,Breakfast,1,80
52474,Masala dosa,Breakfast,3,90
52475,Orange juice,Juice,3,70
52475,Vada pav,Snacks,1,30
52476,Upma,Breakfast,1,60
52477,Pesarattu,Breakfast,1,80
52477,Idli,Breakfast,1,50
52478,Misal pav,Breakfast,3,90
52478,Upma,Breakfast,2,60
52478,Pesarattu,Breakfast,1,80
52478,Idli,Breakfast,2,50
52479,Masala chai,Chai & coffee,1,30
52480,Idli,Breakfast,1,50
52480,Cold coffee,Chai & coffee,1,90
52481,Filter coffee,Chai & coffee,1,40
52481,Idli,Breakfast,1,50
52482,Vada pav,Snacks,2,30
52482,Filter coffee,Chai & coffee,1,40
52483,Jalebi,Sweets,1,40
52483,Pesarattu,Breakfast,2,80
52484,Upma,Breakfast,1,60
52485,Cold coffee,Chai & coffee,1,90
52485,Pesarattu,Breakfast,1,80
52486,Idli,Breakfast,3,50
52487,Idli,Breakfast,1,50
52488,Idli,Breakfast,2,50
52489,Cold coffee,Chai & coffee,1,90
52489,Pesarattu,Breakfast,1,80
52490,Masala dosa,Breakfast,1,90
52490,Cold coffee,Chai & coffee,2,90
52491,Sandwich,Snacks,1,70
52492,Misal pav,Breakfast,2,90
52493,Idli,Breakfast,1,50
52494,Masala chai,Chai & coffee,1,30
52494,Misal pav,Breakfast,1,90
52494,Orange juice,Juice,1,70
52495,Jalebi,Sweets,1,40
52495,Orange juice,Juice,1,70
52495,Filter coffee,Chai & coffee,1,40
52495,Masala dosa,Breakfast,1,90
52495,Poha,Breakfast,1,60
52496,Orange juice,Juice,1,70
52496,Masala dosa,Breakfast,2,90
52496,Sandwich,Snacks,1,70
52497,Idli,Breakfast,1,50
52497,Upma,Breakfast,1,60
52497,Filter coffee,Chai & coffee,1,40
52497,Orange juice,Juice,1,70
52498,Idli,Breakfast,1,50
52498,Masala chai,Chai & coffee,1,30
52499,Masala dosa,Breakfast,1,90
52499,Masala chai,Chai & coffee,2,30
52500,Misal pav,Breakfast,1,90
52500,Filter coffee,Chai & coffee,1,40
52500,Sandwich,Snacks,2,70
52501,Jalebi,Sweets,3,40
52502,Masala dosa,Breakfast,1,90
52502,Idli,Breakfast,1,50
52503,Cold coffee,Chai & coffee,1,90
52503,Upma,Breakfast,1,60
52504,Masala dosa,Breakfast,1,90
52505,Jalebi,Sweets,3,40
52506,Vada pav,Snacks,1,30
52506,Idli,Breakfast,1,50
52506,Masala dosa,Breakfast,1,90
52507,Poha,Breakfast,1,60
52507,Masala dosa,Breakfast,1,90
52508,Vada pav,Snacks,2,30
52509,Masala chai,Chai & coffee,2,30
52509,Pesarattu,Breakfast,1,80
52509,Masala dosa,Breakfast,1,90
52510,Vada pav,Snacks,1,30
52510,Misal pav,Breakfast,1,90
52511,Misal pav,Breakfast,1,90
52511,Masala dosa,Breakfast,1,90
52511,Masala chai,Chai & coffee,1,30
52511,Pesarattu,Breakfast,1,80
52512,Pesarattu,Breakfast,1,80
52512,Jalebi,Sweets,1,40
52513,Upma,Breakfast,2,60
52514,Pesarattu,Breakfast,2,80
52514,Filter coffee,Chai & coffee,3,40
52514,Masala dosa,Breakfast,2,90
52514,Misal pav,Breakfast,2,90
52515,Pesarattu,Breakfast,1,80
52516,Pesarattu,Breakfast,3,80
52517,Sandwich,Snacks,1,70
52517,Masala chai,Chai & coffee,2,30
52517,Jalebi,Sweets,2,40
52518,Masala dosa,Breakfast,1,90
52519,Orange juice,Juice,1,70
52519,Sandwich,Snacks,1,70
52520,Orange juice,Juice,1,70
52521,Idli,Breakfast,2,50
52521,Jalebi,Sweets,2,40
52522,Misal pav,Breakfast,1,90
52522,Filter coffee,Chai & coffee,1,40
52523,Poha,Breakfast,1,60
52523,Jalebi,Sweets,1,40
52524,Cold coffee,Chai & coffee,2,90
52525,Vada pav,Snacks,2,30
52525,Cold coffee,Chai & coffee,1,90
52526,Vada pav,Snacks,2,30
52527,Vada pav,Snacks,1,30
52528,Misal pav,Breakfast,2,90
52529,Pesarattu,Breakfast,1,80
52530,Cold coffee,Chai & coffee,3,90
52531,Masala chai,Chai & coffee,2,30
52532,Misal pav,Breakfast,1,90
52532,Vada pav,Snacks,1,30
52533,Cold coffee,Chai & coffee,1,90
52534,Poha,Breakfast,3,60
52534,Cold coffee,Chai & coffee,2,90
52535,Orange juice,Juice,1,70
52535,Poha,Breakfast,1,60
52535,Misal pav,Breakfast,1,90
52535,Masala dosa,Breakfast,1,90
52536,Cold coffee,Chai & coffee,1,90
52536,Misal pav,Breakfast,1,90
52536,Poha,Breakfast,1,60
52536,Masala chai,Chai & coffee,1,30
52537,Misal pav,Breakfast,1,90
52537,Orange juice,Juice,1,70
52537,Jalebi,Sweets,1,40
52537,Cold coffee,Chai & coffee,1,90
52538,Masala chai,Chai & coffee,1,30
52538,Sandwich,Snacks,1,70
52538,Poha,Breakfast,1,60
52538,Orange juice,Juice,1,70
52538,Idli,Breakfast,1,50
52539,Jalebi,Sweets,1,40
52539,Misal pav,Breakfast,1,90
52539,Idli,Breakfast,1,50
52539,Sandwich,Snacks,1,70
52539,Poha,Breakfast,1,60
52540,Poha,Breakfast,1,60
52540,Sandwich,Snacks,1,70
52541,Sandwich,Snacks,1,70
52541,Misal pav,Breakfast,1,90
52541,Orange juice,Juice,1,70
52541,Idli,Breakfast,2,50
52541,Cold coffee,Chai & coffee,1,90
52542,Filter coffee,Chai & coffee,1,40
52542,Idli,Breakfast,1,50
52542,Masala dosa,Breakfast,2,90
52542,Poha,Breakfast,1,60
52543,Cold coffee,Chai & coffee,1,90
52543,Pesarattu,Breakfast,1,80
52543,Poha,Breakfast,1,60
52543,Misal pav,Breakfast,1,90
52544,Masala chai,Chai & coffee,1,30
52544,Cold coffee,Chai & coffee,1,90
52544,Poha,Breakfast,1,60
52545,Masala chai,Chai & coffee,1,30
52545,Upma,Breakfast,1,60
52545,Jalebi,Sweets,1,40
52545,Misal pav,Breakfast,1,90
52545,Cold coffee,Chai & coffee,1,90
52546,Filter coffee,Chai & coffee,1,40
52546,Idli,Breakfast,2,50
52547,Jalebi,Sweets,3,40
52547,Masala dosa,Breakfast,2,90
52547,Filter coffee,Chai & coffee,3,40
52548,Filter coffee,Chai & coffee,1,40
52549,Sandwich,Snacks,1,70
52549,Masala dosa,Breakfast,1,90
52550,Upma,Breakfast,1,60
52551,Upma,Breakfast,2,60
52551,Filter coffee,Chai & coffee,2,40
52552,Vada pav,Snacks,1,30
52552,Cold coffee,Chai & coffee,1,90
52553,Orange juice,Juice,1,70
52553,Masala dosa,Breakfast,1,90
52554,Pesarattu,Breakfast,1,80
52555,Sandwich,Snacks,1,70
52555,Pesarattu,Breakfast,1,80
52556,Poha,Breakfast,1,60
52557,Pesarattu,Breakfast,1,80
52557,Misal pav,Breakfast,2,90
52558,Jalebi,Sweets,2,40
52558,Pesarattu,Breakfast,2,80
52558,Orange juice,Juice,2,70
52559,Idli,Breakfast,1,50
52560,Cold coffee,Chai & coffee,1,90
52560,Misal pav,Breakfast,1,90
52561,Cold coffee,Chai & coffee,2,90
52561,Pesarattu,Breakfast,1,80
52562,Vada pav,Snacks,1,30
52563,Masala chai,Chai & coffee,3,30
52564,Masala dosa,Breakfast,2,90
52565,Cold coffee,Chai & coffee,3,90
52565,Vada pav,Snacks,1,30
52566,Poha,Breakfast,2,60
52567,Masala dosa,Breakfast,1,90
52568,Cold coffee,Chai & coffee,1,90
52568,Jalebi,Sweets,1,40
52569,Vada pav,Snacks,2,30
52569,Idli,Breakfast,1,50
52570,Misal pav,Breakfast,1,90
52571,Upma,Breakfast,1,60
52572,Jalebi,Sweets,2,40
52573,Orange juice,Juice,1,70
52573,Poha,Breakfast,1,60
52573,Jalebi,Sweets,1,40
52573,Pesarattu,Breakfast,1,80
52574,Masala dosa,Breakfast,1,90
52574,Poha,Breakfast,1,60
52574,Masala chai,Chai & coffee,1,30
52575,Upma,Breakfast,2,60
52575,Masala dosa,Breakfast,1,90
52575,Poha,Breakfast,1,60
52575,Filter coffee,Chai & coffee,1,40
52576,Masala dosa,Breakfast,1,90
52576,Poha,Breakfast,1,60
52576,Misal pav,Breakfast,1,90
52576,Jalebi,Sweets,1,40
52577,Misal pav,Breakfast,1,90
52577,Poha,Breakfast,1,60
52577,Cold coffee,Chai & coffee,1,90
52577,Masala dosa,Breakfast,1,90
52578,Filter coffee,Chai & coffee,1,40
52579,Masala chai,Chai & coffee,1,30
52580,Sandwich,Snacks,1,70
52580,Cold coffee,Chai & coffee,2,90
52580,Vada pav,Snacks,1,30
52581,Cold coffee,Chai & coffee,1,90
52581,Misal pav,Breakfast,1,90
52582,Filter coffee,Chai & coffee,1,40
52582,Poha,Breakfast,1,60
52583,Filter coffee,Chai & coffee,1,40
52583,Masala dosa,Breakfast,2,90
52584,Upma,Breakfast,1,60
52584,Pesarattu,Breakfast,3,80
52584,Masala dosa,Breakfast,3,90
52585,Upma,Breakfast,1,60
52585,Pesarattu,Breakfast,1,80
52586,Sandwich,Snacks,1,70
52587,Masala dosa,Breakfast,3,90
52587,Misal pav,Breakfast,1,90
52588,Orange juice,Juice,1,70
52588,Pesarattu,Breakfast,1,80
52588,Filter coffee,Chai & coffee,1,40
52589,Cold coffee,Chai & coffee,2,90
52589,Upma,Breakfast,2,60
52590,Cold coffee,Chai & coffee,1,90
52590,Sandwich,Snacks,1,70
52590,Pesarattu,Breakfast,1,80
52591,Pesarattu,Breakfast,1,80
52591,Masala chai,Chai & coffee,1,30
52592,Sandwich,Snacks,1,70
52592,Vada pav,Snacks,1,30
52593,Poha,Breakfast,1,60
52593,Masala chai,Chai & coffee,1,30
52593,Orange juice,Juice,2,70
52594,Masala chai,Chai & coffee,2,30
52594,Misal pav,Breakfast,1,90
52595,Jalebi,Sweets,1,40
52595,Upma,Breakfast,1,60
52595,Misal pav,Breakfast,1,90
52595,Pesarattu,Breakfast,2,80
52596,Masala chai,Chai & coffee,2,30
52596,Upma,Breakfast,1,60
52596,Pesarattu,Breakfast,1,80
52597,Pesarattu,Breakfast,2,80
52598,Cold coffee,Chai & coffee,1,90
52598,Pesarattu,Breakfast,1,80
52599,Pesarattu,Breakfast,1,80
52599,Poha,Breakfast,1,60
52599,Sandwich,Snacks,2,70
52600,Idli,Breakfast,1,50
52600,Filter coffee,Chai & coffee,1,40
52601,Idli,Breakfast,2,50
52602,Idli,Breakfast,1,50
52602,Orange juice,Juice,2,70
52602,Jalebi,Sweets,1,40
52603,Orange juice,Juice,1,70
52603,Idli,Breakfast,1,50
52603,Masala chai,Chai & coffee,1,30
52604,Filter coffee,Chai & coffee,1,40
52605,Filter coffee,Chai & coffee,1,40
52605,Sandwich,Snacks,1,70
52605,Vada pav,Snacks,3,30
52606,Upma,Breakfast,2,60
52606,Idli,Breakfast,1,50
52607,Idli,Breakfast,2,50
52607,Masala chai,Chai & coffee,1,30
52608,Masala chai,Chai & coffee,1,30
52609,Vada pav,Snacks,2,30
52610,Sandwich,Snacks,2,70
52610,Masala chai,Chai & coffee,2,30
52611,Vada pav,Snacks,2,30
52611,Misal pav,Breakfast,2,90
52612,Vada pav,Snacks,3,30
52613,Jalebi,Sweets,1,40
52614,Poha,Breakfast,1,60
52615,Masala dosa,Breakfast,1,90
52616,Vada pav,Snacks,3,30
52616,Masala dosa,Breakfast,2,90
52617,Orange juice,Juice,2,70
52618,Cold coffee,Chai & coffee,1,90
52618,Pesarattu,Breakfast,2,80
52619,Jalebi,Sweets,1,40
52619,Cold coffee,Chai & coffee,2,90
52620,Upma,Breakfast,1,60
52621,Vada pav,Snacks,1,30
52621,Cold coffee,Chai & coffee,1,90
52622,Misal pav,Breakfast,2,90
52623,Vada pav,Snacks,2,30
52624,Misal pav,Breakfast,1,90
52624,Vada pav,Snacks,1,30
52624,Masala chai,Chai & coffee,1,30
52625,Cold coffee,Chai & coffee,1,90
52625,Vada pav,Snacks,1,30
52625,Upma,Breakfast,1,60
52625,Pesarattu,Breakfast,1,80
52626,Sandwich,Snacks,1,70
52626,Misal pav,Breakfast,1,90
52626,Masala dosa,Breakfast,1,90
52627,Misal pav,Breakfast,1,90
52627,Orange juice,Juice,1,70
52627,Filter coffee,Chai & coffee,1,40
52628,Misal pav,Breakfast,1,90
52628,Jalebi,Sweets,1,40
52628,Poha,Breakfast,1,60
52628,Masala dosa,Breakfast,1,90
52629,Filter coffee,Chai & coffee,1,40
52629,Sandwich,Snacks,1,70
52629,Idli,Breakfast,1,50
52630,Vada pav,Snacks,1,30
52630,Misal pav,Breakfast,1,90
52630,Poha,Breakfast,1,60
52630,Masala dosa,Breakfast,1,90
52631,Pesarattu,Breakfast,1,80
52631,Orange juice,Juice,3,70
52632,Cold coffee,Chai & coffee,1,90
52633,Filter coffee,Chai & coffee,1,40
52633,Orange juice,Juice,2,70
52634,Filter coffee,Chai & coffee,1,40
52635,Cold coffee,Chai & coffee,2,90
52636,Orange juice,Juice,1,70
52637,Misal pav,Breakfast,2,90
52637,Masala dosa,Breakfast,1,90
52637,Masala chai,Chai & coffee,3,30
52638,Sandwich,Snacks,1,70
52638,Poha,Breakfast,1,60
52639,Sandwich,Snacks,1,70
52640,Masala dosa,Breakfast,2,90
52640,Filter coffee,Chai & coffee,1,40
52641,Filter coffee,Chai & coffee,1,40
52641,Masala chai,Chai & coffee,1,30
52641,Masala dosa,Breakfast,2,90
52642,Masala dosa,Breakfast,1,90
52642,Filter coffee,Chai & coffee,1,40
52642,Poha,Breakfast,3,60
52643,Jalebi,Sweets,1,40
52643,Upma,Breakfast,3,60
52643,Pesarattu,Breakfast,2,80
52644,Jalebi,Sweets,2,40
52645,Masala chai,Chai & coffee,3,30
52645,Masala dosa,Breakfast,1,90
52646,Masala chai,Chai & coffee,1,30
52646,Vada pav,Snacks,1,30
52646,Filter coffee,Chai & coffee,2,40
52647,Orange juice,Juice,1,70
52647,Filter coffee,Chai & coffee,1,40
52647,Idli,Breakfast,1,50
52648,Upma,Breakfast,1,60
52648,Misal pav,Breakfast,1,90
52648,Masala chai,Chai & coffee,1,30
52649,Filter coffee,Chai & coffee,1,40
52649,Upma,Breakfast,2,60
52650,Cold coffee,Chai & coffee,3,90
52651,Idli,Breakfast,1,50
52651,Masala chai,Chai & coffee,2,30
52652,Cold coffee,Chai & coffee,2,90
52653,Misal pav,Breakfast,3,90
52653,Vada pav,Snacks,2,30
52654,Masala chai,Chai & coffee,2,30
52655,Poha,Breakfast,2,60
52656,Masala dosa,Breakfast,2,90
52656,Cold coffee,Chai & coffee,2,90
52656,Orange juice,Juice,2,70
52657,Vada pav,Snacks,1,30
52658,Sandwich,Snacks,1,70
52658,Pesarattu,Breakfast,2,80
52659,Poha,Breakfast,3,60
52660,Jalebi,Sweets,2,40
52660,Masala chai,Chai & coffee,1,30
52660,Poha,Breakfast,1,60
52660,Upma,Breakfast,1,60
52661,Masala chai,Chai & coffee,1,30
52661,Jalebi,Sweets,1,40
52661,Misal pav,Breakfast,1,90
52661,Poha,Breakfast,1,60
52662,Sandwich,Snacks,1,70
52662,Pesarattu,Breakfast,1,80
52662,Orange juice,Juice,1,70
52662,Vada pav,Snacks,1,30
52663,Masala chai,Chai & coffee,1,30
52663,Misal pav,Breakfast,1,90
52663,Poha,Breakfast,1,60
52663,Masala dosa,Breakfast,1,90
52664,Poha,Breakfast,1,60
52664,Misal pav,Breakfast,1,90
52664,Idli,Breakfast,1,50
52664,Masala dosa,Breakfast,1,90
52664,Sandwich,Snacks,1,70
52665,Pesarattu,Breakfast,1,80
52666,Idli,Breakfast,1,50
52666,Filter coffee,Chai & coffee,3,40
52667,Idli,Breakfast,1,50
52667,Filter coffee,Chai & coffee,1,40
52667,Misal pav,Breakfast,1,90
52668,Masala dosa,Breakfast,1,90
52668,Orange juice,Juice,1,70
52669,Upma,Breakfast,1,60
52670,Idli,Breakfast,1,50
52670,Masala dosa,Breakfast,2,90
52670,Masala chai,Chai & coffee,1,30
52671,Cold coffee,Chai & coffee,1,90
52672,Upma,Breakfast,1,60
52673,Pesarattu,Breakfast,1,80
52674,Idli,Breakfast,2,50
52674,Filter coffee,Chai & coffee,1,40
52675,Pesarattu,Breakfast,2,80
52676,Misal pav,Breakfast,2,90
52677,Upma,Breakfast,1,60
52678,Cold coffee,Chai & coffee,1,90
52678,Vada pav,Snacks,3,30
52679,Pesarattu,Breakfast,3,80
52680,Cold coffee,Chai & coffee,1,90
52681,Upma,Breakfast,3,60
52681,Poha,Breakfast,2,60
52681,Masala dosa,Breakfast,2,90
52682,Masala dosa,Breakfast,2,90
52682,Upma,Breakfast,2,60
52682,Cold coffee,Chai & coffee,1,90
52683,Masala chai,Chai & coffee,1,30
52684,Masala chai,Chai & coffee,1,30
52685,Idli,Breakfast,1,50
52686,Cold coffee,Chai & coffee,2,90
52686,Orange juice,Juice,2,70
52687,Cold coffee,Chai & coffee,1,90
52688,Cold coffee,Chai & coffee,3,90
52688,Filter coffee,Chai & coffee,2,40
52689,Sandwich,Snacks,1,70
52689,Filter coffee,Chai & coffee,1,40
52689,Masala chai,Chai & coffee,1,30
52690,Orange juice,Juice,2,70
52690,Misal pav,Breakfast,1,90
52690,Idli,Breakfast,1,50
52690,Vada pav,Snacks,1,30
52691,Vada pav,Snacks,1,30
52691,Masala chai,Chai & coffee,1,30
52691,Misal pav,Breakfast,1,90
52691,Poha,Breakfast,1,60
52692,Filter coffee,Chai & coffee,1,40
52692,Pesarattu,Breakfast,1,80
52692,Masala dosa,Breakfast,1,90
52692,Orange juice,Juice,1,70
52692,Poha,Breakfast,1,60
52693,Filter coffee,Chai & coffee,1,40
52694,Cold coffee,Chai & coffee,1,90
52695,Masala chai,Chai & coffee,1,30
52696,Masala dosa,Breakfast,2,90
52697,Masala dosa,Breakfast,1,90
52697,Idli,Breakfast,2,50
52698,Jalebi,Sweets,1,40
52698,Idli,Breakfast,1,50
52698,Masala dosa,Breakfast,2,90
52699,Filter coffee,Chai & coffee,1,40
52699,Masala dosa,Breakfast,1,90
52700,Masala chai,Chai & coffee,3,30
52700,Masala dosa,Breakfast,2,90
52701,Masala dosa,Breakfast,2,90
52702,Masala chai,Chai & coffee,2,30
52702,Vada pav,Snacks,1,30
52703,Poha,Breakfast,2,60
52704,Misal pav,Breakfast,1,90
52704,Upma,Breakfast,1,60
52705,Sandwich,Snacks,1,70
52706,Pesarattu,Breakfast,2,80
52706,Cold coffee,Chai & coffee,1,90
52707,Masala dosa,Breakfast,1,90
52707,Pesarattu,Breakfast,1,80
52708,Filter coffee,Chai & coffee,1,40
52708,Idli,Breakfast,1,50
52709,Sandwich,Snacks,2,70
52709,Masala dosa,Breakfast,1,90
52710,Orange juice,Juice,2,70
52711,Vada pav,Snacks,3,30
52712,Idli,Breakfast,2,50
52712,Upma,Breakfast,2,60
52712,Poha,Breakfast,2,60
52713,Cold coffee,Chai & coffee,3,90
52714,Cold coffee,Chai & coffee,3,90
52714,Upma,Breakfast,2,60
52714,Poha,Breakfast,3,60
52715,Upma,Breakfast,1,60
52716,Filter coffee,Chai & coffee,2,40
52716,Misal pav,Breakfast,2,90
52717,Cold coffee,Chai & coffee,1,90
52718,Upma,Breakfast,3,60
52718,Pesarattu,Breakfast,2,80
52718,Cold coffee,Chai & coffee,1,90
52719,Misal pav,Breakfast,1,90
52720,Poha,Breakfast,1,60
52721,Misal pav,Breakfast,2,90
52721,Orange juice,Juice,2,70
52721,Masala chai,Chai & coffee,1,30
52722,Masala dosa,Breakfast,1,90
52722,Filter coffee,Chai & coffee,1,40
52722,Jalebi,Sweets,1,40
52722,Masala chai,Chai & coffee,1,30
52723,Upma,Breakfast,1,60
52723,Misal pav,Breakfast,1,90
52723,Cold coffee,Chai & coffee,1,90
52723,Masala dosa,Breakfast,1,90
52724,Upma,Breakfast,1,60
52724,Masala dosa,Breakfast,1,90
52724,Poha,Breakfast,1,60
52725,Poha,Breakfast,1,60
52725,Masala dosa,Breakfast,1,90
52725,Orange juice,Juice,1,70
52725,Misal pav,Breakfast,1,90
52726,Misal pav,Breakfast,1,90
52726,Sandwich,Snacks,1,70
52726,Idli,Breakfast,1,50
52726,Cold coffee,Chai & coffee,1,90
52726,Orange juice,Juice,1,70
52727,Idli,Breakfast,1,50
52727,Sandwich,Snacks,1,70
52727,Masala chai,Chai & coffee,1,30
52727,Vada pav,Snacks,1,30
52727,Masala dosa,Breakfast,1,90
52728,Orange juice,Juice,1,70
52728,Filter coffee,Chai & coffee,1,40
52728,Poha,Breakfast,1,60
52729,Masala chai,Chai & coffee,1,30
52729,Cold coffee,Chai & coffee,1,90
52729,Masala dosa,Breakfast,1,90
52730,Masala dosa,Breakfast,3,90
52730,Filter coffee,Chai & coffee,2,40
52731,Pesarattu,Breakfast,1,80
52731,Filter coffee,Chai & coffee,1,40
52732,Sandwich,Snacks,2,70
52732,Filter coffee,Chai & coffee,1,40
52732,Poha,Breakfast,1,60
52732,Masala chai,Chai & coffee,1,30
52733,Filter coffee,Chai & coffee,1,40
52733,Idli,Breakfast,3,50
52734,Jalebi,Sweets,2,40
52734,Orange juice,Juice,1,70
52734,Pesarattu,Breakfast,3,80
52735,Jalebi,Sweets,1,40
52735,Pesarattu,Breakfast,1,80
52736,Pesarattu,Breakfast,1,80
52736,Poha,Breakfast,1,60
52737,Vada pav,Snacks,2,30
52738,Pesarattu,Breakfast,1,80
52738,Poha,Breakfast,1,60
52739,Filter coffee,Chai & coffee,1,40
52739,Masala dosa,Breakfast,1,90
52740,Sandwich,Snacks,3,70
52740,Idli,Breakfast,1,50
52741,Masala chai,Chai & coffee,1,30
52742,Jalebi,Sweets,1,40
52743,Orange juice,Juice,3,70
52744,Vada pav,Snacks,2,30
52745,Vada pav,Snacks,2,30
52745,Masala chai,Chai & coffee,2,30
52746,Poha,Breakfast,1,60
52746,Filter coffee,Chai & coffee,2,40
52747,Jalebi,Sweets,2,40
52747,Vada pav,Snacks,2,30
52748,Orange juice,Juice,3,70
52749,Sandwich,Snacks,1,70
52749,Filter coffee,Chai & coffee,1,40
52749,Masala chai,Chai & coffee,3,30
52750,Vada pav,Snacks,2,30
52751,Poha,Breakfast,1,60
52752,Vada pav,Snacks,2,30
52752,Cold coffee,Chai & coffee,1,90
52752,Orange juice,Juice,2,70
52753,Jalebi,Sweets,2,40
52753,Vada pav,Snacks,2,30
52754,Poha,Breakfast,1,60
52755,Vada pav,Snacks,2,30
52755,Idli,Breakfast,2,50
52756,Pesarattu,Breakfast,2,80
52757,Jalebi,Sweets,1,40
52757,Vada pav,Snacks,1,30
52757,Idli,Breakfast,1,50
52757,Misal pav,Breakfast,1,90
52758,Misal pav,Breakfast,1,90
52758,Masala chai,Chai & coffee,1,30
52758,Sandwich,Snacks,2,70
52758,Idli,Breakfast,1,50
52759,Pesarattu,Breakfast,1,80
52759,Misal pav,Breakfast,1,90
52760,Misal pav,Breakfast,1,90
52760,Orange juice,Juice,1,70
52760,Masala chai,Chai & coffee,1,30
52760,Poha,Breakfast,2,60
52761,Filter coffee,Chai & coffee,2,40
52761,Idli,Breakfast,2,50
52761,Sandwich,Snacks,1,70
52762,Masala dosa,Breakfast,1,90
52762,Vada pav,Snacks,1,30
52762,Filter coffee,Chai & coffee,1,40
52763,Vada pav,Snacks,2,30
52763,Filter coffee,Chai & coffee,2,40
52764,Masala dosa,Breakfast,1,90
52765,Cold coffee,Chai & coffee,1,90
52765,Orange juice,Juice,2,70
52765,Sandwich,Snacks,1,70
52765,Pesarattu,Breakfast,1,80
52766,Sandwich,Snacks,1,70
52766,Pesarattu,Breakfast,2,80
52767,Cold coffee,Chai & coffee,1,90
52768,Poha,Breakfast,1,60
52769,Poha,Breakfast,1,60
52770,Cold coffee,Chai & coffee,1,90
52770,Idli,Breakfast,1,50
52770,Filter coffee,Chai & coffee,1,40
52771,Cold coffee,Chai & coffee,3,90
52772,Orange juice,Juice,1,70
52772,Cold coffee,Chai & coffee,1,90
52773,Poha,Breakfast,1,60
52774,Masala chai,Chai & coffee,2,30
52775,Upma,Breakfast,2,60
52775,Vada pav,Snacks,3,30
52776,Cold coffee,Chai & coffee,2,90
52777,Misal pav,Breakfast,2,90
52778,Jalebi,Sweets,1,40
52779,Cold coffee,Chai & coffee,3,90
52780,Filter coffee,Chai & coffee,1,40
52781,Misal pav,Breakfast,1,90
52781,Masala chai,Chai & coffee,1,30
52781,Poha,Breakfast,1,60
52781,Upma,Breakfast,1,60
52782,Orange juice,Juice,1,70
52782,Masala chai,Chai & coffee,1,30
52782,Filter coffee,Chai & coffee,1,40
52782,Misal pav,Breakfast,1,90
52783,Upma,Breakfast,1,60
52783,Idli,Breakfast,1,50
52783,Masala dosa,Breakfast,1,90
52783,Misal pav,Breakfast,1,90
52784,Orange juice,Juice,1,70
52784,Misal pav,Breakfast,1,90
52784,Pesarattu,Breakfast,1,80
52784,Poha,Breakfast,1,60
52785,Poha,Breakfast,1,60
52785,Misal pav,Breakfast,1,90
52785,Masala chai,Chai & coffee,1,30
52786,Masala dosa,Breakfast,1,90
52786,Orange juice,Juice,1,70
52787,Masala chai,Chai & coffee,1,30
52787,Sandwich,Snacks,2,70
52788,Pesarattu,Breakfast,1,80
52788,Vada pav,Snacks,1,30
52788,Filter coffee,Chai & coffee,1,40
52789,Poha,Breakfast,1,60
52790,Idli,Breakfast,1,50
52790,Masala dosa,Breakfast,2,90
52791,Idli,Breakfast,2,50
52791,Upma,Breakfast,3,60
52791,Pesarattu,Breakfast,3,80
52792,Filter coffee,Chai & coffee,2,40
52792,Cold coffee,Chai & coffee,3,90
52793,Sandwich,Snacks,1,70
52793,Upma,Breakfast,3,60
52793,Masala chai,Chai & coffee,1,30
52794,Filter coffee,Chai & coffee,1,40
52795,Cold coffee,Chai & coffee,1,90
52796,Cold coffee,Chai & coffee,2,90
52797,Jalebi,Sweets,2,40
52797,Upma,Breakfast,2,60
52798,Idli,Breakfast,1,50
52798,Orange juice,Juice,1,70
52799,Sandwich,Snacks,1,70
52799,Filter coffee,Chai & coffee,2,40
52800,Misal pav,Breakfast,1,90
52801,Filter coffee,Chai & coffee,1,40
52801,Cold coffee,Chai & coffee,2,90
52802,Idli,Breakfast,1,50
52803,Cold coffee,Chai & coffee,2,90
52804,Idli,Breakfast,2,50
52805,Cold coffee,Chai & coffee,2,90
52806,Cold coffee,Chai & coffee,2,90
52807,Poha,Breakfast,2,60
52807,Cold coffee,Chai & coffee,1,90
52808,Pesarattu,Breakfast,2,80
52809,Cold coffee,Chai & coffee,2,90
52809,Orange juice,Juice,2,70
52810,Cold coffee,Chai & coffee,1,90
52811,Cold coffee,Chai & coffee,3,90
52812,Masala chai,Chai & coffee,3,30
52813,Cold coffee,Chai & coffee,1,90
52813,Poha,Breakfast,2,60
52814,Cold coffee,Chai & coffee,1,90
52815,Poha,Breakfast,1,60
52815,Idli,Breakfast,2,50
52816,Idli,Breakfast,2,50
52817,Vada pav,Snacks,1,30
52818,Poha,Breakfast,1,60
52818,Misal pav,Breakfast,1,90
52819,Filter coffee,Chai & coffee,1,40
52819,Misal pav,Breakfast,1,90
52819,Poha,Breakfast,1,60
52819,Masala dosa,Breakfast,1,90
52820,Misal pav,Breakfast,1,90
52820,Orange juice,Juice,1,70
52820,Idli,Breakfast,1,50
52820,Masala dosa,Breakfast,1,90
52821,Sandwich,Snacks,1,70
52821,Misal pav,Breakfast,1,90
52821,Upma,Breakfast,1,60
52821,Jalebi,Sweets,1,40
52821,Idli,Breakfast,1,50
52822,Jalebi,Sweets,1,40
52822,Cold coffee,Chai & coffee,1,90
52822,Vada pav,Snacks,1,30
52822,Misal pav,Breakfast,2,90
52823,Vada pav,Snacks,1,30
52823,Sandwich,Snacks,1,70
52823,Poha,Breakfast,1,60
52823,Pesarattu,Breakfast,1,80
52824,Filter coffee,Chai & coffee,1,40
52824,Idli,Breakfast,1,50
52824,Masala chai,Chai & coffee,1,30
52825,Filter coffee,Chai & coffee,1,40
52825,Misal pav,Breakfast,1,90
52825,Masala chai,Chai & coffee,1,30
52825,Masala dosa,Breakfast,1,90
52825,Poha,Breakfast,1,60
52826,Vada pav,Snacks,1,30
52826,Masala chai,Chai & coffee,1,30
52826,Misal pav,Breakfast,2,90
52827,Misal pav,Breakfast,1,90
52827,Vada pav,Snacks,1,30
52827,Masala dosa,Breakfast,1,90
52827,Filter coffee,Chai & coffee,1,40
52827,Jalebi,Sweets,2,40
52828,Upma,Breakfast,1,60
52828,Pesarattu,Breakfast,1,80
52828,Poha,Breakfast,1,60
52829,Poha,Breakfast,1,60
52829,Misal pav,Breakfast,1,90
52830,Upma,Breakfast,1,60
52831,Poha,Breakfast,2,60
52832,Upma,Breakfast,1,60
52833,Filter coffee,Chai & coffee,1,40
52834,Pesarattu,Breakfast,1,80
52835,Idli,Breakfast,1,50
52836,Pesarattu,Breakfast,3,80
52836,Upma,Breakfast,1,60
52837,Filter coffee,Chai & coffee,2,40
52838,Filter coffee,Chai & coffee,1,40
52838,Masala dosa,Breakfast,1,90
52839,Filter coffee,Chai & coffee,2,40
52839,Jalebi,Sweets,2,40
52839,Orange juice,Juice,2,70
52840,Upma,Breakfast,3,60
52840,Jalebi,Sweets,1,40
52841,Vada pav,Snacks,2,30
52842,Misal pav,Breakfast,2,90
52843,Masala dosa,Breakfast,1,90
52843,Poha,Breakfast,3,60
52844,Sandwich,Snacks,3,70
52845,Vada pav,Snacks,2,30
52846,Misal pav,Breakfast,2,90
52846,Orange juice,Juice,2,70
52847,Pesarattu,Breakfast,2,80
52848,Vada pav,Snacks,2,30
52849,Poha,Breakfast,1,60
52850,Idli,Breakfast,1,50
52851,Filter coffee,Chai & coffee,1,40
52851,Poha,Breakfast,1,60
52851,Upma,Breakfast,1,60
52852,Misal pav,Breakfast,1,90
52852,Poha,Breakfast,1,60
52852,Masala chai,Chai & coffee,1,30
52852,Pesarattu,Breakfast,2,80
52853,Misal pav,Breakfast,1,90
52853,Masala chai,Chai & coffee,1,30
52853,Idli,Breakfast,1,50
52853,Poha,Breakfast,1,60
52853,Masala dosa,Breakfast,1,90
52854,Upma,Breakfast,2,60
52854,Masala chai,Chai & coffee,1,30
52854,Misal pav,Breakfast,1,90
52854,Pesarattu,Breakfast,1,80
52855,Filter coffee,Chai & coffee,1,40
52855,Orange juice,Juice,1,70
52855,Sandwich,Snacks,1,70
52856,Poha,Breakfast,2,60
52856,Misal pav,Breakfast,1,90
52856,Filter coffee,Chai & coffee,1,40
52856,Sandwich,Snacks,1,70
52856,Masala chai,Chai & coffee,1,30
52857,Cold coffee,Chai & coffee,1,90
52857,Vada pav,Snacks,1,30
52858,Poha,Breakfast,1,60
52858,Misal pav,Breakfast,1,90
52858,Cold coffee,Chai & coffee,1,90
52858,Masala chai,Chai & coffee,2,30
52859,Upma,Breakfast,2,60
52859,Poha,Breakfast,1,60
52859,Misal pav,Breakfast,1,90
52859,Masala chai,Chai & coffee,1,30
52859,Idli,Breakfast,1,50
52860,Idli,Breakfast,1,50
52860,Filter coffee,Chai & coffee,1,40
52861,Cold coffee,Chai & coffee,1,90
52861,Poha,Breakfast,2,60
52861,Masala dosa,Breakfast,2,90
52862,Idli,Breakfast,2,50
52862,Poha,Breakfast,1,60
52863,Idli,Breakfast,1,50
52863,Pesarattu,Breakfast,1,80
52864,Sandwich,Snacks,1,70
52865,Orange juice,Juice,2,70
52866,Upma,Breakfast,2,60
52867,Pesarattu,Breakfast,2,80
52868,Misal pav,Breakfast,1,90
52869,Upma,Breakfast,2,60
52870,Cold coffee,Chai & coffee,2,90
52871,Pesarattu,Breakfast,1,80
52872,Pesarattu,Breakfast,1,80
52873,Jalebi,Sweets,2,40
52874,Filter coffee,Chai & coffee,1,40
52874,Idli,Breakfast,1,50
52875,Sandwich,Snacks,1,70
52876,Cold coffee,Chai & coffee,2,90
52876,Idli,Breakfast,3,50
52877,Poha,Breakfast,2,60
52878,Masala dosa,Breakfast,2,90
52879,Orange juice,Juice,2,70
52880,Cold coffee,Chai & coffee,2,90
52881,Sandwich,Snacks,2,70
52882,Idli,Breakfast,1,50
52882,Pesarattu,Breakfast,1,80
52882,Sandwich,Snacks,1,70
52882,Jalebi,Sweets,1,40
52882,Masala dosa,Breakfast,1,90
52883,Sandwich,Snacks,1,70
52883,Jalebi,Sweets,1,40
52883,Upma,Breakfast,1,60
52883,Poha,Breakfast,1,60
52884,Misal pav,Breakfast,1,90
52884,Pesarattu,Breakfast,1,80
52884,Poha,Breakfast,1,60
52884,Cold coffee,Chai & coffee,1,90
52884,Upma,Breakfast,1,60
52885,Idli,Breakfast,1,50
52885,Vada pav,Snacks,1,30
52885,Masala dosa,Breakfast,1,90
52886,Upma,Breakfast,1,60
52886,Pesarattu,Breakfast,1,80
52887,Upma,Breakfast,1,60
52887,Cold coffee,Chai & coffee,1,90
52887,Sandwich,Snacks,1,70
52887,Jalebi,Sweets,2,40
52888,Misal pav,Breakfast,1,90
52888,Idli,Breakfast,1,50
52888,Filter coffee,Chai & coffee,1,40
52888,Vada pav,Snacks,1,30
52889,Misal pav,Breakfast,1,90
52889,Jalebi,Sweets,1,40
52889,Cold coffee,Chai & coffee,1,90
52890,Misal pav,Breakfast,1,90
52890,Cold coffee,Chai & coffee,1,90
52890,Masala chai,Chai & coffee,1,30
52891,Misal pav,Breakfast,1,90
52892,Cold coffee,Chai & coffee,2,90
52892,Orange juice,Juice,1,70
52892,Sandwich,Snacks,1,70
52892,Filter coffee,Chai & coffee,3,40
52893,Masala dosa,Breakfast,1,90
52894,Masala dosa,Breakfast,2,90
52894,Cold coffee,Chai & coffee,2,90
52895,Orange juice,Juice,1,70
52896,Cold coffee,Chai & coffee,2,90
52896,Pesarattu,Breakfast,2,80
52897,Upma,Breakfast,1,60
52897,Pesarattu,Breakfast,2,80
52897,Poha,Breakfast,1,60
52898,Jalebi,Sweets,2,40
52899,Masala chai,Chai & coffee,3,30
52899,Cold coffee,Chai & coffee,1,90
52900,Masala chai,Chai & coffee,1,30
52901,Filter coffee,Chai & coffee,1,40
52902,Jalebi,Sweets,1,40
52903,Misal pav,Breakfast,1,90
52903,Cold coffee,Chai & coffee,1,90
52903,Upma,Breakfast,1,60
52904,Masala chai,Chai & coffee,2,30
52904,Filter coffee,Chai & coffee,3,40
52904,Upma,Breakfast,3,60
52905,Upma,Breakfast,1,60
52905,Orange juice,Juice,1,70
52906,Idli,Breakfast,3,50
52907,Poha,Breakfast,1,60
52907,Masala chai,Chai & coffee,2,30
52908,Filter coffee,Chai & coffee,1,40
52908,Jalebi,Sweets,2,40
52908,Cold coffee,Chai & coffee,1,90
52909,Masala chai,Chai & coffee,1,30
52909,Idli,Breakfast,2,50
52910,Masala dosa,Breakfast,2,90
52910,Misal pav,Breakfast,1,90
52911,Orange juice,Juice,1,70
52912,Masala dosa,Breakfast,1,90
52912,Vada pav,Snacks,2,30
52913,Vada pav,Snacks,1,30
52914,Pesarattu,Breakfast,2,80
52915,Cold coffee,Chai & coffee,1,90
52916,Upma,Breakfast,3,60
52916,Filter coffee,Chai & coffee,2,40
52917,Masala chai,Chai & coffee,2,30
52918,Masala dosa,Breakfast,1,90
52918,Poha,Breakfast,2,60
52919,Masala dosa,Breakfast,2,90
52919,Orange juice,Juice,3,70
52920,Cold coffee,Chai & coffee,2,90
52921,Poha,Breakfast,2,60
52922,Misal pav,Breakfast,3,90
52922,Poha,Breakfast,3,60
52922,Upma,Breakfast,3,60
52923,Pesarattu,Breakfast,2,80
52923,Upma,Breakfast,2,60
52923,Cold coffee,Chai & coffee,3,90
52924,Orange juice,Juice,2,70
52924,Masala dosa,Breakfast,1,90
52925,Masala chai,Chai & coffee,1,30
52926,Sandwich,Snacks,3,70
52927,Vada pav,Snacks,1,30
52927,Cold coffee,Chai & coffee,1,90
52928,Masala dosa,Breakfast,2,90
52928,Poha,Breakfast,2,60
52928,Misal pav,Breakfast,1,90
52928,Jalebi,Sweets,1,40
52929,Misal pav,Breakfast,1,90
52929,Jalebi,Sweets,1,40
52929,Idli,Breakfast,1,50
52930,Orange juice,Juice,1,70
52930,Cold coffee,Chai & coffee,1,90
52930,Misal pav,Breakfast,1,90
52930,Upma,Breakfast,1,60
52931,Misal pav,Breakfast,1,90
52931,Cold coffee,Chai & coffee,1,90
52932,Filter coffee,Chai & coffee,1,40
52932,Sandwich,Snacks,2,70
52932,Poha,Breakfast,1,60
52932,Masala dosa,Breakfast,2,90
52932,Misal pav,Breakfast,1,90
52933,Jalebi,Sweets,1,40
52933,Orange juice,Juice,1,70
52933,Misal pav,Breakfast,1,90
52933,Upma,Breakfast,1,60
52934,Cold coffee,Chai & coffee,1,90
52934,Misal pav,Breakfast,1,90
52934,Vada pav,Snacks,1,30
52934,Masala chai,Chai & coffee,1,30
52935,Filter coffee,Chai & coffee,1,40
52935,Idli,Breakfast,1,50
52935,Masala chai,Chai & coffee,1,30
52936,Masala dosa,Breakfast,1,90
52936,Jalebi,Sweets,1,40
52937,Poha,Breakfast,1,60
52937,Masala chai,Chai & coffee,1,30
52937,Jalebi,Sweets,1,40
52938,Jalebi,Sweets,1,40
52938,Masala chai,Chai & coffee,1,30
52938,Pesarattu,Breakfast,1,80
52939,Masala dosa,Breakfast,1,90
52939,Jalebi,Sweets,2,40
52940,Upma,Breakfast,1,60
52940,Idli,Breakfast,1,50
52941,Masala dosa,Breakfast,3,90
52941,Cold coffee,Chai & coffee,1,90
52942,Masala chai,Chai & coffee,3,30
52942,Misal pav,Breakfast,2,90
52943,Sandwich,Snacks,1,70
52943,Masala dosa,Breakfast,1,90
52943,Idli,Breakfast,1,50
52944,Jalebi,Sweets,2,40
52944,Filter coffee,Chai & coffee,2,40
52944,Sandwich,Snacks,1,70
52945,Idli,Breakfast,1,50
52945,Cold coffee,Chai & coffee,2,90
52945,Orange juice,Juice,1,70
52945,Misal pav,Breakfast,3,90
52946,Cold coffee,Chai & coffee,2,90
52946,Pesarattu,Breakfast,1,80
52947,Jalebi,Sweets,1,40
52948,Misal pav,Breakfast,1,90
52948,Poha,Breakfast,1,60
52948,Orange juice,Juice,1,70
52949,Pesarattu,Breakfast,1,80
52950,Masala chai,Chai & coffee,1,30
52951,Jalebi,Sweets,2,40
52952,Sandwich,Snacks,1,70
52953,Orange juice,Juice,1,70
52954,Poha,Breakfast,2,60
52955,Vada pav,Snacks,3,30
52955,Cold coffee,Chai & coffee,1,90
52956,Upma,Breakfast,2,60
52956,Vada pav,Snacks,1,30
52957,Jalebi,Sweets,1,40
52958,Filter coffee,Chai & coffee,2,40
52958,Poha,Breakfast,3,60
52958,Vada pav,Snacks,2,30
52959,Masala dosa,Breakfast,1,90
52959,Upma,Breakfast,3,60
52959,Misal pav,Breakfast,2,90
52960,Cold coffee,Chai & coffee,2,90
52960,Idli,Breakfast,1,50
52961,Upma,Breakfast,2,60
52961,Idli,Breakfast,2,50
52961,Sandwich,Snacks,3,70
52962,Vada pav,Snacks,1,30
52962,Poha,Breakfast,3,60
52963,Vada pav,Snacks,3,30
52964,Vada pav,Snacks,3,30
52964,Cold coffee,Chai & coffee,1,90
52965,Vada pav,Snacks,1,30
52966,Masala chai,Chai & coffee,2,30
52967,Jalebi,Sweets,3,40
52968,Orange juice,Juice,1,70
52968,Poha,Breakfast,1,60
52968,Masala chai,Chai & coffee,1,30
52968,Misal pav,Breakfast,1,90
52969,Jalebi,Sweets,1,40
52969,Masala chai,Chai & coffee,1,30
52969,Idli,Breakfast,1,50
52970,Masala chai,Chai & coffee,1,30
52970,Poha,Breakfast,1,60
52970,Misal pav,Breakfast,1,90
52971,Filter coffee,Chai & coffee,1,40
52971,Vada pav,Snacks,2,30
52972,Filter coffee,Chai & coffee,1,40
52972,Poha,Breakfast,1,60
52972,Misal pav,Breakfast,1,90
52973,Poha,Breakfast,1,60
52973,Orange juice,Juice,1,70
52973,Masala chai,Chai & coffee,1,30
52973,Misal pav,Breakfast,1,90
52973,Pesarattu,Breakfast,1,80
52974,Orange juice,Juice,1,70
52974,Cold coffee,Chai & coffee,1,90
52974,Vada pav,Snacks,1,30
52974,Sandwich,Snacks,1,70
52975,Filter coffee,Chai & coffee,1,40
52975,Misal pav,Breakfast,1,90
52975,Sandwich,Snacks,1,70
52975,Upma,Breakfast,2,60
52975,Pesarattu,Breakfast,1,80
52976,Vada pav,Snacks,1,30
52976,Poha,Breakfast,1,60
52976,Masala chai,Chai & coffee,1,30
52976,Misal pav,Breakfast,2,90
52977,Misal pav,Breakfast,2,90
52977,Masala chai,Chai & coffee,1,30
52977,Orange juice,Juice,1,70
52977,Pesarattu,Breakfast,1,80
52978,Vada pav,Snacks,1,30
52978,Masala dosa,Breakfast,1,90
52978,Jalebi,Sweets,1,40
52979,Idli,Breakfast,1,50
52979,Masala dosa,Breakfast,1,90
52980,Idli,Breakfast,1,50
52980,Jalebi,Sweets,2,40
52981,Poha,Breakfast,1,60
52981,Sandwich,Snacks,1,70
52981,Masala dosa,Breakfast,2,90
52982,Jalebi,Sweets,2,40
52982,Upma,Breakfast,2,60
52983,Misal pav,Breakfast,2,90
52984,Orange juice,Juice,1,70
52985,Masala dosa,Breakfast,1,90
52985,Poha,Breakfast,3,60
52985,Misal pav,Breakfast,2,90
52986,Filter coffee,Chai & coffee,2,40
52986,Masala dosa,Breakfast,1,90
52986,Masala chai,Chai & coffee,1,30
52987,Sandwich,Snacks,1,70
52987,Filter coffee,Chai & coffee,1,40
52988,Masala dosa,Breakfast,1,90
52988,Vada pav,Snacks,2,30
52989,Cold coffee,Chai & coffee,1,90
52990,Masala chai,Chai & coffee,1,30
52990,Sandwich,Snacks,2,70
52991,Orange juice,Juice,1,70
52992,Pesarattu,Breakfast,1,80
52992,Idli,Breakfast,3,50
52992,Misal pav,Breakfast,3,90
52993,Upma,Breakfast,1,60
52993,Masala dosa,Breakfast,2,90
52994,Pesarattu,Breakfast,1,80
52994,Idli,Breakfast,1,50
52995,Masala chai,Chai & coffee,1,30
52996,Idli,Breakfast,1,50
52997,Poha,Breakfast,2,60
52998,Poha,Breakfast,2,60
52999,Sandwich,Snacks,1,70
53000,Orange juice,Juice,2,70
53001,Poha,Breakfast,2,60
53001,Masala chai,Chai & coffee,1,30
53002,Masala chai,Chai & coffee,2,30
53003,Masala dosa,Breakfast,1,90
53003,Filter coffee,Chai & coffee,2,40
53004,Cold coffee,Chai & coffee,1,90
53005,Vada pav,Snacks,1,30
53006,Misal pav,Breakfast,3,90
53007,Poha,Breakfast,1,60
53008,Jalebi,Sweets,1,40
53008,Upma,Breakfast,1,60
53008,Misal pav,Breakfast,1,90
53008,Poha,Breakfast,1,60
53009,Misal pav,Breakfast,1,90
53009,Pesarattu,Breakfast,1,80
53009,Jalebi,Sweets,1,40
53009,Sandwich,Snacks,1,70
53009,Filter coffee,Chai & coffee,1,40
53010,Orange juice,Juice,1,70
53010,Idli,Breakfast,1,50
53010,Jalebi,Sweets,1,40
53010,Sandwich,Snacks,1,70
53011,Misal pav,Breakfast,1,90
53011,Poha,Breakfast,1,60
53011,Masala chai,Chai & coffee,1,30
53011,Upma,Breakfast,2,60
53012,Idli,Breakfast,3,50
53013,Idli,Breakfast,1,50
53013,Filter coffee,Chai & coffee,1,40
53013,Masala dosa,Breakfast,1,90
53014,Masala dosa,Breakfast,3,90
53014,Filter coffee,Chai & coffee,1,40
53014,Idli,Breakfast,2,50
53015,Masala dosa,Breakfast,1,90
53016,Pesarattu,Breakfast,2,80
53016,Upma,Breakfast,2,60
53016,Cold coffee,Chai & coffee,2,90
53017,Masala dosa,Breakfast,2,90
53017,Masala chai,Chai & coffee,1,30
53018,Misal pav,Breakfast,1,90
53018,Cold coffee,Chai & coffee,1,90
53018,Filter coffee,Chai & coffee,1,40
53018,Idli,Breakfast,1,50
53019,Masala dosa,Breakfast,1,90
53020,Sandwich,Snacks,1,70
53021,Idli,Breakfast,3,50
53021,Masala dosa,Breakfast,2,90
53022,Pesarattu,Breakfast,2,80
53022,Poha,Breakfast,2,60
53023,Pesarattu,Breakfast,1,80
53024,Vada pav,Snacks,1,30
53024,Pesarattu,Breakfast,2,80
53024,Upma,Breakfast,1,60
53025,Pesarattu,Breakfast,2,80
53025,Masala dosa,Breakfast,1,90
53025,Orange juice,Juice,1,70
53025,Vada pav,Snacks,3,30
53026,Filter coffee,Chai & coffee,2,40
53027,Idli,Breakfast,1,50
53028,Cold coffee,Chai & coffee,2,90
53029,Idli,Breakfast,1,50
53030,Orange juice,Juice,1,70
53030,Idli,Breakfast,2,50
53031,Filter coffee,Chai & coffee,1,40
53031,Idli,Breakfast,1,50
53032,Idli,Breakfast,3,50
53032,Misal pav,Breakfast,1,90
53033,Filter coffee,Chai & coffee,2,40
53033,Idli,Breakfast,2,50
53034,Filter coffee,Chai & coffee,3,40
53035,Pesarattu,Breakfast,2,80
53036,Filter coffee,Chai & coffee,1,40
53037,Jalebi,Sweets,1,40
53037,Idli,Breakfast,3,50
53038,Misal pav,Breakfast,2,90
53039,Vada pav,Snacks,1,30
53040,Pesarattu,Breakfast,2,80
53040,Poha,Breakfast,3,60
53041,Jalebi,Sweets,1,40
53042,Vada pav,Snacks,1,30
53042,Poha,Breakfast,3,60
53043,Cold coffee,Chai & coffee,1,90
53044,Filter coffee,Chai & coffee,2,40
53045,Orange juice,Juice,2,70
53046,Filter coffee,Chai & coffee,1,40
53047,Misal pav,Breakfast,2,90
53047,Vada pav,Snacks,2,30
53047,Pesarattu,Breakfast,2,80
53048,Vada pav,Snacks,1,30
53049,Vada pav,Snacks,1,30
53049,Misal pav,Breakfast,1,90
53050,Cold coffee,Chai & coffee,3,90
53050,Masala chai,Chai & coffee,3,30
53050,Vada pav,Snacks,1,30
53051,Poha,Breakfast,1,60
53052,Pesarattu,Breakfast,1,80
53052,Vada pav,Snacks,3,30
53053,Upma,Breakfast,3,60
53054,Cold coffee,Chai & coffee,1,90
53054,Jalebi,Sweets,2,40
53055,Misal pav,Breakfast,2,90
53056,Upma,Breakfast,1,60
53056,Misal pav,Breakfast,1,90
53056,Poha,Breakfast,1,60
53057,Sandwich,Snacks,1,70
53057,Masala dosa,Breakfast,1,90
53057,Misal pav,Breakfast,1,90
53058,Misal pav,Breakfast,1,90
53058,Masala chai,Chai & coffee,1,30
53058,Upma,Breakfast,1,60
53058,Orange juice,Juice,1,70
53058,Cold coffee,Chai & coffee,1,90
53059,Poha,Breakfast,1,60
53059,Misal pav,Breakfast,1,90
53059,Jalebi,Sweets,1,40
53060,Orange juice,Juice,1,70
53060,Misal pav,Breakfast,1,90
53060,Vada pav,Snacks,2,30
53060,Masala chai,Chai & coffee,1,30
53061,Masala dosa,Breakfast,1,90
53061,Masala chai,Chai & coffee,1,30
53061,Pesarattu,Breakfast,1,80
53062,Misal pav,Breakfast,2,90
53062,Vada pav,Snacks,1,30
53063,Sandwich,Snacks,1,70
53063,Pesarattu,Breakfast,2,80
53064,Vada pav,Snacks,2,30
53064,Masala dosa,Breakfast,2,90
53064,Misal pav,Breakfast,2,90
53065,Upma,Breakfast,2,60
53066,Misal pav,Breakfast,2,90
53067,Jalebi,Sweets,1,40
53067,Masala dosa,Breakfast,1,90
53068,Jalebi,Sweets,1,40
53069,Idli,Breakfast,1,50
53070,Upma,Breakfast,1,60
53071,Poha,Breakfast,2,60
53071,Masala chai,Chai & coffee,1,30
53072,Upma,Breakfast,1,60
53072,Cold coffee,Chai & coffee,1,90
53073,Upma,Breakfast,2,60
53073,Vada pav,Snacks,1,30
53074,Poha,Breakfast,1,60
53075,Orange juice,Juice,3,70
53076,Idli,Breakfast,1,50
53077,Idli,Breakfast,1,50
53078,Idli,Breakfast,1,50
53078,Filter coffee,Chai & coffee,1,40
53079,Filter coffee,Chai & coffee,2,40
53079,Misal pav,Breakfast,1,90
53079,Orange juice,Juice,1,70
53080,Vada pav,Snacks,1,30
53081,Masala dosa,Breakfast,3,90
53082,Vada pav,Snacks,3,30
53082,Misal pav,Breakfast,2,90
53083,Orange juice,Juice,2,70
53084,Filter coffee,Chai & coffee,1,40
53085,Pesarattu,Breakfast,3,80
53086,Cold coffee,Chai & coffee,2,90
53086,Masala chai,Chai & coffee,2,30
53087,Sandwich,Snacks,1,70
53087,Misal pav,Breakfast,1,90
53087,Masala chai,Chai & coffee,1,30
53087,Idli,Breakfast,1,50
53088,Masala dosa,Breakfast,2,90
53088,Poha,Breakfast,3,60
53089,Filter coffee,Chai & coffee,2,40
53089,Vada pav,Snacks,3,30
53089,Orange juice,Juice,2,70
53090,Idli,Breakfast,2,50
53090,Masala dosa,Breakfast,1,90
53091,Masala dosa,Breakfast,3,90
53092,Upma,Breakfast,1,60
53092,Misal pav,Breakfast,2,90
53093,Masala dosa,Breakfast,2,90
53093,Idli,Breakfast,1,50
53094,Filter coffee,Chai & coffee,1,40
53095,Filter coffee,Chai & coffee,2,40
53096,Filter coffee,Chai & coffee,1,40
53096,Vada pav,Snacks,1,30
53096,Masala dosa,Breakfast,2,90
53097,Filter coffee,Chai & coffee,1,40
53098,Cold coffee,Chai & coffee,1,90
53099,Pesarattu,Breakfast,1,80
53099,Masala dosa,Breakfast,1,90
53100,Jalebi,Sweets,1,40
53101,Masala chai,Chai & coffee,1,30
53101,Sandwich,Snacks,1,70
53101,Cold coffee,Chai & coffee,1,90
53102,Orange juice,Juice,1,70
53102,Jalebi,Sweets,1,40
53103,Pesarattu,Breakfast,1,80
53103,Masala chai,Chai & coffee,1,30
53104,Pesarattu,Breakfast,1,80
53105,Pesarattu,Breakfast,1,80
53106,Masala dosa,Breakfast,1,90
53106,Misal pav,Breakfast,2,90
53107,Idli,Breakfast,2,50
53107,Upma,Breakfast,1,60
53107,Poha,Breakfast,2,60
53108,Idli,Breakfast,1,50
53108,Cold coffee,Chai & coffee,1,90
53109,Jalebi,Sweets,1,40
53109,Filter coffee,Chai & coffee,1,40
53109,Idli,Breakfast,1,50
53110,Idli,Breakfast,1,50
53111,Idli,Breakfast,3,50
53112,Misal pav,Breakfast,3,90
53112,Orange juice,Juice,2,70
53113,Cold coffee,Chai & coffee,2,90
53114,Filter coffee,Chai & coffee,2,40
53115,Jalebi,Sweets,1,40
53116,Vada pav,Snacks,1,30
53117,Jalebi,Sweets,2,40
53118,Cold coffee,Chai & coffee,2,90
53119,Misal pav,Breakfast,1,90
53119,Sandwich,Snacks,1,70
53119,Cold coffee,Chai & coffee,1,90
53120,Misal pav,Breakfast,1,90
53120,Orange juice,Juice,1,70
53120,Poha,Breakfast,1,60
53121,Filter coffee,Chai & coffee,1,40
53121,Misal pav,Breakfast,1,90
53121,Orange juice,Juice,1,70
53122,Misal pav,Breakfast,1,90
53122,Masala chai,Chai & coffee,1,30
53122,Filter coffee,Chai & coffee,1,40
53122,Pesarattu,Breakfast,2,80
53122,Poha,Breakfast,1,60
53123,Masala dosa,Breakfast,1,90
53123,Jalebi,Sweets,1,40
53123,Masala chai,Chai & coffee,1,30
53124,Misal pav,Breakfast,1,90
53124,Masala dosa,Breakfast,1,90
53124,Poha,Breakfast,1,60
53124,Pesarattu,Breakfast,1,80
53125,Pesarattu,Breakfast,1,80
53125,Poha,Breakfast,1,60
53125,Filter coffee,Chai & coffee,1,40
53125,Misal pav,Breakfast,1,90
53126,Misal pav,Breakfast,2,90
53126,Vada pav,Snacks,1,30
53126,Masala chai,Chai & coffee,1,30
53127,Idli,Breakfast,1,50
53128,Masala dosa,Breakfast,2,90
53129,Orange juice,Juice,1,70
53129,Filter coffee,Chai & coffee,3,40
53130,Misal pav,Breakfast,1,90
53130,Masala chai,Chai & coffee,3,30
53131,Misal pav,Breakfast,2,90
53131,Masala dosa,Breakfast,2,90
53132,Filter coffee,Chai & coffee,2,40
53132,Sandwich,Snacks,1,70
53133,Masala dosa,Breakfast,1,90
53133,Vada pav,Snacks,2,30
53134,Pesarattu,Breakfast,1,80
53135,Pesarattu,Breakfast,1,80
53135,Poha,Breakfast,2,60
53135,Idli,Breakfast,1,50
53136,Poha,Breakfast,2,60
53136,Sandwich,Snacks,1,70
53136,Masala chai,Chai & coffee,2,30
53137,Masala chai,Chai & coffee,1,30
53137,Upma,Breakfast,2,60
53138,Orange juice,Juice,1,70
53138,Pesarattu,Breakfast,1,80
53139,Sandwich,Snacks,2,70
53140,Masala chai,Chai & coffee,2,30
53141,Upma,Breakfast,1,60
53142,Vada pav,Snacks,1,30
53142,Misal pav,Breakfast,1,90
53143,Idli,Breakfast,1,50
53143,Vada pav,Snacks,1,30
53144,Masala dosa,Breakfast,1,90
53145,Cold coffee,Chai & coffee,1,90
53146,Orange juice,Juice,1,70
53147,Masala dosa,Breakfast,1,90
53148,Masala chai,Chai & coffee,1,30
53149,Sandwich,Snacks,1,70
53149,Cold coffee,Chai & coffee,1,90
53150,Vada pav,Snacks,2,30
53151,Sandwich,Snacks,1,70
53151,Masala dosa,Breakfast,3,90
53152,Cold coffee,Chai & coffee,2,90
53153,Orange juice,Juice,3,70
53154,Cold coffee,Chai & coffee,1,90
53155,Idli,Breakfast,3,50
53156,Filter coffee,Chai & coffee,1,40
53156,Orange juice,Juice,1,70
53156,Misal pav,Breakfast,1,90
53156,Poha,Breakfast,1,60
53157,Vada pav,Snacks,1,30
53157,Poha,Breakfast,1,60
53157,Pesarattu,Breakfast,1,80
53157,Misal pav,Breakfast,1,90
53158,Misal pav,Breakfast,1,90
53158,Poha,Breakfast,1,60
53158,Masala chai,Chai & coffee,2,30
53159,Poha,Breakfast,1,60
53159,Misal pav,Breakfast,1,90
53159,Orange juice,Juice,1,70
53159,Masala dosa,Breakfast,1,90
53159,Cold coffee,Chai & coffee,1,90
53160,Jalebi,Sweets,1,40
53160,Misal pav,Breakfast,1,90
53160,Pesarattu,Breakfast,1,80
53160,Poha,Breakfast,1,60
53160,Cold coffee,Chai & coffee,1,90
53161,Vada pav,Snacks,1,30
53161,Masala dosa,Breakfast,1,90
53161,Misal pav,Breakfast,1,90
53161,Cold coffee,Chai & coffee,1,90
53162,Cold coffee,Chai & coffee,1,90
53162,Orange juice,Juice,2,70
53163,Filter coffee,Chai & coffee,1,40
53163,Orange juice,Juice,2,70
53164,Misal pav,Breakfast,1,90
53164,Masala dosa,Breakfast,1,90
53164,Orange juice,Juice,2,70
53164,Cold coffee,Chai & coffee,2,90
53165,Filter coffee,Chai & coffee,1,40
53165,Masala dosa,Breakfast,1,90
53165,Orange juice,Juice,1,70
53166,Poha,Breakfast,2,60
53166,Masala dosa,Breakfast,2,90
53166,Filter coffee,Chai & coffee,1,40
53167,Masala dosa,Breakfast,1,90
53167,Vada pav,Snacks,2,30
53168,Filter coffee,Chai & coffee,1,40
53168,Misal pav,Breakfast,1,90
53168,Masala dosa,Breakfast,1,90
53168,Orange juice,Juice,2,70
53169,Masala dosa,Breakfast,2,90
53169,Vada pav,Snacks,2,30
53170,Masala chai,Chai & coffee,1,30
53170,Idli,Breakfast,2,50
53171,Upma,Breakfast,1,60
53171,Filter coffee,Chai & coffee,2,40
53171,Masala dosa,Breakfast,2,90
53172,Pesarattu,Breakfast,1,80
53172,Vada pav,Snacks,1,30
53172,Masala dosa,Breakfast,2,90
53172,Misal pav,Breakfast,1,90
53173,Misal pav,Breakfast,2,90
53174,Filter coffee,Chai & coffee,1,40
53175,Poha,Breakfast,2,60
53176,Upma,Breakfast,2,60
53176,Orange juice,Juice,1,70
53177,Pesarattu,Breakfast,2,80
53177,Upma,Breakfast,3,60
53178,Pesarattu,Breakfast,2,80
53179,Pesarattu,Breakfast,1,80
53179,Masala dosa,Breakfast,1,90
53180,Masala chai,Chai & coffee,2,30
53181,Masala chai,Chai & coffee,1,30
53182,Masala chai,Chai & coffee,2,30
53182,Idli,Breakfast,2,50
53183,Masala chai,Chai & coffee,2,30
53184,Masala chai,Chai & coffee,2,30
53185,Cold coffee,Chai & coffee,2,90
53186,Misal pav,Breakfast,2,90
53187,Cold coffee,Chai & coffee,2,90
53188,Cold coffee,Chai & coffee,2,90
53188,Pesarattu,Breakfast,1,80
53189,Misal pav,Breakfast,3,90
53189,Cold coffee,Chai & coffee,1,90
53190,Vada pav,Snacks,1,30
53191,Cold coffee,Chai & coffee,3,90
53192,Pesarattu,Breakfast,3,80
53193,Upma,Breakfast,1,60
53193,Filter coffee,Chai & coffee,3,40
53194,Orange juice,Juice,1,70
53194,Masala dosa,Breakfast,1,90
53194,Poha,Breakfast,2,60
53195,Cold coffee,Chai & coffee,2,90
53196,Orange juice,Juice,1,70
53196,Pesarattu,Breakfast,1,80
53196,Upma,Breakfast,1,60
53196,Misal pav,Breakfast,1,90
53197,Masala chai,Chai & coffee,1,30
53197,Pesarattu,Breakfast,1,80
53197,Masala dosa,Breakfast,1,90
53197,Misal pav,Breakfast,1,90
53197,Poha,Breakfast,1,60
53198,Misal pav,Breakfast,1,90
53198,Masala chai,Chai & coffee,1,30
53198,Poha,Breakfast,1,60
53199,Masala dosa,Breakfast,1,90
53199,Misal pav,Breakfast,1,90
53199,Cold coffee,Chai & coffee,1,90
53199,Upma,Breakfast,1,60
53200,Masala chai,Chai & coffee,1,30
53200,Filter coffee,Chai & coffee,1,40
53201,Sandwich,Snacks,1,70
53201,Misal pav,Breakfast,2,90
53201,Masala dosa,Breakfast,1,90
53202,Misal pav,Breakfast,1,90
53202,Masala chai,Chai & coffee,1,30
53202,Vada pav,Snacks,1,30
53203,Masala dosa,Breakfast,1,90
53203,Cold coffee,Chai & coffee,1,90
53204,Masala dosa,Breakfast,2,90
53204,Filter coffee,Chai & coffee,1,40
53205,Filter coffee,Chai & coffee,1,40
53205,Jalebi,Sweets,1,40
53205,Cold coffee,Chai & coffee,1,90
53206,Pesarattu,Breakfast,2,80
53206,Misal pav,Breakfast,2,90
53206,Idli,Breakfast,3,50
53207,Orange juice,Juice,2,70
53208,Sandwich,Snacks,2,70
53208,Pesarattu,Breakfast,2,80
53209,Orange juice,Juice,1,70
53209,Poha,Breakfast,1,60
53210,Filter coffee,Chai & coffee,1,40
53210,Jalebi,Sweets,2,40
53210,Masala dosa,Breakfast,3,90
53210,Masala chai,Chai & coffee,1,30
53211,Masala dosa,Breakfast,2,90
53211,Sandwich,Snacks,2,70
53212,Pesarattu,Breakfast,1,80
53212,Upma,Breakfast,1,60
53213,Pesarattu,Breakfast,1,80
53213,Vada pav,Snacks,1,30
53214,Sandwich,Snacks,1,70
53214,Cold coffee,Chai & coffee,1,90
53214,Poha,Breakfast,3,60
53215,Pesarattu,Breakfast,2,80
53215,Filter coffee,Chai & coffee,2,40
53216,Cold coffee,Chai & coffee,2,90
53217,Masala chai,Chai & coffee,1,30
53217,Vada pav,Snacks,3,30
53218,Upma,Breakfast,1,60
53219,Sandwich,Snacks,1,70
53219,Pesarattu,Breakfast,1,80
53220,Vada pav,Snacks,2,30
53220,Filter coffee,Chai & coffee,1,40
53221,Misal pav,Breakfast,1,90
53222,Filter coffee,Chai & coffee,2,40
53222,Vada pav,Snacks,1,30
53223,Filter coffee,Chai & coffee,1,40
53224,Idli,Breakfast,1,50
53224,Masala chai,Chai & coffee,1,30
53225,Jalebi,Sweets,1,40
53226,Cold coffee,Chai & coffee,3,90
53226,Sandwich,Snacks,3,70
53227,Jalebi,Sweets,3,40
53228,Cold coffee,Chai & coffee,1,90
53229,Upma,Breakfast,2,60
53230,Misal pav,Breakfast,1,90
53231,Filter coffee,Chai & coffee,2,40
53232,Sandwich,Snacks,3,70
53233,Filter coffee,Chai & coffee,2,40
53234,Misal pav,Breakfast,1,90
53234,Vada pav,Snacks,1,30
53235,Poha,Breakfast,2,60
53235,Vada pav,Snacks,2,30
53236,Cold coffee,Chai & coffee,2,90
53236,Filter coffee,Chai & coffee,1,40
53237,Vada pav,Snacks,2,30
53237,Idli,Breakfast,2,50
53237,Filter coffee,Chai & coffee,1,40
53238,Vada pav,Snacks,2,30
53239,Vada pav,Snacks,2,30
53239,Filter coffee,Chai & coffee,1,40
53239,Cold coffee,Chai & coffee,2,90
53240,Poha,Breakfast,1,60
53240,Misal pav,Breakfast,1,90
53240,Pesarattu,Breakfast,1,80
53241,Filter coffee,Chai & coffee,1,40
53241,Misal pav,Breakfast,1,90
53242,Jalebi,Sweets,1,40
53242,Orange juice,Juice,1,70
53242,Cold coffee,Chai & coffee,1,90
53243,Masala chai,Chai & coffee,1,30
53243,Cold coffee,Chai & coffee,2,90
53243,Misal pav,Breakfast,1,90
53243,Poha,Breakfast,1,60
53244,Idli,Breakfast,1,50
53244,Masala chai,Chai & coffee,1,30
53244,Orange juice,Juice,1,70
53244,Masala dosa,Breakfast,1,90
53245,Poha,Breakfast,1,60
53245,Cold coffee,Chai & coffee,1,90
53246,Orange juice,Juice,1,70
53246,Poha,Breakfast,1,60
53246,Misal pav,Breakfast,1,90
53247,Idli,Breakfast,2,50
53248,Filter coffee,Chai & coffee,1,40
53248,Misal pav,Breakfast,1,90
53249,Masala dosa,Breakfast,2,90
53250,Filter coffee,Chai & coffee,1,40
53251,Masala dosa,Breakfast,1,90
53251,Cold coffee,Chai & coffee,3,90
53251,Misal pav,Breakfast,1,90
53252,Filter coffee,Chai & coffee,2,40
53253,Idli,Breakfast,3,50
53253,Orange juice,Juice,2,70
53254,Cold coffee,Chai & coffee,2,90
53255,Orange juice,Juice,1,70
53256,Pesarattu,Breakfast,1,80
53257,Pesarattu,Breakfast,1,80
53257,Cold coffee,Chai & coffee,1,90
53257,Upma,Breakfast,1,60
53257,Idli,Breakfast,1,50
53258,Poha,Breakfast,1,60
53259,Idli,Breakfast,2,50
53259,Pesarattu,Breakfast,1,80
53260,Poha,Breakfast,2,60
53260,Masala chai,Chai & coffee,1,30
53261,Masala dosa,Breakfast,1,90
53261,Filter coffee,Chai & coffee,1,40
53262,Idli,Breakfast,1,50
53262,Filter coffee,Chai & coffee,1,40
53263,Idli,Breakfast,1,50
53264,Vada pav,Snacks,2,30
53265,Filter coffee,Chai & coffee,2,40
53265,Upma,Breakfast,1,60
53265,Jalebi,Sweets,1,40
53266,Filter coffee,Chai & coffee,2,40
53266,Pesarattu,Breakfast,1,80
53267,Masala dosa,Breakfast,2,90
53267,Idli,Breakfast,1,50
53268,Cold coffee,Chai & coffee,2,90
53269,Vada pav,Snacks,2,30
53269,Misal pav,Breakfast,2,90
53270,Upma,Breakfast,3,60
53271,Orange juice,Juice,2,70
53272,Sandwich,Snacks,2,70
53273,Pesarattu,Breakfast,2,80
53274,Upma,Breakfast,2,60
53274,Masala chai,Chai & coffee,3,30
53275,Cold coffee,Chai & coffee,1,90
53276,Misal pav,Breakfast,2,90
53277,Upma,Breakfast,1,60
53278,Poha,Breakfast,1,60
53279,Vada pav,Snacks,1,30
53280,Vada pav,Snacks,1,30
53280,Poha,Breakfast,2,60
53281,Misal pav,Breakfast,1,90
53281,Pesarattu,Breakfast,2,80
53281,Poha,Breakfast,1,60
53281,Filter coffee,Chai & coffee,1,40
53282,Masala chai,Chai & coffee,1,30
53282,Jalebi,Sweets,1,40
53282,Filter coffee,Chai & coffee,1,40
53282,Vada pav,Snacks,1,30
53282,Misal pav,Breakfast,1,90
53283,Poha,Breakfast,1,60
53283,Misal pav,Breakfast,1,90
53283,Cold coffee,Chai & coffee,1,90
53283,Jalebi,Sweets,1,40
53284,Vada pav,Snacks,1,30
53284,Misal pav,Breakfast,1,90
53284,Poha,Breakfast,1,60
53284,Pesarattu,Breakfast,1,80
53285,Misal pav,Breakfast,2,90
53285,Masala dosa,Breakfast,1,90
53285,Cold coffee,Chai & coffee,1,90
53286,Filter coffee,Chai & coffee,1,40
53286,Sandwich,Snacks,1,70
53287,Orange juice,Juice,1,70
53287,Upma,Breakfast,1,60
53287,Misal pav,Breakfast,1,90
53288,Filter coffee,Chai & coffee,1,40
53288,Misal pav,Breakfast,1,90
53288,Masala chai,Chai & coffee,1,30
53289,Orange juice,Juice,2,70
53289,Masala dosa,Breakfast,1,90
53289,Idli,Breakfast,3,50
53289,Upma,Breakfast,2,60
53290,Filter coffee,Chai & coffee,3,40
53290,Masala dosa,Breakfast,1,90
53290,Sandwich,Snacks,1,70
53291,Upma,Breakfast,1,60
53292,Vada pav,Snacks,1,30
53292,Poha,Breakfast,2,60
53293,Pesarattu,Breakfast,1,80
53293,Masala dosa,Breakfast,3,90
53293,Upma,Breakfast,2,60
53294,Sandwich,Snacks,3,70
53294,Cold coffee,Chai & coffee,1,90
53294,Jalebi,Sweets,3,40
53295,Pesarattu,Breakfast,2,80
53295,Poha,Breakfast,1,60
53296,Sandwich,Snacks,1,70
53296,Filter coffee,Chai & coffee,1,40
53296,Cold coffee,Chai & coffee,2,90
53297,Idli,Breakfast,1,50
53298,Filter coffee,Chai & coffee,1,40
53298,Upma,Breakfast,1,60
53299,Cold coffee,Chai & coffee,1,90
53299,Vada pav,Snacks,2,30
53300,Jalebi,Sweets,2,40
53300,Masala dosa,Breakfast,1,90
53301,Masala dosa,Breakfast,1,90
53302,Filter coffee,Chai & coffee,1,40
53302,Vada pav,Snacks,2,30
53303,Upma,Breakfast,2,60
53303,Pesarattu,Breakfast,2,80
53304,Orange juice,Juice,1,70
53304,Pesarattu,Breakfast,3,80
53305,Jalebi,Sweets,1,40
53306,Pesarattu,Breakfast,1,80
53307,Misal pav,Breakfast,2,90
53307,Masala chai,Chai & coffee,1,30
53308,Vada pav,Snacks,1,30
53308,Idli,Breakfast,2,50
53309,Pesarattu,Breakfast,1,80
53309,Filter coffee,Chai & coffee,1,40
53310,Misal pav,Breakfast,1,90
53310,Upma,Breakfast,1,60
53311,Idli,Breakfast,1,50
53312,Misal pav,Breakfast,1,90
53313,Idli,Breakfast,1,50
53313,Filter coffee,Chai & coffee,2,40
53313,Upma,Breakfast,1,60
53314,Misal pav,Breakfast,2,90
53314,Jalebi,Sweets,3,40
53315,Cold coffee,Chai & coffee,2,90
53316,Idli,Breakfast,2,50
53317,Orange juice,Juice,1,70
53318,Upma,Breakfast,1,60
53319,Vada pav,Snacks,3,30
53319,Cold coffee,Chai & coffee,1,90
53320,Poha,Breakfast,2,60
53320,Masala dosa,Breakfast,2,90
53320,Pesarattu,Breakfast,3,80
53321,Cold coffee,Chai & coffee,2,90
53321,Pesarattu,Breakfast,2,80
53322,Misal pav,Breakfast,3,90
53322,Pesarattu,Breakfast,1,80
53323,Jalebi,Sweets,3,40
53323,Sandwich,Snacks,2,70
53324,Misal pav,Breakfast,1,90
53324,Masala chai,Chai & coffee,1,30
53325,Filter coffee,Chai & coffee,1,40
53326,Misal pav,Breakfast,1,90
53326,Poha,Breakfast,1,60
53326,Cold coffee,Chai & coffee,1,90
53326,Upma,Breakfast,1,60
53327,Misal pav,Breakfast,1,90
53327,Poha,Breakfast,1,60
53327,Masala dosa,Breakfast,1,90
53328,Misal pav,Breakfast,1,90
53328,Masala chai,Chai & coffee,1,30
53328,Orange juice,Juice,1,70
53328,Poha,Breakfast,1,60
53329,Orange juice,Juice,1,70
53329,Masala dosa,Breakfast,1,90
53330,Masala dosa,Breakfast,1,90
53330,Poha,Breakfast,1,60
53330,Upma,Breakfast,1,60
53331,Misal pav,Breakfast,2,90
53332,Filter coffee,Chai & coffee,1,40
53332,Masala dosa,Breakfast,2,90
53333,Masala dosa,Breakfast,1,90
53333,Masala chai,Chai & coffee,2,30
53333,Filter coffee,Chai & coffee,3,40
53334,Sandwich,Snacks,3,70
53334,Masala dosa,Breakfast,1,90
53334,Pesarattu,Breakfast,1,80
53335,Masala dosa,Breakfast,1,90
53336,Masala chai,Chai & coffee,1,30
53336,Upma,Breakfast,1,60
53336,Idli,Breakfast,1,50
53337,Masala dosa,Breakfast,1,90
53337,Jalebi,Sweets,1,40
53337,Filter coffee,Chai & coffee,1,40
53338,Masala dosa,Breakfast,1,90
53339,Poha,Breakfast,3,60
53339,Orange juice,Juice,1,70
53340,Filter coffee,Chai & coffee,2,40
53340,Sandwich,Snacks,1,70
53341,Masala dosa,Breakfast,1,90
53342,Orange juice,Juice,3,70
53343,Filter coffee,Chai & coffee,1,40
53343,Cold coffee,Chai & coffee,2,90
53344,Sandwich,Snacks,1,70
53344,Pesarattu,Breakfast,3,80
53345,Pesarattu,Breakfast,1,80
53346,Pesarattu,Breakfast,1,80
53347,Pesarattu,Breakfast,1,80
53347,Upma,Breakfast,2,60
53347,Filter coffee,Chai & coffee,1,40
53348,Vada pav,Snacks,1,30
53349,Poha,Breakfast,1,60
53350,Filter coffee,Chai & coffee,1,40
53350,Idli,Breakfast,3,50
53351,Pesarattu,Breakfast,2,80
53351,Vada pav,Snacks,1,30
53352,Misal pav,Breakfast,2,90
53352,Cold coffee,Chai & coffee,3,90
53353,Cold coffee,Chai & coffee,1,90
53354,Pesarattu,Breakfast,2,80
53354,Masala chai,Chai & coffee,1,30
53355,Poha,Breakfast,3,60
53356,Cold coffee,Chai & coffee,2,90
53356,Masala chai,Chai & coffee,2,30
53357,Vada pav,Snacks,1,30
53358,Pesarattu,Breakfast,2,80
53359,Vada pav,Snacks,2,30
53360,Upma,Breakfast,2,60
53360,Vada pav,Snacks,3,30
53361,Misal pav,Breakfast,1,90
53361,Sandwich,Snacks,1,70
53361,Poha,Breakfast,1,60
53361,Masala chai,Chai & coffee,1,30
53362,Poha,Breakfast,1,60
53362,Misal pav,Breakfast,1,90
53362,Jalebi,Sweets,1,40
53362,Masala dosa,Breakfast,1,90
53363,Orange juice,Juice,1,70
53363,Sandwich,Snacks,1,70
53363,Misal pav,Breakfast,1,90
53364,Idli,Breakfast,1,50
53364,Misal pav,Breakfast,1,90
53364,Vada pav,Snacks,1,30
53364,Masala dosa,Breakfast,1,90
53365,Masala dosa,Breakfast,1,90
53365,Misal pav,Breakfast,1,90
53365,Idli,Breakfast,1,50
53366,Sandwich,Snacks,1,70
53367,Orange juice,Juice,1,70
53367,Sandwich,Snacks,3,70
53368,Filter coffee,Chai & coffee,1,40
53369,Misal pav,Breakfast,1,90
53369,Masala dosa,Breakfast,2,90
53370,Misal pav,Breakfast,1,90
53370,Sandwich,Snacks,2,70
53370,Jalebi,Sweets,1,40
53371,Idli,Breakfast,2,50
53372,Misal pav,Breakfast,1,90
53373,Filter coffee,Chai & coffee,1,40
53373,Vada pav,Snacks,1,30
53374,Masala chai,Chai & coffee,1,30
53374,Filter coffee,Chai & coffee,1,40
53375,Masala dosa,Breakfast,2,90
53376,Masala chai,Chai & coffee,3,30
53377,Masala chai,Chai & coffee,1,30
53378,Masala chai,Chai & coffee,2,30
53379,Idli,Breakfast,1,50
53379,Cold coffee,Chai & coffee,1,90
53379,Filter coffee,Chai & coffee,2,40
53380,Vada pav,Snacks,2,30
53380,Cold coffee,Chai & coffee,2,90
53380,Jalebi,Sweets,1,40
53381,Masala chai,Chai & coffee,1,30
53382,Pesarattu,Breakfast,2,80
53383,Masala chai,Chai & coffee,3,30
53383,Idli,Breakfast,2,50
53384,Jalebi,Sweets,2,40
53385,Misal pav,Breakfast,2,90
53386,Misal pav,Breakfast,1,90
53387,Vada pav,Snacks,1,30
53387,Poha,Breakfast,3,60
53388,Pesarattu,Breakfast,2,80
53389,Upma,Breakfast,1,60
53390,Masala dosa,Breakfast,2,90
53391,Cold coffee,Chai & coffee,3,90
53392,Misal pav,Breakfast,1,90
53392,Cold coffee,Chai & coffee,3,90
53392,Sandwich,Snacks,2,70
53393,Masala chai,Chai & coffee,2,30
53393,Vada pav,Snacks,2,30
53394,Masala chai,Chai & coffee,2,30
53395,Sandwich,Snacks,1,70
53396,Poha,Breakfast,2,60
53397,Sandwich,Snacks,1,70
53398,Masala dosa,Breakfast,1,90
53398,Poha,Breakfast,1,60
53398,Idli,Breakfast,1,50
53398,Misal pav,Breakfast,1,90
53399,Poha,Breakfast,1,60
53399,Misal pav,Breakfast,1,90
53399,Upma,Breakfast,1,60
53399,Filter coffee,Chai & coffee,1,40
53399,Masala chai,Chai & coffee,1,30
53400,Misal pav,Breakfast,1,90
53400,Masala dosa,Breakfast,1,90
53400,Poha,Breakfast,1,60
53400,Masala chai,Chai & coffee,1,30
53400,Jalebi,Sweets,1,40
53401,Upma,Breakfast,1,60
53401,Jalebi,Sweets,1,40
53401,Misal pav,Breakfast,2,90
53401,Masala chai,Chai & coffee,1,30
53402,Misal pav,Breakfast,1,90
53402,Sandwich,Snacks,1,70
53402,Poha,Breakfast,1,60
53402,Vada pav,Snacks,1,30
53403,Misal pav,Breakfast,1,90
53403,Upma,Breakfast,1,60
53403,Vada pav,Snacks,1,30
53403,Idli,Breakfast,1,50
53403,Cold coffee,Chai & coffee,2,90
53404,Poha,Breakfast,1,60
53404,Idli,Breakfast,1,50
53404,Misal pav,Breakfast,1,90
53404,Masala chai,Chai & coffee,1,30
53405,Cold coffee,Chai & coffee,1,90
53405,Filter coffee,Chai & coffee,1,40
53406,Idli,Breakfast,1,50
53406,Upma,Breakfast,3,60
53407,Upma,Breakfast,1,60
53407,Masala dosa,Breakfast,3,90
53407,Sandwich,Snacks,1,70
53408,Idli,Breakfast,2,50
53408,Masala dosa,Breakfast,3,90
53409,Orange juice,Juice,1,70
53409,Masala dosa,Breakfast,2,90
53410,Masala dosa,Breakfast,2,90
53410,Masala chai,Chai & coffee,1,30
53410,Poha,Breakfast,2,60
53411,Jalebi,Sweets,1,40
53411,Cold coffee,Chai & coffee,2,90
53412,Filter coffee,Chai & coffee,1,40
53413,Vada pav,Snacks,1,30
53414,Orange juice,Juice,3,70
53415,Upma,Breakfast,1,60
53415,Jalebi,Sweets,1,40
53416,Pesarattu,Breakfast,1,80
53417,Pesarattu,Breakfast,1,80
53418,Pesarattu,Breakfast,1,80
53419,Masala chai,Chai & coffee,1,30
53419,Pesarattu,Breakfast,3,80
53420,Orange juice,Juice,2,70
53420,Pesarattu,Breakfast,2,80
53421,Masala chai,Chai & coffee,2,30
53421,Filter coffee,Chai & coffee,2,40
53422,Poha,Breakfast,1,60
53422,Pesarattu,Breakfast,2,80
53422,Upma,Breakfast,1,60
53423,Filter coffee,Chai & coffee,1,40
53424,Vada pav,Snacks,1,30
53424,Misal pav,Breakfast,2,90
53424,Upma,Breakfast,1,60
53425,Idli,Breakfast,1,50
53425,Poha,Breakfast,2,60
53425,Jalebi,Sweets,2,40
53426,Idli,Breakfast,1,50
53426,Jalebi,Sweets,1,40
53427,Sandwich,Snacks,1,70
53427,Jalebi,Sweets,1,40
53427,Idli,Breakfast,2,50
53428,Cold coffee,Chai & coffee,2,90
53428,Misal pav,Breakfast,1,90
53429,Cold coffee,Chai & coffee,1,90
53429,Idli,Breakfast,3,50
53430,Pesarattu,Breakfast,1,80
53431,Cold coffee,Chai & coffee,2,90
53432,Pesarattu,Breakfast,2,80
53432,Poha,Breakfast,1,60
53432,Misal pav,Breakfast,1,90
53433,Poha,Breakfast,1,60
53434,Masala chai,Chai & coffee,1,30
53435,Sandwich,Snacks,3,70
53436,Pesarattu,Breakfast,2,80
53436,Vada pav,Snacks,3,30
53437,Cold coffee,Chai & coffee,1,90
53438,Poha,Breakfast,1,60
53438,Masala chai,Chai & coffee,2,30
53438,Orange juice,Juice,1,70
53438,Filter coffee,Chai & coffee,2,40
53439,Upma,Breakfast,1,60
53439,Misal pav,Breakfast,1,90
53439,Idli,Breakfast,1,50
53440,Poha,Breakfast,1,60
53440,Jalebi,Sweets,1,40
53440,Masala chai,Chai & coffee,1,30
53441,Pesarattu,Breakfast,1,80
53441,Idli,Breakfast,1,50
53441,Vada pav,Snacks,1,30
53442,Misal pav,Breakfast,1,90
53442,Poha,Breakfast,1,60
53442,Upma,Breakfast,1,60
53443,Orange juice,Juice,1,70
53443,Misal pav,Breakfast,1,90
53443,Masala chai,Chai & coffee,2,30
53444,Misal pav,Breakfast,1,90
53444,Sandwich,Snacks,1,70
53444,Orange juice,Juice,1,70
53445,Filter coffee,Chai & coffee,1,40
53445,Misal pav,Breakfast,1,90
53445,Poha,Breakfast,1,60
53446,Masala dosa,Breakfast,1,90
53446,Cold coffee,Chai & coffee,2,90
53447,Idli,Breakfast,1,50
53447,Pesarattu,Breakfast,1,80
53447,Masala dosa,Breakfast,2,90
53447,Misal pav,Breakfast,3,90
53448,Sandwich,Snacks,1,70
53448,Jalebi,Sweets,2,40
53449,Masala dosa,Breakfast,1,90
53449,Misal pav,Breakfast,1,90
53450,Poha,Breakfast,1,60
53450,Sandwich,Snacks,2,70
53451,Sandwich,Snacks,2,70
53452,Misal pav,Breakfast,2,90
53452,Filter coffee,Chai & coffee,1,40
53452,Cold coffee,Chai & coffee,1,90
53452,Masala dosa,Breakfast,1,90
53453,Filter coffee,Chai & coffee,1,40
53453,Masala dosa,Breakfast,2,90
53453,Pesarattu,Breakfast,3,80
53454,Sandwich,Snacks,1,70
53454,Upma,Breakfast,3,60
53455,Idli,Breakfast,1,50
53455,Orange juice,Juice,1,70
53456,Masala dosa,Breakfast,2,90
53457,Masala chai,Chai & coffee,1,30
53458,Vada pav,Snacks,2,30
53459,Filter coffee,Chai & coffee,1,40
53459,Poha,Breakfast,1,60
53460,Idli,Breakfast,2,50
